global_step,loss,ortho_loss,total_loss,lambda_weight,vram_allocated_bytes,vram_peak_bytes,time_sec,gradient_magnitude
0,4.356106758117676,0.18118491768836975,4.356106758117676,0.0,22957568,55993344,0.1514466879889369,1.438757236433925
1,4.129909515380859,0.18642033636569977,4.129946708679199,0.0002,22957568,57587712,0.021055981051176786,1.1565999635571438
2,3.937483072280884,0.1912471055984497,3.9375596046447754,0.0004,22957568,57587712,0.01961215300252661,1.0334827768086658
3,3.8160314559936523,0.2045692801475525,3.8161542415618896,0.0006000000000000001,22957568,57587712,0.019664010033011436,0.9174691681863817
4,3.7174887657165527,0.22250714898109436,3.7176668643951416,0.0008,22957568,57587712,0.01947140000993386,0.8633891054049389
5,3.6500439643859863,0.24613885581493378,3.650290012359619,0.001,22957568,57587712,0.01926246000220999,0.7836209931579444
6,3.5801658630371094,0.2647618055343628,3.5804836750030518,0.0012000000000000001,22957568,57587712,0.019319155951961875,0.7498429251711706
7,3.509535074234009,0.28647544980049133,3.5099360942840576,0.0014000000000000002,22957568,57587712,0.019531783007550985,0.7417404692384607
8,3.562753915786743,0.3009675145149231,3.5632355213165283,0.0016,22957568,57587712,0.01949336100369692,0.5750854448577598
9,3.4805679321289062,0.31787192821502686,3.48114013671875,0.0018,22957568,57587712,0.01990799600025639,0.5965918096320664
10,3.5520827770233154,0.33166080713272095,3.552746057510376,0.002,22957568,57587712,0.019926390959881246,0.5270768188721109
11,3.4017553329467773,0.346676766872406,3.4025180339813232,0.0022,22957568,57587712,0.019172322005033493,0.5617376298618261
12,3.41190505027771,0.3553064465522766,3.4127578735351562,0.0024000000000000002,22957568,57587712,0.019536963023710996,0.4707140515212958
13,3.326988697052002,0.3643488883972168,3.3279359340667725,0.0026,22957568,57587712,0.01954129000660032,0.5129772777795554
14,3.3247387409210205,0.3702402114868164,3.325775384902954,0.0028000000000000004,22957568,57587712,0.019576427002903074,0.43254097787578005
15,3.3163633346557617,0.377241313457489,3.317495107650757,0.003,22957568,57587712,0.01947619899874553,0.45409523051525147
16,3.3602113723754883,0.38045650720596313,3.361428737640381,0.0032,22957568,57587712,0.019141454016789794,0.35189738610033083
17,3.3599793910980225,0.379861444234848,3.3612709045410156,0.0034000000000000002,22957568,57587712,0.019421897013671696,0.3361571474769135
18,3.3253798484802246,0.376552939414978,3.326735496520996,0.0036,22957568,57587712,0.019188230973668396,0.32862832314611873
19,3.332634449005127,0.3740065395832062,3.3340556621551514,0.0038,22957568,57587712,0.019632139999885112,0.27452192659304475
20,3.313560724258423,0.3698466122150421,3.315040111541748,0.004,22957568,57587712,0.01944640401052311,0.2746466372463957
21,3.259317398071289,0.36097222566604614,3.260833501815796,0.004200000000000001,22957568,57587712,0.019125644001178443,0.3136217165222309
22,3.3019957542419434,0.3545033931732178,3.303555488586426,0.0044,22957568,57587712,0.019198450027033687,0.30138218999226796
23,3.2229819297790527,0.3518218994140625,3.224600315093994,0.0046,22957568,57587712,0.01987359201302752,0.29691410470935836
24,3.209695816040039,0.3423064053058624,3.211338996887207,0.0048000000000000004,22957568,57587712,0.019304847985040396,0.28037362383145054
25,3.2259984016418457,0.32522475719451904,3.2276244163513184,0.005000000000000001,22957568,57587712,0.019871226977556944,0.2774098017913355
26,3.2355685234069824,0.3186924159526825,3.2372257709503174,0.0052,22957568,57587712,0.0190425890032202,0.2557386808248175
27,3.321507692337036,0.30412235856056213,3.3231499195098877,0.0054,22957568,57587712,0.019150188949424773,0.3050678612194059
28,3.141244888305664,0.2884441614151001,3.142860174179077,0.005600000000000001,22957568,57587712,0.019249976030550897,0.2647336322534237
29,3.2397971153259277,0.27671200037002563,3.2414021492004395,0.0058000000000000005,22957568,57587712,0.02023963601095602,0.28656839665550604
30,3.168872594833374,0.2608960270881653,3.170438051223755,0.006,22957568,57587712,0.020455589052289724,0.3020487215673694
31,3.1379730701446533,0.25207000970840454,3.139535903930664,0.006200000000000001,22957568,57587712,0.02000878402031958,0.28766346085409394
32,3.1970221996307373,0.23277461528778076,3.198511838912964,0.0064,22957568,57587712,0.019524599018041044,0.274622545496496
33,3.157081127166748,0.22295062243938446,3.158552646636963,0.006600000000000001,22957568,57587712,0.019390679022762924,0.33578268929149924
34,3.174978256225586,0.20743586122989655,3.176388740539551,0.0068000000000000005,22957568,57587712,0.019396819989196956,0.28619812837385633
35,3.124633312225342,0.19760604202747345,3.126016616821289,0.007000000000000001,22957568,57587712,0.019426826969720423,0.2919296041378534
36,3.0625722408294678,0.19088003039360046,3.063946485519409,0.0072,22957568,57587712,0.019192118023056537,0.3401049272298981
37,3.047382354736328,0.18588382005691528,3.048757791519165,0.0074,22957568,57587712,0.019133799010887742,0.3298730339633583
38,3.066324472427368,0.1801062822341919,3.0676932334899902,0.0076,22957568,57587712,0.019282396999187768,0.30435081073167974
39,3.0849990844726562,0.1820598989725113,3.086419105529785,0.0078000000000000005,22957568,57587712,0.0190086750080809,0.2588053470912663
40,3.056698799133301,0.18591326475143433,3.0581860542297363,0.008,22957568,57587712,0.02015220298198983,0.3215105131339318
41,3.0620169639587402,0.1837984323501587,3.063524007797241,0.0082,22957568,57587712,0.019285202026367188,0.3043068314860695
42,2.979336977005005,0.18533535301685333,2.980893850326538,0.008400000000000001,22957568,57587712,0.019273540005087852,0.32733272439158934
43,3.0469157695770264,0.1825234740972519,3.048485517501831,0.0086,22957568,57587712,0.019838255015201867,0.2869895122240844
44,2.9404566287994385,0.17952024936676025,2.9420363903045654,0.0088,22957568,57587712,0.019639554957393557,0.38376179752185474
45,2.986107110977173,0.18440145254135132,2.987766742706299,0.009,22957568,57587712,0.019639534992165864,0.29555045615216957
46,2.8972110748291016,0.1854712814092636,2.8989174365997314,0.0092,22957568,57587712,0.019350985006894916,0.30473314914586713
47,2.924893617630005,0.18112173676490784,2.926596164703369,0.0094,22957568,57587712,0.0193698100047186,0.28159534489839205
48,2.942258834838867,0.1903132200241089,2.9440858364105225,0.009600000000000001,22957568,57587712,0.01933630701387301,0.30152831553498377
49,2.9497134685516357,0.1844266951084137,2.9515209197998047,0.009800000000000001,22957568,57587712,0.01908281398937106,0.28513348631701024
50,3.0011613368988037,0.18171943724155426,3.002978563308716,0.010000000000000002,22957568,57587712,0.01958681602263823,0.33189222164790194
51,2.876978874206543,0.17812910676002502,2.878795862197876,0.0102,22957568,57587712,0.01887618802720681,0.37570868477133934
52,2.9341189861297607,0.17803797125816345,2.9359705448150635,0.0104,22957568,57587712,0.019416838011238724,0.274057960545228
53,2.8663716316223145,0.1783866286277771,2.868262529373169,0.0106,22957568,57587712,0.01924019801663235,0.31472576212920894
54,2.8777503967285156,0.17270630598068237,2.879615545272827,0.0108,22957568,57587712,0.01898830704158172,0.2969690971604892
55,2.9170219898223877,0.17258311808109283,2.9189205169677734,0.011000000000000001,22957568,57587712,0.02074545098003,0.2726410276124992
56,2.8613100051879883,0.16942322254180908,2.8632075786590576,0.011200000000000002,22957568,57587712,0.019361735961865634,0.3511236816055155
57,2.897001028060913,0.1697436273097992,2.8989360332489014,0.0114,22957568,57587712,0.019351235998328775,0.33835600890038936
58,2.821810245513916,0.1695573478937149,2.823777198791504,0.011600000000000001,22957568,57587712,0.019507156976033002,0.3236377986058454
59,2.8505613803863525,0.1736547201871872,2.8526105880737305,0.0118,22957568,57587712,0.01925800199387595,0.40315320345630323
60,2.7706499099731445,0.1748446226119995,2.7727479934692383,0.012,22957568,57587712,0.019483241951093078,0.3681596054295136
61,2.7220866680145264,0.17344897985458374,2.7242026329040527,0.0122,22957568,57587712,0.019312372955027968,0.26520551561762407
62,2.7553346157073975,0.17243561148643494,2.7574727535247803,0.012400000000000001,22957568,57587712,0.01932701002806425,0.46775443936770983
63,2.772991418838501,0.172520250082016,2.77516508102417,0.0126,22957568,57587712,0.019579301995690912,0.31927337264320177
64,2.716905117034912,0.17663806676864624,2.7191660404205322,0.0128,22957568,57587712,0.019135822949465364,0.2709318053658573
65,2.7140557765960693,0.1795300394296646,2.7163896560668945,0.013000000000000001,22957568,57587712,0.019189573009498417,0.5092504075051848
66,2.820382595062256,0.17539601027965546,2.822697877883911,0.013200000000000002,22957568,57587712,0.02000298403436318,0.3228561610048863
67,2.7298715114593506,0.174644336104393,2.7322118282318115,0.013400000000000002,22957568,57587712,0.019323995045851916,0.3008226922980874
68,2.759946346282959,0.17409759759902954,2.7623140811920166,0.013600000000000001,22957568,57587712,0.019565074995625764,0.36841666382280525
69,2.7177929878234863,0.16912667453289032,2.7201268672943115,0.013800000000000002,22957568,57587712,0.01928674499504268,0.42591917004753066
70,2.673090934753418,0.1685582548379898,2.6754508018493652,0.014000000000000002,22957568,57587712,0.02006184298079461,0.36405853640586594
71,2.7235982418060303,0.1752495914697647,2.7260868549346924,0.014199999999999999,22957568,57587712,0.020106506999582052,0.38523661106494406
72,2.7422385215759277,0.17504215240478516,2.7447590827941895,0.0144,22957568,57587712,0.020256448013242334,0.39326052269836154
73,2.65637469291687,0.16735883057117462,2.658818244934082,0.0146,22957568,57587712,0.020161909982562065,0.3056830417573379
74,2.6850807666778564,0.1640474498271942,2.6875085830688477,0.0148,22957568,57587712,0.020187078043818474,0.25480945350514733
75,2.647233724594116,0.1635407954454422,2.649686813354492,0.015,22957568,57587712,0.019619476981461048,0.33391555669590595
76,2.7251527309417725,0.1673939973115921,2.7276971340179443,0.0152,22957568,57587712,0.019436746020801365,0.2912757431098644
77,2.674307107925415,0.16497653722763062,2.6768476963043213,0.0154,22957568,57587712,0.01920660596806556,0.269726000528996
78,2.6619174480438232,0.1647680401802063,2.664487838745117,0.015600000000000001,22957568,57587712,0.019450011022854596,0.3008582226007289
79,2.683239221572876,0.16529545187950134,2.6858508586883545,0.0158,22957568,57587712,0.019347108027432114,0.3696141677508886
80,2.702230215072632,0.16748523712158203,2.7049100399017334,0.016,22957568,57587712,0.01932051801122725,0.30419508692764974
81,2.605421304702759,0.16787174344062805,2.6081409454345703,0.016200000000000003,22957568,57587712,0.01957224798388779,0.28670114037580896
82,2.633859157562256,0.1671532839536667,2.6366004943847656,0.0164,22957568,57587712,0.02000894397497177,0.27973621375930413
83,2.6682982444763184,0.1664535105228424,2.6710612773895264,0.0166,22957568,57587712,0.01966951001668349,0.2875171409790773
84,2.6291685104370117,0.16573406755924225,2.6319527626037598,0.016800000000000002,22957568,57587712,0.01950573397334665,0.3638395990041384
85,2.6388888359069824,0.16572481393814087,2.6417062282562256,0.017,22957568,57587712,0.019794614985585213,0.3709972269864504
86,2.687265396118164,0.16766908764839172,2.6901493072509766,0.0172,22957568,57587712,0.019494433014187962,0.30910494851577475
87,2.6109955310821533,0.16650405526161194,2.6138927936553955,0.0174,22957568,57587712,0.019483321986626834,0.3033638904631209
88,2.628347158432007,0.1656392514705658,2.6312623023986816,0.0176,22957568,57587712,0.01974581298418343,0.3468959179795765
89,2.5894086360931396,0.16530737280845642,2.592351198196411,0.0178,22957568,57587712,0.019143407000228763,0.2998258586373131
90,2.645812749862671,0.16648884117603302,2.6488094329833984,0.018,22957568,57587712,0.019596743979491293,0.3826806278157968
91,2.5979063510894775,0.16132399439811707,2.6008424758911133,0.0182,22957568,57587712,0.019545518967788666,0.35427997487445817
92,2.531726121902466,0.16054826974868774,2.534680128097534,0.0184,22957568,57587712,0.019338281999807805,0.3759417721087677
93,2.6094183921813965,0.16869041323661804,2.612555980682373,0.018600000000000002,22957568,57587712,0.019453245971817523,0.3054918834007111
94,2.6578152179718018,0.16585907340049744,2.660933256149292,0.0188,22957568,57587712,0.020619034999981523,0.30971640100163156
95,2.591433525085449,0.16254252195358276,2.5945217609405518,0.019000000000000003,22957568,57587712,0.02020118397194892,0.2602125449642594
96,2.6169393062591553,0.1640481799840927,2.620089054107666,0.019200000000000002,22957568,57587712,0.021637758996803313,0.29340976228195287
97,2.580798625946045,0.16537857055664062,2.5840070247650146,0.0194,22957568,57587712,0.019556790008209646,0.3203671063600898
98,2.6094136238098145,0.16278831660747528,2.6126043796539307,0.019600000000000003,22957568,57587712,0.019510533020365983,0.3294075596189023
99,2.570467233657837,0.16191215813159943,2.5736730098724365,0.0198,22957568,57587712,0.019092000962700695,0.31231690559791736
100,2.557880401611328,0.16162720322608948,2.561112880706787,0.020000000000000004,22957568,57587712,0.022017679002601653,0.3641325982412185
101,2.555148124694824,0.16277766227722168,2.558436155319214,0.020200000000000003,22957568,57587712,0.021022528992034495,0.32687711225235094
102,2.5995583534240723,0.15836380422115326,2.6027889251708984,0.0204,22957568,57587712,0.019705978978890926,0.3635840153523762
103,2.5812196731567383,0.16204354166984558,2.5845577716827393,0.0206,22957568,57587712,0.0196902189636603,0.39643230126782253
104,2.5096993446350098,0.1596193164587021,2.513019323348999,0.0208,22957568,57587712,0.01966129499487579,0.3438637407382365
105,2.561910390853882,0.1560690551996231,2.565187931060791,0.021,22957568,57587712,0.020477160986047238,0.3519502418023222
106,2.542555809020996,0.15329957008361816,2.5458056926727295,0.0212,22957568,57587712,0.01928282802691683,0.27045813425242193
107,2.555677890777588,0.15312916040420532,2.558954954147339,0.021400000000000002,22957568,57587712,0.019616050994955003,0.30185442813938684
108,2.5515055656433105,0.1535814106464386,2.5548229217529297,0.0216,22957568,57587712,0.019606674031820148,0.3200885381905088
109,2.5466513633728027,0.1501709520816803,2.5499250888824463,0.0218,22957568,57587712,0.019184464996214956,0.3165231191686515
110,2.4939467906951904,0.15032127499580383,2.497253894805908,0.022000000000000002,22957568,57587712,0.01941432402236387,0.27886025862128727
111,2.4691355228424072,0.14634031057357788,2.472384214401245,0.0222,22957568,57587712,0.019263060996308923,0.35792073963055737
112,2.495190382003784,0.1474227011203766,2.49849271774292,0.022400000000000003,22957568,57587712,0.019133739988319576,0.3136475547122306
113,2.4902799129486084,0.15227702260017395,2.4937214851379395,0.022600000000000002,22957568,57587712,0.019461923046037555,0.4319581609933864
114,2.568025588989258,0.14815084636211395,2.5714035034179688,0.0228,22957568,57587712,0.019185106037184596,0.33712149522688273
115,2.511591672897339,0.14957642555236816,2.5150318145751953,0.023000000000000003,22957568,57587712,0.019344692991580814,0.336884304084495
116,2.5481624603271484,0.14622239768505096,2.5515549182891846,0.023200000000000002,22957568,57587712,0.01941681798780337,0.30828839918057743
117,2.5273635387420654,0.14518260955810547,2.5307607650756836,0.023400000000000004,22957568,57587712,0.019010129035450518,0.33902529554885463
118,2.5398383140563965,0.14693602919578552,2.5433061122894287,0.0236,22957568,57587712,0.019293337012641132,0.4605351479220377
119,2.5231993198394775,0.14892202615737915,2.5267436504364014,0.0238,22957568,57587712,0.02031935501145199,0.2804831749797613
120,2.542631149291992,0.14221835136413574,2.54604434967041,0.024,22957568,57587712,0.021468072023708373,0.44282501790074374
121,2.521902084350586,0.1483936905860901,2.5254931449890137,0.0242,22957568,57587712,0.020821514015551656,0.37576653983515956
122,2.516319990158081,0.144668847322464,2.519850015640259,0.0244,22957568,57587712,0.020028551982250065,0.5941101569551489
123,2.4908385276794434,0.14498069882392883,2.4944050312042236,0.0246,22957568,57587712,0.0205026880139485,0.31476908177311325
124,2.5659899711608887,0.1438944786787033,2.569558620452881,0.024800000000000003,22957568,57587712,0.020117848995141685,0.49709444761339405
125,2.5363104343414307,0.14711615443229675,2.5399882793426514,0.025,22957568,57587712,0.01926683896454051,0.34400883427821977
126,2.513355255126953,0.14301848411560059,2.5169594287872314,0.0252,22957568,57587712,0.01996091502951458,0.34753281543725967
127,2.482426166534424,0.14702655375003815,2.4861607551574707,0.025400000000000002,22957568,57587712,0.01990629400825128,0.2663690772363995
128,2.4891302585601807,0.14260292053222656,2.492780923843384,0.0256,22957568,57587712,0.01956033700844273,0.3696278869750902
129,2.497178792953491,0.14415304362773895,2.5008978843688965,0.025800000000000003,22957568,57587712,0.019360983977094293,0.5500587905717637
130,2.5039596557617188,0.14183321595191956,2.5076472759246826,0.026000000000000002,22957568,57587712,0.019667387008666992,0.3144355964493685
131,2.5128984451293945,0.13834398984909058,2.5165231227874756,0.0262,22957568,57587712,0.019573040946852416,0.5626517010057387
132,2.54679799079895,0.1424601972103119,2.5505590438842773,0.026400000000000003,22957568,57587712,0.019753157976083457,0.3771075971719373
133,2.504960775375366,0.14398497343063354,2.5087907314300537,0.026600000000000002,22957568,57587712,0.01931943598901853,0.47027810339729176
134,2.4932587146759033,0.14378169178962708,2.4971120357513428,0.026800000000000004,22957568,57587712,0.019329304981511086,0.33717142164847863
135,2.4602181911468506,0.1417272537946701,2.4640448093414307,0.027000000000000003,22957568,57587712,0.01991270500002429,0.34798570581532734
136,2.4208412170410156,0.1419070065021515,2.424700975418091,0.027200000000000002,22957568,57587712,0.019987294974271208,0.3454628422970003
137,2.458233594894409,0.14076611399650574,2.462090492248535,0.027400000000000004,22957568,57587712,0.019166551006492227,0.3677165230972031
138,2.485558032989502,0.1412239670753479,2.4894556999206543,0.027600000000000003,22957568,57587712,0.019370772992260754,0.2619977623682569
139,2.460700750350952,0.13889220356941223,2.464561939239502,0.027800000000000005,22957568,57587712,0.01903061696793884,0.339953213533863
140,2.4787862300872803,0.1405791938304901,2.482722520828247,0.028000000000000004,22957568,57587712,0.01950289000524208,0.4521247101882202
141,2.460939645767212,0.13760331273078918,2.464820146560669,0.0282,22957568,57587712,0.02003197802696377,0.3459566256655405
142,2.4632160663604736,0.14002281427383423,2.4671926498413086,0.028399999999999998,22957568,57587712,0.019219128997065127,0.38459785920011785
143,2.4830644130706787,0.14389187097549438,2.487179756164551,0.0286,22957568,57587712,0.01936827797908336,0.3947324451831561
144,2.4682369232177734,0.13939346373081207,2.4722514152526855,0.0288,22957568,57587712,0.019304808985907584,0.4011938406593382
145,2.492136001586914,0.13884547352790833,2.4961624145507812,0.028999999999999998,22957568,57587712,0.019255507038906217,0.3448320936622421
146,2.4427976608276367,0.14066952466964722,2.4469051361083984,0.0292,22957568,57587712,0.01982832798967138,0.41806031305064706
147,2.4394924640655518,0.1382092535495758,2.4435558319091797,0.0294,22957568,57587712,0.019224108022172004,0.29947200218715175
148,2.462740182876587,0.13737070560455322,2.466806411743164,0.0296,22957568,57587712,0.01919954299228266,0.7785616113693135
149,2.516427993774414,0.1403273046016693,2.5206098556518555,0.0298,22957568,57587712,0.019393505004700273,0.47322424119574824
150,2.4510467052459717,0.14202450215816498,2.4553074836730957,0.03,22957568,57587712,0.01994885300518945,0.6686903563269151
151,2.434999704360962,0.134747713804245,2.4390690326690674,0.0302,22957568,57587712,0.01976843597367406,0.3269249514691026
152,2.46597957611084,0.13906407356262207,2.4702072143554688,0.0304,22957568,57587712,0.01895942399278283,0.5021826503038964
153,2.465564489364624,0.14409863948822021,2.4699738025665283,0.030600000000000002,22957568,57587712,0.019312824006192386,0.36342891755245044
154,2.441514015197754,0.13647522032260895,2.4457173347473145,0.0308,22957568,57587712,0.01921936997678131,0.32983076556750246
155,2.546113967895508,0.14009253680706024,2.5504567623138428,0.031,22957568,57587712,0.01974062400404364,0.7482146627882662
156,2.4865851402282715,0.13605064153671265,2.4908299446105957,0.031200000000000002,22957568,57587712,0.02072283998131752,0.31915438122034445
157,2.474724054336548,0.13884736597537994,2.479083776473999,0.031400000000000004,22957568,57587712,0.020280311990063637,0.49766761283388183
158,2.48710560798645,0.13943682610988617,2.491511821746826,0.0316,22957568,57587712,0.019562070025131106,0.6157698443306442
159,2.38923716545105,0.1370726078748703,2.3935961723327637,0.0318,22957568,57587712,0.019571447977796197,0.39196483203075316
160,2.39758038520813,0.13778544962406158,2.401989459991455,0.032,22957568,57587712,0.019374019000679255,0.5732955919096817
161,2.413498878479004,0.14072339236736298,2.418030261993408,0.0322,22957568,57587712,0.019382255035452545,0.3238566521851449
162,2.417691707611084,0.14296463131904602,2.422323703765869,0.032400000000000005,22957568,57587712,0.018912956991698593,0.593749783194039
163,2.454361915588379,0.14078634977340698,2.458951473236084,0.032600000000000004,22957568,57587712,0.01899603195488453,0.3103841386058711
164,2.456665277481079,0.1397097110748291,2.461247682571411,0.0328,22957568,57587712,0.01931195199722424,0.3788810554909472
165,2.435404062271118,0.13983097672462463,2.44001841545105,0.033,22957568,57587712,0.019761072006076574,0.3455519615830288
166,2.4693379402160645,0.13839879631996155,2.4739327430725098,0.0332,22957568,57587712,0.01971582800615579,0.3142307240987089
167,2.451756238937378,0.14024890959262848,2.4564404487609863,0.033400000000000006,22957568,57587712,0.0191584859858267,0.39100962891290986
168,2.4243810176849365,0.13418924808502197,2.428889751434326,0.033600000000000005,22957568,57587712,0.019175376975908875,0.3346554925560565
169,2.4296090602874756,0.13675720989704132,2.4342315196990967,0.033800000000000004,22957568,57587712,0.019111557980068028,0.43483255816719607
170,2.4008970260620117,0.1398409903049469,2.405651569366455,0.034,22957568,57587712,0.01922936801565811,0.45368589834983575
171,2.414579391479492,0.13408564031124115,2.4191651344299316,0.0342,22957568,57587712,0.019215662963688374,0.3386723026290045
172,2.439291477203369,0.13623559474945068,2.4439780712127686,0.0344,22957568,57587712,0.01923353597521782,0.6048255658502699
173,2.4415125846862793,0.1330702304840088,2.4461169242858887,0.0346,22957568,57587712,0.019113783026114106,0.3696103485777776
174,2.452160120010376,0.13801150023937225,2.456962823867798,0.0348,22957568,57587712,0.019323153013829142,0.6936058294070093
175,2.4431629180908203,0.13401713967323303,2.4478535652160645,0.034999999999999996,22957568,57587712,0.019092663016635925,0.5747439239886927
176,2.461308479309082,0.13576313853263855,2.4660873413085938,0.0352,22957568,57587712,0.019158625975251198,0.5804447687651473
177,2.366401433944702,0.13528220355510712,2.371190309524536,0.0354,22957568,57587712,0.019326570036355406,0.6270068037399519
178,2.4611618518829346,0.13830560445785522,2.466085433959961,0.0356,22957568,57587712,0.019494815031066537,0.33521013631137253
179,2.4205939769744873,0.13363005220890045,2.42537784576416,0.0358,22957568,57587712,0.019852343015372753,0.5759731929988292
180,2.430751323699951,0.13624383509159088,2.4356560707092285,0.036,22957568,57587712,0.019885274989064783,0.43703223106037714
181,2.4088568687438965,0.13202668726444244,2.4136362075805664,0.0362,22957568,57587712,0.01931820501340553,0.4022843090381903
182,2.3873090744018555,0.13227954506874084,2.3921239376068115,0.0364,22957568,57587712,0.019297546008601785,0.33070110130420527
183,2.410296678543091,0.13458135724067688,2.415222406387329,0.0366,22957568,57587712,0.01890302897663787,0.38089652125293266
184,2.376253843307495,0.13207387924194336,2.3811142444610596,0.0368,22957568,57587712,0.01928057399345562,0.4540171367316553
185,2.3878228664398193,0.1322913020849228,2.3927175998687744,0.037,22957568,57587712,0.01934262103168294,0.38385895501965006
186,2.3832921981811523,0.1360243558883667,2.388352394104004,0.037200000000000004,22957568,57587712,0.019805075018666685,0.46610467091371766
187,2.419093370437622,0.12846224009990692,2.4238977432250977,0.0374,22957568,57587712,0.01960794604383409,0.3120504867938096
188,2.4395787715911865,0.13192757964134216,2.4445393085479736,0.0376,22957568,57587712,0.01895916397916153,0.31767077150764217
189,2.3934476375579834,0.12979291379451752,2.3983538150787354,0.0378,22957568,57587712,0.019393686030525714,0.34653709165515545
190,2.3970463275909424,0.1273026168346405,2.401883840560913,0.038000000000000006,22957568,57587712,0.01954317494528368,0.35519758117680406
191,2.38875675201416,0.13128089904785156,2.3937716484069824,0.038200000000000005,22957568,57587712,0.019202758034225553,0.4368882347328225
192,2.3819854259490967,0.13454599678516388,2.3871519565582275,0.038400000000000004,22957568,57587712,0.019467013014946133,0.35628563099700494
193,2.430396795272827,0.13332737982273102,2.4355432987213135,0.0386,22957568,57587712,0.019137536990456283,0.39591068075527147
194,2.3717198371887207,0.1290459930896759,2.3767268657684326,0.0388,22957568,57587712,0.019306713016703725,0.5359464248796585
195,2.4721076488494873,0.13517750799655914,2.477379560470581,0.03900000000000001,22957568,57587712,0.020151080971118063,0.5021531202470033
196,2.3639934062957764,0.1320514678955078,2.3691697120666504,0.039200000000000006,22957568,57587712,0.019083496008533984,0.49769216919026804
197,2.405409097671509,0.12927643954753876,2.4105026721954346,0.039400000000000004,22957568,57587712,0.019579694024287164,0.41812823681140676
198,2.389542579650879,0.1299162060022354,2.3946871757507324,0.0396,22957568,57587712,0.019102081016171724,0.4308647532387936
199,2.393604278564453,0.13168281316757202,2.3988451957702637,0.0398,22957568,57587712,0.019267669995315373,0.3314547411475851
200,2.3772075176239014,0.12723417580127716,2.3822968006134033,0.04000000000000001,22957568,57587712,0.023605177004355937,0.3867382153954438
201,2.390556573867798,0.1284104883670807,2.395718574523926,0.04020000000000001,22957568,57587712,0.022605939011555165,0.41013730913072804
202,2.364065408706665,0.12853001058101654,2.369257926940918,0.040400000000000005,22957568,57587712,0.019857402017805725,0.3842955338824192
203,2.4222898483276367,0.12793904542922974,2.4274842739105225,0.040600000000000004,22957568,57587712,0.019913277006708086,0.494022255092311
204,2.361496925354004,0.12969936430454254,2.366788625717163,0.0408,22957568,57587712,0.01987522596027702,0.4878288506430171
205,2.4398000240325928,0.13768567144870758,2.4454450607299805,0.041,22957568,57587712,0.021155979949980974,0.425212356636715
206,2.408494234085083,0.1332358419895172,2.4139835834503174,0.0412,22957568,57587712,0.019733652006834745,0.588544308535363
207,2.392960548400879,0.1333303451538086,2.3984804153442383,0.0414,22957568,57587712,0.019288138020783663,0.38333392979639813
208,2.3922677040100098,0.12970395386219025,2.3976633548736572,0.0416,22957568,57587712,0.019517417007591575,0.3172378805164399
209,2.3732199668884277,0.1318987011909485,2.3787333965301514,0.041800000000000004,22957568,57587712,0.019694608985446393,0.41702487211407196
210,2.4323205947875977,0.1281474083662033,2.4377028942108154,0.042,22957568,57587712,0.0192183880135417,0.5698980982923417
211,2.334824800491333,0.13082343339920044,2.340345621109009,0.0422,22957568,57587712,0.019597286998759955,0.4726378863904636
212,2.381965160369873,0.12853367626667023,2.3874149322509766,0.0424,22957568,57587712,0.01950461301021278,0.6650335142272377
213,2.3940415382385254,0.12994185090065002,2.3995771408081055,0.0426,22957568,57587712,0.019798192020971328,0.37685015163400415
214,2.37615704536438,0.13657908141613007,2.382002592086792,0.042800000000000005,22957568,57587712,0.019759338989388198,0.4284189262041147
215,2.396013021469116,0.12917868793010712,2.4015676975250244,0.043000000000000003,22957568,57587712,0.019349694019183517,0.3592966736234512
216,2.3909108638763428,0.12978875637054443,2.396517753601074,0.0432,22957568,57587712,0.019444440957158804,0.42374208777568984
217,2.400075912475586,0.12940764427185059,2.4056921005249023,0.0434,22957568,57587712,0.01953709399094805,0.36373864427941516
218,2.4080095291137695,0.12960705161094666,2.4136602878570557,0.0436,22957568,57587712,0.01944689598167315,0.5347379321827977
219,2.3418850898742676,0.13089340925216675,2.3476181030273438,0.043800000000000006,22957568,57587712,0.01942739897640422,0.4578287180373696
220,2.333881378173828,0.13067959249019623,2.3396313190460205,0.044000000000000004,22957568,57587712,0.01996105699799955,0.40891715935112155
221,2.3578104972839355,0.1306205540895462,2.363584041595459,0.0442,22957568,57587712,0.01913082500686869,0.5748015308545095
222,2.3695104122161865,0.12816767394542694,2.3752009868621826,0.0444,22957568,57587712,0.01928616501390934,0.5088716521690891
223,2.3789010047912598,0.12751692533493042,2.3845882415771484,0.0446,22957568,57587712,0.019198852009139955,0.47935314933015155
224,2.3807437419891357,0.12500888109207153,2.3863441944122314,0.044800000000000006,22957568,57587712,0.019512669008690864,0.42388112508968817
225,2.3743975162506104,0.1285497397184372,2.3801822662353516,0.045000000000000005,22957568,57587712,0.019114134018309414,0.7698969539859842
226,2.371277093887329,0.13056790828704834,2.37717866897583,0.045200000000000004,22957568,57587712,0.019063880026806146,0.3954410989503274
227,2.3590452671051025,0.1283636838197708,2.364872932434082,0.0454,22957568,57587712,0.01920434198109433,0.6500403853659995
228,2.389071464538574,0.1317121684551239,2.3950774669647217,0.0456,22957568,57587712,0.01924025994958356,0.6169739962206309
229,2.366776466369629,0.12992370128631592,2.3727269172668457,0.04580000000000001,22957568,57587712,0.019296785001643002,0.5814995906292219
230,2.432258367538452,0.1322915256023407,2.4383437633514404,0.046000000000000006,22957568,57587712,0.018998878018464893,0.9211986146917763
231,2.362424612045288,0.1283656358718872,2.3683550357818604,0.046200000000000005,22957568,57587712,0.019166050013154745,0.4993074744009786
232,2.380326986312866,0.12861734628677368,2.3862948417663574,0.046400000000000004,22957568,57587712,0.01919155800715089,0.8231277019176332
233,2.352674722671509,0.13320282101631165,2.358881950378418,0.0466,22957568,57587712,0.018838198040612042,0.6054352820959336
234,2.3228962421417236,0.13024230301380157,2.328991651535034,0.04680000000000001,22957568,57587712,0.019154990033712238,0.6762220083933168
235,2.3870022296905518,0.13349896669387817,2.3932766914367676,0.047,22957568,57587712,0.020368216966744512,0.6271261611874667
236,2.4022068977355957,0.13151617348194122,2.408414363861084,0.0472,22957568,57587712,0.01952850801171735,0.5257093604917802
237,2.352158784866333,0.13295824825763702,2.3584609031677246,0.0474,22957568,57587712,0.01930301694665104,0.7264272538240655
238,2.387460470199585,0.1313304454088211,2.393711805343628,0.0476,22957568,57587712,0.019106038031168282,0.4358035324863876
239,2.3999595642089844,0.13285236060619354,2.4063098430633545,0.0478,22957568,57587712,0.01938267599325627,0.51425873557535
240,2.3847498893737793,0.13013802468776703,2.3909964561462402,0.048,22957568,57587712,0.01941603800514713,0.7091620165385462
241,2.3173675537109375,0.12884588539600372,2.323577880859375,0.0482,22957568,57587712,0.019162224023602903,0.5250907777143651
242,2.327716827392578,0.130391925573349,2.3340277671813965,0.0484,22957568,57587712,0.019494023988954723,0.43551975326434245
243,2.414834499359131,0.13121603429317474,2.4212114810943604,0.048600000000000004,22957568,57587712,0.019808451004792005,0.7599277880606006
244,2.350494146347046,0.13115283846855164,2.3568944931030273,0.0488,22957568,57587712,0.019460499985143542,0.4455997563092772
245,2.33762788772583,0.1323244273662567,2.344111680984497,0.049,22957568,57587712,0.019288370036520064,0.5117168551958312
246,2.3794379234313965,0.13089564442634583,2.385878086090088,0.0492,22957568,57587712,0.019118851982057095,0.6673725640943075
247,2.283846378326416,0.1291094720363617,2.290224313735962,0.0494,22957568,57587712,0.01925707096233964,0.37003184548799334
248,2.40120792388916,0.12473169714212418,2.4073946475982666,0.049600000000000005,22957568,57587712,0.01886984601151198,0.4129990518186164
249,2.3439762592315674,0.12943905591964722,2.3504223823547363,0.049800000000000004,22957568,57587712,0.019085239968262613,0.5960459727499022
250,2.3307669162750244,0.12584848701953888,2.337059259414673,0.05,22957568,57587712,0.020043550000991672,0.4091015316967399
251,2.3264293670654297,0.13213026523590088,2.3330624103546143,0.0502,22957568,57587712,0.019743298995308578,0.39747869768956506
252,2.307426929473877,0.12707924842834473,2.3138318061828613,0.0504,22957568,57587712,0.01976351800840348,0.4286253780100118
253,2.3346424102783203,0.12825655937194824,2.341132164001465,0.050600000000000006,22957568,57587712,0.01900317595573142,0.3593000212147061
254,2.318253517150879,0.13090762495994568,2.324903726577759,0.050800000000000005,22957568,57587712,0.019400328979827464,0.2888827592713016
255,2.371914863586426,0.12618742883205414,2.3783504962921143,0.051000000000000004,22957568,57587712,0.020050123042892665,0.5452926673698298
256,2.3153204917907715,0.12631765007972717,2.3217880725860596,0.0512,22957568,57587712,0.01919923204695806,0.49253740175186683
257,2.334801197052002,0.12347850203514099,2.3411478996276855,0.0514,22957568,57587712,0.01923173404065892,0.5882355135045593
258,2.332153797149658,0.12674671411514282,2.338693857192993,0.05160000000000001,22957568,57587712,0.019079188001342118,0.4630768786735305
259,2.3409056663513184,0.1277281939983368,2.347522020339966,0.051800000000000006,22957568,57587712,0.019404556020163,0.3657805922101808
260,2.3809027671813965,0.12719909846782684,2.387517213821411,0.052000000000000005,22957568,57587712,0.01941733103012666,0.4055648545512267
261,2.3461010456085205,0.1307230293750763,2.3529248237609863,0.0522,22957568,57587712,0.019108983979094774,0.7366188547175846
262,2.304614305496216,0.1282060742378235,2.3113322257995605,0.0524,22957568,57587712,0.019508409954141825,0.5401574135641515
263,2.3857107162475586,0.12561586499214172,2.3923180103302,0.05260000000000001,22957568,57587712,0.019315620011184365,0.6088591985079386
264,2.3024239540100098,0.12718349695205688,2.3091392517089844,0.05280000000000001,22957568,57587712,0.01948304398683831,0.6742873672866153
265,2.316419839859009,0.12797027826309204,2.32320237159729,0.053000000000000005,22957568,57587712,0.020208949979860336,0.37424138858920936
266,2.317582607269287,0.12785711884498596,2.3243846893310547,0.053200000000000004,22957568,57587712,0.01981646695639938,0.6532268310422388
267,2.3726999759674072,0.12839269638061523,2.379556179046631,0.0534,22957568,57587712,0.020629175007343292,0.42006117885018135
268,2.2870113849639893,0.12556980550289154,2.2937419414520264,0.05360000000000001,22957568,57587712,0.02032530796714127,0.39535051584660286
269,2.2894511222839355,0.12693054974079132,2.2962799072265625,0.05380000000000001,22957568,57587712,0.019632703042589128,0.4592112224166678
270,2.3968825340270996,0.1279975175857544,2.403794288635254,0.054000000000000006,22957568,57587712,0.019565918017178774,0.4679078138638625
271,2.364874839782715,0.12587857246398926,2.371697425842285,0.054200000000000005,22957568,57587712,0.019123059988487512,0.4801606623057659
272,2.328704595565796,0.12576185166835785,2.3355460166931152,0.054400000000000004,22957568,57587712,0.019527657015714794,0.44847990835441953
273,2.291719436645508,0.12815310060977936,2.2987165451049805,0.05460000000000001,22957568,57587712,0.019930940004996955,0.4543290768521898
274,2.3293848037719727,0.13055089116096497,2.3365390300750732,0.05480000000000001,22957568,57587712,0.019548785989172757,0.45696102670623356
275,2.3135921955108643,0.12798333168029785,2.320631265640259,0.05500000000000001,22957568,57587712,0.019559926993679255,0.40294117492735515
276,2.305175542831421,0.12974989414215088,2.312337636947632,0.055200000000000006,22957568,57587712,0.019136324990540743,0.39930702387799544
277,2.2996695041656494,0.12585988640785217,2.3066420555114746,0.055400000000000005,22957568,57587712,0.019151484011672437,0.39224114433492996
278,2.370377540588379,0.12522581219673157,2.377340078353882,0.05560000000000001,22957568,57587712,0.019263452966697514,0.4065798844643004
279,2.315622568130493,0.12605895102024078,2.3226566314697266,0.05580000000000001,22957568,57587712,0.02010012697428465,0.44100397668938807
280,2.3164501190185547,0.12769247591495514,2.323601007461548,0.05600000000000001,22957568,57587712,0.021438328025396913,0.4345728673269233
281,2.342862606048584,0.127085879445076,2.3500049114227295,0.05620000000000001,22957568,57587712,0.02005533198826015,0.4192672086353919
282,2.343851089477539,0.1285846084356308,2.3511033058166504,0.0564,22957568,57587712,0.01962821400957182,0.5444342783610354
283,2.3033671379089355,0.12624812126159668,2.3105127811431885,0.0566,22957568,57587712,0.019804764015134424,0.429042596142475
284,2.3199782371520996,0.12352733314037323,2.3269946575164795,0.056799999999999996,22957568,57587712,0.019456494017504156,0.3958216371941039
285,2.301772117614746,0.1238938644528389,2.3088340759277344,0.056999999999999995,22957568,57587712,0.01952846796484664,0.4132246037927711
286,2.3332455158233643,0.12604205310344696,2.3404550552368164,0.0572,22957568,57587712,0.019082373997662216,0.492039902136651
287,2.320098876953125,0.12236062437295914,2.327122449874878,0.0574,22957568,57587712,0.019260697008576244,0.43503714842792124
288,2.2595582008361816,0.12260396033525467,2.26662015914917,0.0576,22957568,57587712,0.01934042602078989,0.4144485726823675
289,2.3184306621551514,0.12527477741241455,2.325671434402466,0.0578,22957568,57587712,0.019172222004272044,0.5287915341580233
290,2.2670886516571045,0.12319780886173248,2.2742340564727783,0.057999999999999996,22957568,57587712,0.01960755599429831,0.43252850613720595
291,2.266772508621216,0.1208704486489296,2.2738072872161865,0.0582,22957568,57587712,0.019108242995571345,0.5976679420957633
292,2.307983875274658,0.1284538358449936,2.3154854774475098,0.0584,22957568,57587712,0.01914728502742946,0.4574854085418424
293,2.268221855163574,0.12082262337207794,2.2753021717071533,0.0586,22957568,57587712,0.01940520800417289,0.37620590757652084
294,2.3636581897735596,0.12246073782444,2.370858907699585,0.0588,22957568,57587712,0.022633020009379834,0.6818308377266865
295,2.2564539909362793,0.12112575769424438,2.2636003494262695,0.059,22957568,57587712,0.02106855600140989,0.3680441394163238
296,2.3255910873413086,0.1218392550945282,2.332803964614868,0.0592,22957568,57587712,0.019932181981857866,0.7238740225242806
297,2.3146755695343018,0.12251802533864975,2.321953058242798,0.0594,22957568,57587712,0.019877419981639832,0.4622619258671886
298,2.307750940322876,0.12566573917865753,2.3152406215667725,0.0596,22957568,57587712,0.019042389991227537,0.416882159503705
299,2.28427791595459,0.12378214299678802,2.291680097579956,0.0598,22957568,57587712,0.019392694986891,0.6760209196241583
300,2.2707533836364746,0.12081947177648544,2.2780025005340576,0.06,22957568,57587712,0.02171778096817434,0.48923508960877243
301,2.2474374771118164,0.12327863276004791,2.2548587322235107,0.060200000000000004,22957568,57587712,0.021183172008022666,0.45395587971688794
302,2.2572925090789795,0.121234230697155,2.264615058898926,0.0604,22957568,57587712,0.020480607985518873,0.6433765218878784
303,2.30295991897583,0.12107853591442108,2.3102972507476807,0.0606,22957568,57587712,0.019771824008785188,0.4280683577362213
304,2.2746732234954834,0.11798198521137238,2.281846523284912,0.0608,22957568,57587712,0.019889432995114475,0.3935924819525429
305,2.305511474609375,0.12238145619630814,2.312976837158203,0.061,22957568,57587712,0.019371525035239756,0.47703623389159394
306,2.3333308696746826,0.12305516004562378,2.3408617973327637,0.061200000000000004,22957568,57587712,0.019543626985978335,0.4239469790972546
307,2.2868621349334717,0.12514348328113556,2.294545888900757,0.0614,22957568,57587712,0.019607016001828015,0.4122963894858427
308,2.3196182250976562,0.12465775012969971,2.3272972106933594,0.0616,22957568,57587712,0.01930548099335283,0.45519865262311715
309,2.270848512649536,0.12015968561172485,2.2782742977142334,0.0618,22957568,57587712,0.01950870198197663,0.5107108722091579
310,2.303147315979004,0.11819005012512207,2.3104751110076904,0.062,22957568,57587712,0.019244978029746562,0.41713363666479814
311,2.3512442111968994,0.12091260403394699,2.358764886856079,0.062200000000000005,22957568,57587712,0.019533208047505468,0.5231039357037022
312,2.280829668045044,0.1196587085723877,2.2882964611053467,0.062400000000000004,22957568,57587712,0.019530201971065253,0.36583965136680974
313,2.2638916969299316,0.12062421441078186,2.2714428901672363,0.0626,22957568,57587712,0.019313907017931342,0.4564873993663267
314,2.268805980682373,0.12440855801105499,2.276618719100952,0.06280000000000001,22957568,57587712,0.019325539004057646,0.4631347043256092
315,2.223022699356079,0.12514813244342804,2.2309069633483887,0.063,22957568,57587712,0.019459720992017537,0.45468778513007757
316,2.3377437591552734,0.11969978362321854,2.345308780670166,0.0632,22957568,57587712,0.019635177974123508,0.438643306785763
317,2.3294732570648193,0.11991088092327118,2.337075710296631,0.0634,22957568,57587712,0.019599590974394232,0.5082437936433454
318,2.275507688522339,0.12204998731613159,2.2832701206207275,0.0636,22957568,57587712,0.022976032050792128,0.6462677904255176
319,2.248063325881958,0.12072660028934479,2.255765676498413,0.06380000000000001,22957568,57587712,0.022480365994852036,0.42374765756717436
320,2.2653865814208984,0.12290853261947632,2.2732527256011963,0.064,22957568,57587712,0.019825814000796527,0.43694351422598265
321,2.2579145431518555,0.11752825975418091,2.2654597759246826,0.06420000000000001,22957568,57587712,0.019380392041057348,0.5267926996057325
322,2.302739381790161,0.1223570927977562,2.3106191158294678,0.0644,22957568,57587712,0.01957063702866435,0.49932400239698616
323,2.288034439086914,0.12190809845924377,2.2959096431732178,0.0646,22957568,57587712,0.01966336095938459,0.5360870739623267
324,2.245267152786255,0.11807527393102646,2.2529184818267822,0.06480000000000001,22957568,57587712,0.020513769995886832,0.4374990992022585
325,2.27622652053833,0.11761889606714249,2.283871650695801,0.065,22957568,57587712,0.020124642993323505,0.37492437967923437
326,2.298816204071045,0.11947226524353027,2.306605815887451,0.06520000000000001,22957568,57587712,0.01979956601280719,0.42902609104762796
327,2.234191417694092,0.11721749603748322,2.2418575286865234,0.0654,22957568,57587712,0.01960445096483454,0.4110574056958194
328,2.3078455924987793,0.11865256726741791,2.315629243850708,0.0656,22957568,57587712,0.02001567999832332,0.39571070923379337
329,2.3093693256378174,0.11619962751865387,2.3170151710510254,0.06580000000000001,22957568,57587712,0.020107862015720457,0.4101578484679513
330,2.330249071121216,0.11891470849514008,2.338097333908081,0.066,22957568,57587712,0.020123180001974106,0.3832917938331467
331,2.2415099143981934,0.11721262335777283,2.249269485473633,0.06620000000000001,22957568,57587712,0.01962973701301962,0.38730582271555475
332,2.3373093605041504,0.11754707992076874,2.3451144695281982,0.0664,22957568,57587712,0.020820833975449204,0.4820903247417934
333,2.2666966915130615,0.11685927212238312,2.274479627609253,0.0666,22957568,57587712,0.019767896039411426,0.4524211632882706
334,2.3006720542907715,0.1147027388215065,2.3083341121673584,0.06680000000000001,22957568,57587712,0.019549837976228446,0.4447935376301951
335,2.2995855808258057,0.11682672053575516,2.30741286277771,0.067,22957568,57587712,0.019398186006583273,0.4126518984705436
336,2.311704158782959,0.11692027002573013,2.319561243057251,0.06720000000000001,22957568,57587712,0.019486940989736468,0.3971681318738061
337,2.244810104370117,0.11846907436847687,2.2527949810028076,0.0674,22957568,57587712,0.019636971002910286,0.4152362041675647
338,2.276961088180542,0.11773888766765594,2.2849202156066895,0.06760000000000001,22957568,57587712,0.019298759987577796,0.48498351002227014
339,2.2397525310516357,0.11613722145557404,2.247626543045044,0.06780000000000001,22957568,57587712,0.019576518971007317,0.4109724063238337
340,2.2901275157928467,0.11970990896224976,2.2982678413391113,0.068,22957568,57587712,0.019176180998329073,0.4566267807380643
341,2.276937246322632,0.11998225748538971,2.2851200103759766,0.06820000000000001,22957568,57587712,0.019631440984085202,0.6001141757785015
342,2.228645086288452,0.11729411780834198,2.236668109893799,0.0684,22957568,57587712,0.01952541299397126,0.494896933738385
343,2.2219600677490234,0.11584584414958954,2.2299070358276367,0.06860000000000001,22957568,57587712,0.019073669041972607,0.5875309008987578
344,2.248497486114502,0.11445082724094391,2.2563717365264893,0.0688,22957568,57587712,0.01967066404176876,0.42772639444579796
345,2.2733428478240967,0.11731342226266861,2.281437397003174,0.06899999999999999,22957568,57587712,0.019859978987369686,0.4676702981675735
346,2.3033530712127686,0.11690592020750046,2.3114428520202637,0.0692,22957568,57587712,0.019558144034817815,0.7029270854441896
347,2.2622523307800293,0.11583423614501953,2.270291328430176,0.0694,22957568,57587712,0.019458206952549517,0.3942472905712733
348,2.3174691200256348,0.11943811923265457,2.325782060623169,0.0696,22957568,57587712,0.02016014902619645,0.436923308372688
349,2.2480058670043945,0.11600665003061295,2.256103038787842,0.0698,22957568,57587712,0.02053134300513193,0.6158775542526576
350,2.2468438148498535,0.11562890559434891,2.2549378871917725,0.06999999999999999,22957568,57587712,0.020415847015101463,0.4679333727648097
351,2.2929396629333496,0.11842487752437592,2.301253080368042,0.0702,22957568,57587712,0.019919720012694597,0.564755273110981
352,2.263362407684326,0.115605428814888,2.271501064300537,0.0704,22957568,57587712,0.019471080973744392,0.36920348864170527
353,2.256727457046509,0.11555113643407822,2.264885425567627,0.0706,22957568,57587712,0.01923809602158144,0.46791739110799413
354,2.2609667778015137,0.11497925221920013,2.2691073417663574,0.0708,22957568,57587712,0.019515314023010433,0.5723006956613459
355,2.266446828842163,0.11744658648967743,2.2747855186462402,0.071,22957568,57587712,0.019406399980653077,0.4733433694280044
356,2.281344413757324,0.11559183895587921,2.28957462310791,0.0712,22957568,57587712,0.019575336016714573,0.4885767360547849
357,2.3350131511688232,0.11688180267810822,2.3433585166931152,0.0714,22957568,57587712,0.01954888697946444,0.6222887261710084
358,2.258786916732788,0.11683322489261627,2.2671520709991455,0.0716,22957568,57587712,0.01983576297061518,0.508297366516129
359,2.211827278137207,0.11263473331928253,2.219914436340332,0.0718,22957568,57587712,0.01958963298238814,0.5358182012862651
360,2.198023796081543,0.1136380136013031,2.2062058448791504,0.072,22957568,57587712,0.020131386001594365,0.5785078335398492
361,2.2695796489715576,0.1163584291934967,2.2779808044433594,0.0722,22957568,57587712,0.019574815989471972,0.3842154273056364
362,2.190230131149292,0.11250054091215134,2.1983752250671387,0.0724,22957568,57587712,0.019313747994601727,0.4613632139348479
363,2.2787551879882812,0.11454881727695465,2.287071466445923,0.0726,22957568,57587712,0.0192034809733741,0.5559826130290286
364,2.217580556869507,0.11396218836307526,2.225877046585083,0.0728,22957568,57587712,0.019172984000761062,0.3973123630547431
365,2.2501492500305176,0.11110953986644745,2.2582602500915527,0.073,22957568,57587712,0.019441667012870312,0.5173246790400429
366,2.206794023513794,0.11138564348220825,2.214947462081909,0.0732,22957568,57587712,0.019335436983965337,0.5086071928551291
367,2.2601308822631836,0.11463151127099991,2.268544912338257,0.0734,22957568,57587712,0.019637032004538924,0.44317674905039883
368,2.2541298866271973,0.11394472420215607,2.2625162601470947,0.0736,22957568,57587712,0.019099105964414775,0.4111891608328018
369,2.2893168926239014,0.11292020976543427,2.2976503372192383,0.0738,22957568,57587712,0.019161992997396737,0.4623298281441856
370,2.2598752975463867,0.11750772595405579,2.268570899963379,0.074,22957568,57587712,0.01927332195919007,0.4654358362122749
371,2.18685245513916,0.11394007503986359,2.1953067779541016,0.0742,22957568,57587712,0.0191668730112724,0.5418073874625732
372,2.252276659011841,0.11397519707679749,2.260756492614746,0.07440000000000001,22957568,57587712,0.01955363602610305,0.6060876364703643
373,2.1985127925872803,0.1125076487660408,2.2069058418273926,0.0746,22957568,57587712,0.019207959005143493,0.36426856841282507
374,2.211110830307007,0.11363944411277771,2.219611167907715,0.0748,22957568,57587712,0.019482833973597735,0.4689333065151039
375,2.2372939586639404,0.11325838416814804,2.245788335800171,0.07500000000000001,22957568,57587712,0.020112920959945768,0.38276483687800134
376,2.2500312328338623,0.11279340088367462,2.2585132122039795,0.0752,22957568,57587712,0.019392695045098662,0.4215634918270606
377,2.21099853515625,0.11219864338636398,2.2194583415985107,0.07540000000000001,22957568,57587712,0.019885735993739218,0.5224247769202761
378,2.2154345512390137,0.11446154117584229,2.224087953567505,0.0756,22957568,57587712,0.01977150299353525,0.36063501013742916
379,2.281641721725464,0.11208146065473557,2.290137529373169,0.0758,22957568,57587712,0.019532075966708362,0.5303986243854941
380,2.218064069747925,0.1126445084810257,2.2266249656677246,0.07600000000000001,22957568,57587712,0.02027898095548153,0.4398100912103925
381,2.2361233234405518,0.11261401325464249,2.244704484939575,0.0762,22957568,57587712,0.019629857968539,0.5682728034824761
382,2.2423489093780518,0.11567321419715881,2.2511863708496094,0.07640000000000001,22957568,57587712,0.01972296298481524,0.42261692400451906
383,2.1883249282836914,0.11320517957210541,2.1969964504241943,0.0766,22957568,57587712,0.01932231296086684,0.41583314966638785
384,2.1675379276275635,0.11359991878271103,2.176262378692627,0.07680000000000001,22957568,57587712,0.019406049977988005,0.6142554180368616
385,2.202275514602661,0.11482300609350204,2.2111167907714844,0.07700000000000001,22957568,57587712,0.01950896199559793,0.38448438021668596
386,2.2607662677764893,0.11266861855983734,2.2694642543792725,0.0772,22957568,57587712,0.019381393969524652,0.7319424740998043
387,2.168588161468506,0.11263015121221542,2.1773056983947754,0.07740000000000001,22957568,57587712,0.019598438986577094,0.4277284572418669
388,2.221254348754883,0.1133972629904747,2.2300539016723633,0.0776,22957568,57587712,0.01954015000956133,0.6470513946656601
389,2.209172487258911,0.11083963513374329,2.2177958488464355,0.07780000000000001,22957568,57587712,0.019653041032142937,0.7252429907370039
390,2.1637990474700928,0.11109878122806549,2.1724648475646973,0.07800000000000001,22957568,57587712,0.020243475039023906,0.42905166174976794
391,2.2309188842773438,0.11120645701885223,2.2396152019500732,0.0782,22957568,57587712,0.01908584201009944,0.8685054603689437
392,2.218592405319214,0.11387164145708084,2.227519989013672,0.07840000000000001,22957568,57587712,0.01945021195570007,0.5885090379396755
393,2.2462236881256104,0.11206550151109695,2.2550320625305176,0.0786,22957568,57587712,0.018937574001029134,0.6350071743845502
394,2.2040674686431885,0.11273347586393356,2.2129509449005127,0.07880000000000001,22957568,57587712,0.019401140976697206,0.7826514659320125
395,2.2209465503692627,0.11188093572854996,2.229785203933716,0.07900000000000001,22957568,57587712,0.019518339016940445,0.42709831646162005
396,2.220521926879883,0.11273472011089325,2.2294504642486572,0.0792,22957568,57587712,0.019276638980954885,0.4397591652090669
397,2.2158050537109375,0.11246281117200851,2.2247345447540283,0.07940000000000001,22957568,57587712,0.01949533703736961,0.7824596021135543
398,2.190166711807251,0.11171424388885498,2.199059247970581,0.0796,22957568,57587712,0.019054713018704206,0.5848671216352413
399,2.196983814239502,0.11221478879451752,2.2059385776519775,0.07980000000000001,22957568,57587712,0.019553426012862474,0.5410375492441315
400,2.19600510597229,0.11169108748435974,2.2049403190612793,0.08000000000000002,22957568,57587712,0.02363821998005733,0.7755632787306657
401,2.1913771629333496,0.11262544989585876,2.2004096508026123,0.08020000000000001,22957568,57587712,0.02241583599243313,0.5368513412171976
402,2.1943776607513428,0.11229235678911209,2.2034058570861816,0.08040000000000001,22957568,57587712,0.019979081000201404,0.5153152461550596
403,2.2085862159729004,0.11441805213689804,2.217808246612549,0.0806,22957568,57587712,0.02001238299999386,0.5653346670806316
404,2.17002010345459,0.11174901574850082,2.179049491882324,0.08080000000000001,22957568,57587712,0.019601956999395043,0.5595623394410222
405,2.201263666152954,0.11251217871904373,2.2103772163391113,0.08100000000000002,22957568,57587712,0.019357830984517932,0.578907874640432
406,2.1669020652770996,0.1134679913520813,2.1761157512664795,0.08120000000000001,22957568,57587712,0.019546833995264024,0.5668817509954098
407,2.2166740894317627,0.1107863038778305,2.2256920337677,0.0814,22957568,57587712,0.019395940995309502,0.4008525874420223
408,2.213290214538574,0.10950420051813126,2.2222256660461426,0.0816,22957568,57587712,0.019384208950214088,0.4892111500583329
409,2.2063796520233154,0.11166681349277496,2.2155139446258545,0.0818,22957568,57587712,0.01963388704461977,0.5725159169882816
410,2.1824259757995605,0.11172693222761154,2.1915876865386963,0.082,22957568,57587712,0.020150091964751482,0.5445921118980668
411,2.1716387271881104,0.11149649322032928,2.1808037757873535,0.0822,22957568,57587712,0.019699207972735167,0.423198910283161
412,2.137741804122925,0.11464813351631165,2.147188901901245,0.0824,22957568,57587712,0.019817709049675614,0.5557635874056251
413,2.2168991565704346,0.11336822807788849,2.2262632846832275,0.0826,22957568,57587712,0.019592659024056047,0.5101589621544517
414,2.1508774757385254,0.11080179363489151,2.1600518226623535,0.0828,22957568,57587712,0.019292487995699048,0.4672713770077022
415,2.2747344970703125,0.11203369498252869,2.2840332984924316,0.083,22957568,57587712,0.019087575958110392,0.6104451848407266
416,2.163309097290039,0.10821244865655899,2.1723122596740723,0.0832,22957568,57587712,0.019502129987813532,0.52532811633204
417,2.1627204418182373,0.10823874175548553,2.1717474460601807,0.0834,22957568,57587712,0.019205325050279498,0.46413344264191325
418,2.1659765243530273,0.10954798012971878,2.1751346588134766,0.08360000000000001,22957568,57587712,0.019260859000496566,0.5211701876675364
419,2.2099645137786865,0.10831932723522186,2.219041585922241,0.0838,22957568,57587712,0.019354583986569196,0.5812876539397259
420,2.2052390575408936,0.10911905765533447,2.214405059814453,0.084,22957568,57587712,0.01929528301116079,0.540737469531221
421,2.2028417587280273,0.11176596581935883,2.212252378463745,0.0842,22957568,57587712,0.019466864003334194,0.46057581129588226
422,2.2498440742492676,0.10982716083526611,2.2591135501861572,0.0844,22957568,57587712,0.018818611977621913,0.48570425675775913
423,2.217363119125366,0.10873088240623474,2.2265617847442627,0.08460000000000001,22957568,57587712,0.01927498501027003,0.536793552612169
424,2.214691638946533,0.10915189981460571,2.223947763442993,0.0848,22957568,57587712,0.01925760298036039,0.5362323622957722
425,2.1780192852020264,0.1132543534040451,2.18764591217041,0.085,22957568,57587712,0.019923616957385093,0.5301424943552613
426,2.219644069671631,0.11077287793159485,2.229081869125366,0.0852,22957568,57587712,0.01931004098150879,0.5322738230930512
427,2.1788859367370605,0.11444058269262314,2.188659191131592,0.0854,22957568,57587712,0.01886148302583024,0.4615667630383732
428,2.209700107574463,0.1096394807100296,2.219085216522217,0.08560000000000001,22957568,57587712,0.019526525982655585,0.5744560206768149
429,2.194406270980835,0.11120276153087616,2.2039475440979004,0.0858,22957568,57587712,0.019491550978273153,0.5244542117464978
430,2.19277024269104,0.11068104952573776,2.202288866043091,0.08600000000000001,22957568,57587712,0.019481000024825335,0.4709228497716414
431,2.2273287773132324,0.10742262005805969,2.236588716506958,0.0862,22957568,57587712,0.01998304802691564,0.4599908317696334
432,2.1977531909942627,0.10681246221065521,2.206981897354126,0.0864,22957568,57587712,0.019258995016571134,0.493646038617214
433,2.202714204788208,0.10749366879463196,2.2120232582092285,0.08660000000000001,22957568,57587712,0.019326090987306088,0.5592746339549131
434,2.18593430519104,0.10765983164310455,2.195279121398926,0.0868,22957568,57587712,0.01938032201724127,0.45894800577317985
435,2.2387535572052,0.10907261073589325,2.2482428550720215,0.08700000000000001,22957568,57587712,0.019160001014824957,0.5171234681436283
436,2.16170334815979,0.10761484503746033,2.1710872650146484,0.0872,22957568,57587712,0.01937958103371784,0.47031067291158013
437,2.1483266353607178,0.10954491794109344,2.157900810241699,0.0874,22957568,57587712,0.01935751998098567,0.4976879345772379
438,2.2004196643829346,0.10866950452327728,2.2099390029907227,0.08760000000000001,22957568,57587712,0.01896154001588002,0.506854174161887
439,2.181734800338745,0.10944052040576935,2.1913437843322754,0.0878,22957568,57587712,0.01940692198695615,0.5712386579169649
440,2.1533493995666504,0.10976254940032959,2.163008451461792,0.08800000000000001,22957568,57587712,0.02026277204276994,0.5635207101995084
441,2.229193925857544,0.10973671823740005,2.238872766494751,0.0882,22957568,57587712,0.019183053984306753,0.4919612139699056
442,2.216696262359619,0.10902819037437439,2.2263343334198,0.0884,22957568,57587712,0.019769449019804597,0.5936722752596049
443,2.188300371170044,0.11238716542720795,2.1982579231262207,0.08860000000000001,22957568,57587712,0.019381984951905906,0.6791386618609941
444,2.161830186843872,0.1060757115483284,2.1712496280670166,0.0888,22957568,57587712,0.01963668200187385,0.5659492834806292
445,2.1213972568511963,0.10560623556375504,2.130796194076538,0.08900000000000001,22957568,57587712,0.020990311983041465,0.5706213992838203
446,2.1435093879699707,0.10510571300983429,2.1528847217559814,0.0892,22957568,57587712,0.020498822967056185,0.48993946281276335
447,2.154097318649292,0.10494288057088852,2.1634793281555176,0.08940000000000001,22957568,57587712,0.020151122997049242,0.6025244856008505
448,2.244899034500122,0.10838950425386429,2.254610776901245,0.08960000000000001,22957568,57587712,0.01944207795895636,0.4537332442600052
449,2.1523334980010986,0.10840561985969543,2.1620683670043945,0.0898,22957568,57587712,0.02011310204397887,0.451123818348696
450,2.1229257583618164,0.11138065159320831,2.1329500675201416,0.09000000000000001,22957568,57587712,0.01990408101119101,0.5045358483543245
451,2.1691818237304688,0.1091383844614029,2.1790261268615723,0.0902,22957568,57587712,0.019788986013736576,0.6995716473110151
452,2.1705853939056396,0.1069776862859726,2.1802561283111572,0.09040000000000001,22957568,57587712,0.01985618204344064,0.4434319564306492
453,2.126845359802246,0.10698017477989197,2.136537790298462,0.09060000000000001,22957568,57587712,0.02035903203068301,0.565718705378517
454,2.152892589569092,0.10511312633752823,2.1624369621276855,0.0908,22957568,57587712,0.020225492015015334,0.5154037078474554
455,2.177431583404541,0.1028757095336914,2.186793327331543,0.09100000000000001,22957568,57587712,0.020400519017130136,0.5306917972825663
456,2.177295446395874,0.10464544594287872,2.1868391036987305,0.0912,22957568,57587712,0.020036989997606725,0.5250190648163348
457,2.1752126216888428,0.10674083232879639,2.1849687099456787,0.09140000000000001,22957568,57587712,0.019182412012014538,0.5249884013598685
458,2.144818067550659,0.10685586929321289,2.1546061038970947,0.09160000000000001,22957568,57587712,0.019402845005970448,0.5989387696646512
459,2.1431469917297363,0.1069687157869339,2.1529667377471924,0.0918,22957568,57587712,0.019500977999996394,0.5241215615414421
460,2.218669891357422,0.10621417313814163,2.2284414768218994,0.09200000000000001,22957568,57587712,0.019483945972751826,0.6554230171877822
461,2.246861457824707,0.10516653954982758,2.2565577030181885,0.0922,22957568,57587712,0.019826976989861578,0.554531057422827
462,2.1720166206359863,0.10625559091567993,2.1818346977233887,0.09240000000000001,22957568,57587712,0.019982277997769415,0.6181427621236623
463,2.0799214839935303,0.10666727274656296,2.089798927307129,0.09260000000000002,22957568,57587712,0.019497442001011223,0.4512403960924713
464,2.1668589115142822,0.10653484612703323,2.1767454147338867,0.09280000000000001,22957568,57587712,0.01980245200684294,0.6966917063017761
465,2.1066665649414062,0.10566931962966919,2.1164937019348145,0.09300000000000001,22957568,57587712,0.019610391987953335,0.46829197011727514
466,2.200254201889038,0.105430006980896,2.21008038520813,0.0932,22957568,57587712,0.019885346991941333,0.5543316087539757
467,2.1376779079437256,0.1058255210518837,2.147562026977539,0.09340000000000001,22957568,57587712,0.020494905998930335,0.7313733100814946
468,2.1792688369750977,0.10605699568986893,2.1891958713531494,0.09360000000000002,22957568,57587712,0.019183434022124857,0.5202438282404459
469,2.1926214694976807,0.10672256350517273,2.202631950378418,0.0938,22957568,57587712,0.01962379802716896,0.8268818714627925
470,2.143787384033203,0.10459406673908234,2.1536192893981934,0.094,22957568,57587712,0.020210222981404513,0.4770871034532728
471,2.1358447074890137,0.10714694857597351,2.145937919616699,0.0942,22957568,57587712,0.019219583016820252,0.6109316267150505
472,2.205244779586792,0.10628320276737213,2.215277910232544,0.0944,22957568,57587712,0.01974521402735263,0.7080558564424546
473,2.159024477005005,0.1047552227973938,2.1689343452453613,0.0946,22957568,57587712,0.019497361034154892,0.48212157922907684
474,2.1925721168518066,0.1054391860961914,2.2025678157806396,0.0948,22957568,57587712,0.01963742298539728,0.672525259669597
475,2.1523642539978027,0.10649658739566803,2.1624815464019775,0.095,22957568,57587712,0.020671484991908073,0.6005035755152343
476,2.1106114387512207,0.10501205176115036,2.1206085681915283,0.0952,22957568,57587712,0.01971029897686094,0.49367854773399644
477,2.1471149921417236,0.10466547310352325,2.157099962234497,0.0954,22957568,57587712,0.02031886699842289,0.5455048878383714
478,2.1571238040924072,0.1073206216096878,2.1673836708068848,0.0956,22957568,57587712,0.02005816897144541,0.5300999495120278
479,2.1257452964782715,0.10620923340320587,2.1359200477600098,0.0958,22957568,57587712,0.01949392503593117,0.4890474741508521
480,2.1697824001312256,0.10834848135709763,2.1801838874816895,0.096,22957568,57587712,0.019725948048289865,0.722617031254296
481,2.1103432178497314,0.10832194983959198,2.1207637786865234,0.09620000000000001,22957568,57587712,0.019755524001084268,0.5283826313956658
482,2.172773838043213,0.1076846495270729,2.183154582977295,0.0964,22957568,57587712,0.01965756097342819,0.5280676357416096
483,2.1370720863342285,0.10656203329563141,2.1473660469055176,0.0966,22957568,57587712,0.019347832014318556,0.5732245651082861
484,2.1159470081329346,0.10485222190618515,2.126096725463867,0.0968,22957568,57587712,0.01948790403548628,0.533117947877278
485,2.1703720092773438,0.10798077285289764,2.1808462142944336,0.097,22957568,57587712,0.020087493991013616,0.7803492420952329
486,2.2092208862304688,0.10553303360939026,2.2194786071777344,0.09720000000000001,22957568,57587712,0.019552183977793902,0.6399390221366273
487,2.1089835166931152,0.10372099280357361,2.1190860271453857,0.0974,22957568,57587712,0.019464199023786932,0.5233870816995952
488,2.177558422088623,0.10404954850673676,2.187713623046875,0.0976,22957568,57587712,0.01913622597930953,0.8138979178322033
489,2.1538918018341064,0.105470210313797,2.1642067432403564,0.0978,22957568,57587712,0.019475070002954453,0.524007974201223
490,2.140068292617798,0.10424838960170746,2.1502845287323,0.098,22957568,57587712,0.01939157402375713,0.7647104461157013
491,2.149049758911133,0.10326462984085083,2.1591904163360596,0.09820000000000001,22957568,57587712,0.019675293006002903,0.5295333346836597
492,2.1379008293151855,0.10332976281642914,2.148068428039551,0.0984,22957568,57587712,0.01933177199680358,0.5240302067702806
493,2.122753143310547,0.10401838272809982,2.133009433746338,0.09860000000000001,22957568,57587712,0.02072708000196144,0.499109504940565
494,2.1420083045959473,0.1036912351846695,2.1522529125213623,0.0988,22957568,57587712,0.021297275030519813,0.46645591447106927
495,2.1322994232177734,0.10455631464719772,2.142650604248047,0.099,22957568,57587712,0.019945699023082852,0.5243373350015309
496,2.1566712856292725,0.10444474220275879,2.167032241821289,0.09920000000000001,22957568,57587712,0.019759440969210118,0.4968144881142311
497,2.1413915157318115,0.10191349685192108,2.151521682739258,0.0994,22957568,57587712,0.019522398011758924,0.7650718090965818
498,2.1513473987579346,0.10399635136127472,2.161705493927002,0.09960000000000001,22957568,57587712,0.019218791043385863,0.5892575079798504
499,2.1275901794433594,0.10364502668380737,2.1379339694976807,0.0998,22957568,57587712,0.019587399961892515,0.6077595517197737
500,2.1130104064941406,0.10380274802446365,2.1233906745910645,0.1,22957568,57587712,0.025533362990245223,0.41278198109595715
501,2.1689956188201904,0.10258324444293976,2.1792540550231934,0.1,22957568,57587712,0.023002041969448328,0.5957938029013129
502,2.201657772064209,0.10300014913082123,2.2119576930999756,0.1,22957568,57587712,0.020073527994100004,0.6440338151637278
503,2.173405885696411,0.10292096436023712,2.1836979389190674,0.1,22957568,57587712,0.01954828598536551,0.4218796740320324
504,2.1309759616851807,0.1013626754283905,2.1411123275756836,0.1,22957568,57587712,0.019592538999859244,0.5800390245905777
505,2.120004415512085,0.10450243949890137,2.1304545402526855,0.1,22957568,57587712,0.020308808016125113,0.53717519465213
506,2.1262612342834473,0.1009325236082077,2.136354446411133,0.1,22957568,57587712,0.019069091998972,0.5048213812584431
507,2.111353635787964,0.1037396490573883,2.121727705001831,0.1,22957568,57587712,0.0197041179635562,0.507031128461098
508,2.1361513137817383,0.10554059594869614,2.146705389022827,0.1,22957568,57587712,0.019695892988238484,0.7090437753185583
509,2.0882925987243652,0.10308198630809784,2.0986008644104004,0.1,22957568,57587712,0.01969706400996074,0.522024080865008
510,2.1779816150665283,0.10183760523796082,2.1881654262542725,0.1,22957568,57587712,0.019646891043521464,0.597533876151226
511,2.143671989440918,0.10053296387195587,2.1537253856658936,0.1,22957568,57587712,0.019478846981655806,0.5588029175208818
512,2.098466396331787,0.10059091448783875,2.108525514602661,0.1,22957568,57587712,0.020142849010881037,0.5019142384533595
513,2.0959877967834473,0.10093439370393753,2.106081247329712,0.1,22957568,57587712,0.019097945012617856,0.5971270995949428
514,2.1650187969207764,0.10292021930217743,2.1753108501434326,0.1,22957568,57587712,0.019917306024581194,0.5896993804477508
515,2.087986707687378,0.09998184442520142,2.097984790802002,0.1,22957568,57587712,0.01948557997820899,0.62070277076957
516,2.1497061252593994,0.1022602841258049,2.1599321365356445,0.1,22957568,57587712,0.023689427005592734,0.5268665549626399
517,2.1885383129119873,0.10020189732313156,2.1985585689544678,0.1,22957568,57587712,0.02121175598585978,0.4743394256784925
518,2.133683919906616,0.09982571005821228,2.1436665058135986,0.1,22957568,57587712,0.020090049016289413,0.523549990345104
519,2.14725661277771,0.09957566857337952,2.1572141647338867,0.1,22957568,57587712,0.0194833759451285,0.5935699440380104
520,2.1310348510742188,0.1011057049036026,2.1411454677581787,0.1,22957568,57587712,0.020068208978045732,0.7275745031536185
521,2.113964796066284,0.09968413412570953,2.1239333152770996,0.1,22957568,57587712,0.01957882405258715,0.5080570475532799
522,2.1246531009674072,0.1021522656083107,2.1348683834075928,0.1,22957568,57587712,0.019757757952902466,0.7185179989289809
523,2.10494065284729,0.10107262432575226,2.1150479316711426,0.1,22957568,57587712,0.019383970007766038,0.48645046974806183
524,2.102677822113037,0.10262464731931686,2.1129403114318848,0.1,22957568,57587712,0.019549819000530988,0.5933276514551776
525,2.1628246307373047,0.10182865709066391,2.1730074882507324,0.1,22957568,57587712,0.019697536015883088,0.5585132928754646
526,2.089063882827759,0.09959466010332108,2.0990233421325684,0.1,22957568,57587712,0.019974583003204316,0.5770015968310265
527,2.0929722785949707,0.10045954585075378,2.103018283843994,0.1,22957568,57587712,0.01973814202938229,0.46728957044123787
528,2.0839362144470215,0.10059478133916855,2.0939958095550537,0.1,22957568,57587712,0.01925510901492089,0.5507095455288024
529,2.1135103702545166,0.1002139300107956,2.1235318183898926,0.1,22957568,57587712,0.019461825024336576,0.575214104846848
530,2.142709732055664,0.0999796986579895,2.152707815170288,0.1,22957568,57587712,0.019419706019107252,0.5389612455664214
531,2.086268663406372,0.09987042844295502,2.0962557792663574,0.1,22957568,57587712,0.019216546963434666,0.6040973609010079
532,2.098336935043335,0.09936102479696274,2.1082730293273926,0.1,22957568,57587712,0.019521887006703764,0.5876068537935851
533,2.0764312744140625,0.09946222603321075,2.0863773822784424,0.1,22957568,57587712,0.01947839598869905,0.5232295013381587
534,2.122502326965332,0.09790552407503128,2.1322929859161377,0.1,22957568,57587712,0.019687437044922262,0.497815689706406
535,2.0786900520324707,0.09736153483390808,2.088426113128662,0.1,22957568,57587712,0.020161102002020925,0.5440856259344372
536,2.067983627319336,0.0983840823173523,2.077821969985962,0.1,22957568,57587712,0.019248666998464614,0.5198811184487593
537,2.1112987995147705,0.09839725494384766,2.121138572692871,0.1,22957568,57587712,0.019443119992502034,0.49117272361504033
538,2.153398036956787,0.09787267446517944,2.1631853580474854,0.1,22957568,57587712,0.01909891696413979,0.6050317614958254
539,2.1388628482818604,0.10122741758823395,2.1489856243133545,0.1,22957568,57587712,0.019360586011316627,0.6256105118902513
540,2.156453847885132,0.09872162342071533,2.1663260459899902,0.1,22957568,57587712,0.019316593010444194,0.5485153254816649
541,2.0924408435821533,0.09794731438159943,2.1022355556488037,0.1,22957568,57587712,0.019091812951955944,0.7026566488688148
542,2.065199375152588,0.09771962463855743,2.0749714374542236,0.1,22957568,57587712,0.01951846102019772,0.5692804514950736
543,2.072767972946167,0.09881164133548737,2.0826492309570312,0.1,22957568,57587712,0.019041369028855115,0.6139138190910672
544,2.1627426147460938,0.09902721643447876,2.172645330429077,0.1,22957568,57587712,0.019623196974862367,0.5568325862386241
545,2.083494186401367,0.10123803466558456,2.0936179161071777,0.1,22957568,57587712,0.01963508897460997,0.6412195830466471
546,2.059727430343628,0.09996843338012695,2.0697243213653564,0.1,22957568,57587712,0.019123473030049354,0.5935690247085612
547,2.1167633533477783,0.09860648214817047,2.12662410736084,0.1,22957568,57587712,0.01972534798551351,0.52347822763293
548,2.102881908416748,0.10006876289844513,2.112888813018799,0.1,22957568,57587712,0.018960008048452437,0.618953798452815
549,2.113015651702881,0.09748576581478119,2.1227641105651855,0.1,22957568,57587712,0.019565608992706984,0.538520338900404
550,2.071478843688965,0.09874039888381958,2.081352949142456,0.1,22957568,57587712,0.020295683993026614,0.5111004473801128
551,2.099947214126587,0.09863069653511047,2.1098103523254395,0.1,22957568,57587712,0.019456675043329597,0.7048799989594421
552,2.089888572692871,0.09868989884853363,2.099757671356201,0.1,22957568,57587712,0.019384590967092663,0.5836967872603769
553,2.146958112716675,0.09879443049430847,2.1568374633789062,0.1,22957568,57587712,0.019274975988082588,0.7624600830131479
554,2.0913164615631104,0.09887415170669556,2.1012039184570312,0.1,22957568,57587712,0.019861752982251346,0.5016927886397119
555,2.1225922107696533,0.09719952940940857,2.132312059402466,0.1,22957568,57587712,0.019460774026811123,0.5661646093782254
556,2.11871075630188,0.09672259539365768,2.128382921218872,0.1,22957568,57587712,0.019922195002436638,0.6080481153485039
557,2.0561397075653076,0.09798623621463776,2.0659382343292236,0.1,22957568,57587712,0.02012522501172498,0.6508995651524851
558,2.0753490924835205,0.10064143687486649,2.0854132175445557,0.1,22957568,57587712,0.019382997998036444,0.5065825972526053
559,2.0873587131500244,0.09900374710559845,2.097259044647217,0.1,22957568,57587712,0.019564817019272596,0.556607933872609
560,2.0967936515808105,0.09982337057590485,2.106775999069214,0.1,22957568,57587712,0.01955919701140374,0.48512025052900787
561,2.0870392322540283,0.09910212457180023,2.096949338912964,0.1,22957568,57587712,0.01933730294695124,0.532201861953422
562,2.059694766998291,0.0965387374162674,2.0693485736846924,0.1,22957568,57587712,0.01941624004393816,0.5076730694017458
563,2.0980465412139893,0.0982925146818161,2.1078758239746094,0.1,22957568,57587712,0.01948208297835663,0.6361927819224331
564,2.0608608722686768,0.09625981003046036,2.0704867839813232,0.1,22957568,57587712,0.02006956096738577,0.5126159600741336
565,2.1353600025177,0.0969230979681015,2.145052194595337,0.1,22957568,57587712,0.020253685011994094,0.6026949352981034
566,2.080904722213745,0.09790783375501633,2.09069561958313,0.1,22957568,57587712,0.01952447200892493,0.48640698511511365
567,2.1206912994384766,0.09772030264139175,2.1304633617401123,0.1,22957568,57587712,0.0192755070165731,0.8165430534248043
568,2.1069798469543457,0.0964217334985733,2.116621971130371,0.1,22957568,57587712,0.019326061999890953,0.5288317537922735
569,2.123091697692871,0.09723765403032303,2.132815361022949,0.1,22957568,57587712,0.019322153995744884,0.5967673338998998
570,2.1352953910827637,0.09715226292610168,2.1450107097625732,0.1,22957568,57587712,0.019433872948866338,0.5097309409641684
571,2.0832676887512207,0.09450625628232956,2.0927183628082275,0.1,22957568,57587712,0.019365435000509024,0.5900892950993859
572,2.057011842727661,0.09692230075597763,2.066704034805298,0.1,22957568,57587712,0.019373279996216297,0.728370128791383
573,2.079352855682373,0.09393588453531265,2.0887465476989746,0.1,22957568,57587712,0.0194295349647291,0.5847174882262529
574,2.071159839630127,0.09761717915534973,2.0809216499328613,0.1,22957568,57587712,0.019454631954431534,0.8738886674676759
575,2.0842535495758057,0.09420515596866608,2.0936741828918457,0.1,22957568,57587712,0.019618097983766347,0.58911168868297
576,2.061732053756714,0.09502731263637543,2.071234703063965,0.1,22957568,57587712,0.019177825015503913,0.7232215035086036
577,2.092031717300415,0.09452541172504425,2.1014842987060547,0.1,22957568,57587712,0.01938174501992762,0.6081890407543947
578,2.0458755493164062,0.0955544263124466,2.0554308891296387,0.1,22957568,57587712,0.019745033991057426,0.6942385838986175
579,2.0612096786499023,0.0946047380566597,2.0706701278686523,0.1,22957568,57587712,0.019445794983766973,0.8043669667877539
580,2.1430881023406982,0.0945035070180893,2.152538537979126,0.1,22957568,57587712,0.020703105023130774,0.5907860428008044
581,2.0829789638519287,0.09520884603261948,2.0924997329711914,0.1,22957568,57587712,0.01937887101667002,0.8556368227298079
582,2.086824417114258,0.095986507833004,2.0964231491088867,0.1,22957568,57587712,0.019542847003322095,0.5970668078706487
583,2.145118236541748,0.09663338959217072,2.1547815799713135,0.1,22957568,57587712,0.01945397100644186,0.8250865751423229
584,2.0913069248199463,0.0974392294883728,2.101050853729248,0.1,22957568,57587712,0.019457636983133852,0.7071305430590675
585,2.0878663063049316,0.09716422110795975,2.0975828170776367,0.1,22957568,57587712,0.01981007697759196,0.6585203079829979
586,2.1069183349609375,0.09553581476211548,2.116472005844116,0.1,22957568,57587712,0.019386213971301913,0.7699907741554476
587,2.0902528762817383,0.09738467633724213,2.0999913215637207,0.1,22957568,57587712,0.01974783994955942,0.5991404853057944
588,2.127140522003174,0.09332981705665588,2.1364734172821045,0.1,22957568,57587712,0.019784548960160464,0.8157625975980012
589,2.123119354248047,0.09495716542005539,2.132615089416504,0.1,22957568,57587712,0.01927273196633905,0.651807241361314
590,2.095798969268799,0.09773547202348709,2.105572462081909,0.1,22957568,57587712,0.019500747963320464,0.6748376375944701
591,2.1406874656677246,0.09525960683822632,2.1502134799957275,0.1,22957568,57587712,0.019023926986847073,0.8328475707926807
592,2.095677137374878,0.09454170614480972,2.1051313877105713,0.1,22957568,57587712,0.019596367026679218,0.47206680288957653
593,2.139437198638916,0.09470172971487045,2.148907423019409,0.1,22957568,57587712,0.019481452007312328,0.7721731516621435
594,2.1401703357696533,0.09629639983177185,2.1498000621795654,0.1,22957568,57587712,0.019252003985457122,0.7429383943450587
595,2.065506935119629,0.0949869230389595,2.075005531311035,0.1,22957568,57587712,0.020256030024029315,0.5513813345965416
596,2.077267646789551,0.09693370759487152,2.086961030960083,0.1,22957568,57587712,0.019190428021829575,0.8435727304876107
597,2.0543599128723145,0.09520882368087769,2.063880681991577,0.1,22957568,57587712,0.019519533030688763,0.5083739040258217
598,2.0939455032348633,0.0949881449341774,2.1034443378448486,0.1,22957568,57587712,0.019493865023832768,0.6541861053035456
599,2.0557053089141846,0.09665670990943909,2.065371036529541,0.1,22957568,57587712,0.019163116987328976,0.5192004755823372
600,2.081751585006714,0.09545475244522095,2.091297149658203,0.1,22957568,57587712,0.021506989025510848,0.6033933572915472
601,2.081864356994629,0.09407484531402588,2.0912718772888184,0.1,22957568,57587712,0.021709466993343085,0.5599831405090638
602,2.049915313720703,0.09390434622764587,2.0593056678771973,0.1,22957568,57587712,0.021766333025880158,0.5306725317824241
603,2.0160133838653564,0.09425598382949829,2.0254390239715576,0.1,22957568,57587712,0.021350747032556683,0.5433502378310818
604,2.0933265686035156,0.09458695352077484,2.102785348892212,0.1,22957568,57587712,0.022933976026251912,0.5835700726335378
605,2.0654244422912598,0.09756851941347122,2.075181245803833,0.1,22957568,57587712,0.02127189899329096,0.6530177858415072
606,2.050903558731079,0.09658659994602203,2.0605621337890625,0.1,22957568,57587712,0.021385510975960642,0.5067361710049133
607,2.0388782024383545,0.09599051624536514,2.0484771728515625,0.1,22957568,57587712,0.021903029002714902,0.636423912250878
608,2.0688846111297607,0.09468615800142288,2.0783531665802,0.1,22957568,57587712,0.020843748992774636,0.6181334613194029
609,2.072136878967285,0.0940166711807251,2.081538438796997,0.1,22957568,57587712,0.02167954097967595,0.5999911188220689
610,2.0859248638153076,0.09448205679655075,2.0953731536865234,0.1,22957568,57587712,0.022178904036991298,0.6800375117138949
611,2.070147752761841,0.09297950565814972,2.0794456005096436,0.1,22957568,57587712,0.020720218017231673,0.564233573727638
612,2.083195209503174,0.09391985833644867,2.0925872325897217,0.1,22957568,57587712,0.02263468597084284,0.6195150396315938
613,2.0777838230133057,0.09128905832767487,2.0869126319885254,0.1,22957568,57587712,0.022481088992208242,0.5813671861960809
614,2.050163507461548,0.09366942197084427,2.05953049659729,0.1,22957568,57587712,0.02048715198179707,0.6786391289880658
615,2.124588966369629,0.09344950318336487,2.1339340209960938,0.1,22957568,57587712,0.0222636119578965,0.5133130080180234
616,2.106451988220215,0.09247211366891861,2.115699291229248,0.1,22957568,57587712,0.022124883020296693,0.584927131783703
617,2.0638420581817627,0.09273498505353928,2.073115587234497,0.1,22957568,57587712,0.020651920000091195,0.6051454726396024
618,2.1084020137786865,0.09325486421585083,2.117727518081665,0.1,22957568,57587712,0.022579702956136316,0.6076532103876431
619,2.0535223484039307,0.09281465411186218,2.0628037452697754,0.1,22957568,57587712,0.022401590016670525,0.5566210878721431
620,2.112872838973999,0.09436499327421188,2.122309446334839,0.1,22957568,57587712,0.02089048601919785,0.7523009331386048
621,2.03865909576416,0.09416966140270233,2.0480761528015137,0.1,22957568,57587712,0.02320984099060297,0.6069558072345631
622,2.0378918647766113,0.09433256834745407,2.0473251342773438,0.1,22957568,57587712,0.021700931014493108,0.5807224362399288
623,2.0837273597717285,0.0956244170665741,2.093289852142334,0.1,22957568,57587712,0.020716049999464303,0.5897760345458058
624,2.07490873336792,0.0973278135061264,2.084641456604004,0.1,22957568,57587712,0.022552171954885125,0.6021180360780247
625,2.0538136959075928,0.0972318947315216,2.0635368824005127,0.1,22957568,57587712,0.022144399990793318,0.5673110542032941
626,2.089705228805542,0.09515777975320816,2.0992209911346436,0.1,22957568,57587712,0.020418263040482998,0.5607685175925591
627,2.0509161949157715,0.09533639997243881,2.0604498386383057,0.1,22957568,57587712,0.02219258004333824,0.5946207474955187
628,2.0714173316955566,0.09478458017110825,2.0808959007263184,0.1,22957568,57587712,0.02397202601423487,0.5519696590375803
629,2.104846239089966,0.0944012999534607,2.114286422729492,0.1,22957568,57587712,0.02075476199388504,0.5906148964564425
630,2.0619137287139893,0.09531651437282562,2.0714454650878906,0.1,22957568,57587712,0.023439400014467537,0.5737203441713181
631,2.0210928916931152,0.09343160688877106,2.0304360389709473,0.1,22957568,57587712,0.023100207035895437,0.592293870647233
632,2.1223838329315186,0.09279686212539673,2.1316635608673096,0.1,22957568,57587712,0.020917366025969386,0.5283562663566289
633,2.0846493244171143,0.09167951345443726,2.0938172340393066,0.1,22957568,57587712,0.022116246982477605,0.6987659610608359
634,2.073338747024536,0.09630352258682251,2.0829691886901855,0.1,22957568,57587712,0.02191617398057133,0.6564499160632722
635,2.0832226276397705,0.09556007385253906,2.0927786827087402,0.1,22957568,57587712,0.02078331500524655,0.5554386661583977
636,2.0528602600097656,0.09521015733480453,2.0623812675476074,0.1,22957568,57587712,0.022207667992915958,0.5426272624723746
637,2.035533905029297,0.09476964175701141,2.045010805130005,0.1,22957568,57587712,0.022557081014383584,0.4993525270814987
638,2.081415891647339,0.09595964848995209,2.0910117626190186,0.1,22957568,57587712,0.02054833702277392,0.6308391108829979
639,2.041443347930908,0.09438596665859222,2.050881862640381,0.1,22957568,57587712,0.022750823001842946,0.5851872779074786
640,2.0557665824890137,0.09372258931398392,2.065138816833496,0.1,22957568,57587712,0.023827435972634703,0.6146786647712575
641,2.155921459197998,0.09278017282485962,2.1651995182037354,0.1,22957568,57587712,0.02065371401840821,0.6129882348106968
642,2.05521821975708,0.09255529195070267,2.064473867416382,0.1,22957568,57587712,0.022229317983146757,0.6071702741380122
643,2.0646612644195557,0.09284844249486923,2.073945999145508,0.1,22957568,57587712,0.021737419010605663,0.6551439270707112
644,2.0658769607543945,0.09341022372245789,2.0752179622650146,0.1,22957568,57587712,0.020073679042980075,0.6037100693519879
645,2.0379176139831543,0.09372606873512268,2.047290325164795,0.1,22957568,57587712,0.02388663700548932,0.8297709443957966
646,2.0565667152404785,0.0925220400094986,2.065819025039673,0.1,22957568,57587712,0.02197152702137828,0.6064856893494525
647,2.142465829849243,0.09541406482458115,2.1520073413848877,0.1,22957568,57587712,0.020711011020466685,0.9189329341202065
648,2.098768711090088,0.09412412345409393,2.1081812381744385,0.1,22957568,57587712,0.023281554982531816,0.5293946564191895
649,2.034158945083618,0.0919581726193428,2.0433547496795654,0.1,22957568,57587712,0.02168883802369237,0.7169482796665372
650,2.090733051300049,0.09171850979328156,2.099905014038086,0.1,22957568,57587712,0.02080875396495685,0.6206173331791299
651,2.06463885307312,0.09503857791423798,2.0741426944732666,0.1,22957568,57587712,0.021574906015302986,0.5444042562349741
652,2.0369720458984375,0.09162437915802002,2.0461344718933105,0.1,22957568,57587712,0.01984527299646288,0.7204109544783218
653,2.0750789642333984,0.09404048323631287,2.0844829082489014,0.1,22957568,57587712,0.019303529988974333,0.5940269793348237
654,2.0443451404571533,0.09237241744995117,2.0535824298858643,0.1,22957568,57587712,0.019200157024897635,0.744692199491159
655,2.0603103637695312,0.09293724596500397,2.0696041584014893,0.1,22957568,57587712,0.019627325993496925,0.7020739084126952
656,2.0665924549102783,0.09116064757108688,2.0757086277008057,0.1,22957568,57587712,0.019000643980689347,0.7057616665491293
657,1.9796075820922852,0.09175442159175873,1.9887830018997192,0.1,22957568,57587712,0.019504445022903383,0.6351929003204719
658,2.075693130493164,0.0920516848564148,2.0848982334136963,0.1,22957568,57587712,0.020231133967172354,0.5598446016448191
659,2.038961887359619,0.09054240584373474,2.04801607131958,0.1,22957568,57587712,0.022466983005870134,0.5875340800903974
660,2.0417866706848145,0.09193038940429688,2.0509796142578125,0.1,22957568,57587712,0.023560556990560144,0.5834883297444587
661,2.0994784832000732,0.09131554514169693,2.108610153198242,0.1,22957568,57587712,0.019748361955862492,0.6325487287142763
662,2.0302584171295166,0.09221594035625458,2.039479970932007,0.1,22957568,57587712,0.019488515972625464,0.5709226905904293
663,2.0733749866485596,0.09309696406126022,2.0826847553253174,0.1,22957568,57587712,0.0198250450193882,0.7267106754264496
664,2.0792760848999023,0.09276419878005981,2.088552474975586,0.1,22957568,57587712,0.021974281989969313,0.6393184685480401
665,2.1012918949127197,0.09269726276397705,2.1105616092681885,0.1,22957568,57587712,0.021121578000020236,0.6873083296593542
666,2.027620315551758,0.0926111564040184,2.036881446838379,0.1,22957568,57587712,0.024171419034246355,0.5697546999603158
667,2.0493621826171875,0.09493197500705719,2.0588552951812744,0.1,22957568,57587712,0.022524660045746714,0.683897709270912
668,2.004399061203003,0.09133617579936981,2.0135326385498047,0.1,22957568,57587712,0.02154440904268995,0.574116839163005
669,2.0864980220794678,0.09284165501594543,2.0957822799682617,0.1,22957568,57587712,0.021140843979083,0.7240959186797385
670,2.0230448246002197,0.09113436937332153,2.032158374786377,0.1,22957568,57587712,0.02339089900488034,0.58552442308169
671,1.997784972190857,0.091852568089962,2.006970167160034,0.1,22957568,57587712,0.02173300099093467,0.669861488461452
672,2.019557476043701,0.09191376715898514,2.0287487506866455,0.1,22957568,57587712,0.021062708052340895,0.6407825427186953
673,2.0323264598846436,0.0917346328496933,2.0414998531341553,0.1,22957568,57587712,0.022443588997703046,0.6048590041731583
674,2.015723943710327,0.09008577466011047,2.0247325897216797,0.1,22957568,57587712,0.021673800016287714,0.5332875042952703
675,2.0333547592163086,0.08985757827758789,2.0423405170440674,0.1,22957568,57587712,0.021239259047433734,0.5227403147905793
676,1.9851917028427124,0.09101718664169312,1.994293451309204,0.1,22957568,57587712,0.022242332983296365,0.5245562883351254
677,2.0910308361053467,0.0902005061507225,2.100050926208496,0.1,22957568,57587712,0.022352930041961372,0.5992187645337318
678,2.063577890396118,0.09200550615787506,2.0727784633636475,0.1,22957568,57587712,0.021735015034209937,0.6006690617580844
679,2.0443339347839355,0.09363193809986115,2.053697109222412,0.1,22957568,57587712,0.022877449984662235,0.5452482514336146
680,2.0753250122070312,0.09248661994934082,2.084573745727539,0.1,22957568,57587712,0.02473441098118201,0.775412462766477
681,2.0293309688568115,0.09141767024993896,2.0384726524353027,0.1,22957568,57587712,0.021012012963183224,0.5699441498466354
682,2.024517774581909,0.093955397605896,2.0339133739471436,0.1,22957568,57587712,0.021289140975568444,0.6534615028576808
683,1.9958171844482422,0.09161567687988281,2.004978656768799,0.1,22957568,57587712,0.02100431895814836,0.8576262672880319
684,2.0128402709960938,0.08935992419719696,2.0217761993408203,0.1,22957568,57587712,0.02141675999155268,0.6434143138345483
685,2.0197746753692627,0.09213890135288239,2.0289885997772217,0.1,22957568,57587712,0.020196218974888325,0.8051669015593202
686,2.076817274093628,0.09059411287307739,2.085876703262329,0.1,22957568,57587712,0.019822861009743065,0.6940912227266797
687,2.0769307613372803,0.09270309656858444,2.0862009525299072,0.1,22957568,57587712,0.02001682302216068,0.9271863183222104
688,2.0339102745056152,0.0925586149096489,2.043166160583496,0.1,22957568,57587712,0.019603680993895978,0.6395743719895102
689,1.9964382648468018,0.09044148027896881,2.0054824352264404,0.1,22957568,57587712,0.019248717988375574,0.6436716122313525
690,2.0861093997955322,0.09195195883512497,2.095304489135742,0.1,22957568,57587712,0.020268593973014504,0.5744063507472065
691,2.040693759918213,0.09289377927780151,2.049983024597168,0.1,22957568,57587712,0.02243207802530378,0.6686196741066027
692,2.110781192779541,0.09049120545387268,2.119830369949341,0.1,22957568,57587712,0.021203972049988806,0.6421063826275966
693,1.9765979051589966,0.09063184261322021,1.9856610298156738,0.1,22957568,57587712,0.020194454991724342,0.7026583863611228
694,1.9638413190841675,0.0880066305398941,1.972641944885254,0.1,22957568,57587712,0.019932695955503732,0.6088914582986057
695,2.100250720977783,0.08910109102725983,2.109160900115967,0.1,22957568,57587712,0.019231094978749752,0.7752359703930511
696,1.9992130994796753,0.09159192442893982,2.0083723068237305,0.1,22957568,57587712,0.02009411802282557,0.6570183112689747
697,2.0237505435943604,0.08872103691101074,2.0326225757598877,0.1,22957568,57587712,0.0204337130417116,0.6232857220365067
698,2.0101895332336426,0.09060940891504288,2.0192503929138184,0.1,22957568,57587712,0.019937876029871404,0.6092575689079741
699,1.9736968278884888,0.0895371288061142,1.9826505184173584,0.1,22957568,57587712,0.019728905986994505,0.6614181652404871
700,1.9906245470046997,0.0892212763428688,1.9995466470718384,0.1,22957568,57587712,0.02047651296015829,0.7207329595308322
701,1.9789363145828247,0.08992435783147812,1.9879287481307983,0.1,22957568,57587712,0.020134093007072806,0.6170342448990013
702,2.10206937789917,0.0904986560344696,2.111119270324707,0.1,22957568,57587712,0.021986175037454814,0.5794319344055863
703,2.0373425483703613,0.09223634004592896,2.0465662479400635,0.1,22957568,57587712,0.025198418996296823,0.7090698506255148
704,2.0562732219696045,0.09009923785924911,2.0652830600738525,0.1,22957568,57587712,0.021885466994717717,0.6843380276635083
705,2.04654860496521,0.09068255871534348,2.055616855621338,0.1,22957568,57587712,0.019844822003506124,0.5962042055388518
706,2.0627598762512207,0.08922113478183746,2.0716819763183594,0.1,22957568,57587712,0.021161553042475134,0.6789041069640003
707,2.0053367614746094,0.08952618390321732,2.014289379119873,0.1,22957568,57587712,0.02273277100175619,0.6613952266137285
708,2.0051674842834473,0.08971434086561203,2.01413893699646,0.1,22957568,57587712,0.02128064603311941,0.530796794917566
709,2.0004680156707764,0.09096423536539078,2.0095643997192383,0.1,22957568,57587712,0.024392872990574688,0.6572366289543851
710,2.0583419799804688,0.09031936526298523,2.0673739910125732,0.1,22957568,57587712,0.0203550870064646,0.7189783222687972
711,2.035539388656616,0.0904502421617508,2.0445845127105713,0.1,22957568,57587712,0.02034906396875158,0.8608970350256091
712,2.0475308895111084,0.09038699418306351,2.0565695762634277,0.1,22957568,57587712,0.02004901395412162,0.68842853032378
713,2.0853731632232666,0.08966369181871414,2.094339609146118,0.1,22957568,57587712,0.02087262400891632,0.5937755071642619
714,2.031296968460083,0.0916283130645752,2.0404598712921143,0.1,22957568,57587712,0.020342823991086334,0.8533542239918147
715,1.984334111213684,0.09105011820793152,1.9934390783309937,0.1,22957568,57587712,0.019809426041319966,0.8804482204844333
716,2.0714502334594727,0.09031282365322113,2.08048152923584,0.1,22957568,57587712,0.0194134259945713,0.6679577709237359
717,2.0266425609588623,0.09056976437568665,2.0356996059417725,0.1,22957568,57587712,0.01936997502343729,0.7723168177797443
718,2.031996726989746,0.09037734568119049,2.041034460067749,0.1,22957568,57587712,0.020130186050664634,0.7054549186014341
719,2.0506041049957275,0.0904703289270401,2.0596511363983154,0.1,22957568,57587712,0.02289557398762554,0.9032725445901844
720,1.9982253313064575,0.090689517557621,2.007294178009033,0.1,22957568,57587712,0.0230721149710007,0.6807619021900885
721,1.9593803882598877,0.08999939262866974,1.968380331993103,0.1,22957568,57587712,0.02284470002632588,0.8914124188745934
722,2.0209879875183105,0.08907810598611832,2.029895782470703,0.1,22957568,57587712,0.022750934003852308,0.7314814283624727
723,2.049593210220337,0.08991976082324982,2.0585851669311523,0.1,22957568,57587712,0.0208862490253523,0.6503679645145699
724,2.0548136234283447,0.08885084092617035,2.0636987686157227,0.1,22957568,57587712,0.02237282699206844,0.7845501168157514
725,2.063314437866211,0.08953560143709183,2.072268009185791,0.1,22957568,57587712,0.021966386993881315,0.6336793050543885
726,1.9957959651947021,0.09096098691225052,2.004892110824585,0.1,22957568,57587712,0.020900364965200424,0.5798230091863232
727,1.9716331958770752,0.0907871425151825,1.9807119369506836,0.1,22957568,57587712,0.022543466999195516,0.6017863028440693
728,2.0327768325805664,0.08973865956068039,2.04175066947937,0.1,22957568,57587712,0.020921615010593086,0.6298155644689658
729,2.0197806358337402,0.09096796065568924,2.0288774967193604,0.1,22957568,57587712,0.0208683559903875,0.6007007480355423
730,2.041670083999634,0.08828262984752655,2.0504982471466064,0.1,22957568,57587712,0.022031950007658452,0.5594311024357158
731,1.9563695192337036,0.09102243930101395,1.9654717445373535,0.1,22957568,57587712,0.020288150990381837,0.6644926615193197
732,2.031346559524536,0.0927383303642273,2.0406203269958496,0.1,22957568,57587712,0.021875306963920593,0.690636025077834
733,2.0235512256622314,0.09146768599748611,2.032697916030884,0.1,22957568,57587712,0.02382129500620067,0.6099022300131247
734,1.950096845626831,0.09197985380887985,1.9592947959899902,0.1,22957568,57587712,0.02103626896860078,0.5762832422718035
735,2.057077169418335,0.09040050208568573,2.066117286682129,0.1,22957568,57587712,0.019938638026360422,0.68182642995462
736,2.0345067977905273,0.09092936664819717,2.043599843978882,0.1,22957568,57587712,0.01955945900408551,0.6058237615319664
737,2.017289638519287,0.0900016725063324,2.026289701461792,0.1,22957568,57587712,0.020188244991004467,0.534267556792858
738,2.0269856452941895,0.09160687029361725,2.036146402359009,0.1,22957568,57587712,0.021504964970517904,0.6709978802847268
739,2.0627362728118896,0.0907672569155693,2.0718131065368652,0.1,22957568,57587712,0.019745205994695425,0.5703997002807986
740,2.028386354446411,0.09041959792375565,2.037428379058838,0.1,22957568,57587712,0.020511979004368186,0.6133899743789476
741,2.068067789077759,0.09204082190990448,2.0772719383239746,0.1,22957568,57587712,0.019077347998972982,0.6508776059016083
742,1.9889640808105469,0.09134349226951599,1.998098373413086,0.1,22957568,57587712,0.019733593973796815,0.5832637698319576
743,1.994577407836914,0.09177839756011963,2.0037553310394287,0.1,22957568,57587712,0.020535373012535274,0.6555409742620891
744,2.0414652824401855,0.09026926755905151,2.050492286682129,0.1,22957568,57587712,0.019510225974954665,0.5204459186992337
745,2.027714967727661,0.09136003255844116,2.036850929260254,0.1,22957568,57587712,0.019732863001991063,0.6046558015025766
746,2.0295944213867188,0.08907902240753174,2.0385022163391113,0.1,22957568,57587712,0.019600295985583216,0.6204164353848348
747,2.024632215499878,0.09297945350408554,2.0339300632476807,0.1,22957568,57587712,0.021515364991500974,0.6149521371607545
748,1.9421640634536743,0.09114857017993927,1.9512789249420166,0.1,22957568,57587712,0.01932962902355939,0.6575666531886126
749,2.044442892074585,0.09108788520097733,2.05355167388916,0.1,22957568,57587712,0.019063421990722418,0.5824420722873223
750,2.06679368019104,0.09169064462184906,2.075962781906128,0.1,22957568,57587712,0.019612659001722932,0.6417894767616444
751,1.9897067546844482,0.09195156395435333,1.9989019632339478,0.1,22957568,57587712,0.022445552982389927,0.6522495578284019
752,2.0063412189483643,0.09080897271633148,2.0154221057891846,0.1,22957568,57587712,0.023099656973499805,0.6543725116468919
753,2.003676414489746,0.08929438143968582,2.012605905532837,0.1,22957568,57587712,0.023861059977207333,0.6638243451921431
754,1.9751173257827759,0.08988125622272491,1.9841054677963257,0.1,22957568,57587712,0.020182584004942328,0.7111752185075684
755,2.0180485248565674,0.08761415630578995,2.0268099308013916,0.1,22957568,57587712,0.02095569798257202,0.5246672420783428
756,1.9882357120513916,0.08641017973423004,1.9968767166137695,0.1,22957568,57587712,0.021599582978524268,0.7115269615099553
757,1.9784282445907593,0.0892026498913765,1.9873485565185547,0.1,22957568,57587712,0.019965548999607563,0.6874773468667261
758,1.9803028106689453,0.08688606321811676,1.988991379737854,0.1,22957568,57587712,0.019796563021373004,0.6882679995789425
759,2.0961365699768066,0.08714890480041504,2.104851484298706,0.1,22957568,57587712,0.01980054995510727,0.7830061450043914
760,2.041452407836914,0.08855026960372925,2.050307512283325,0.1,22957568,57587712,0.019267343042884022,0.8247273235675252
761,1.9733625650405884,0.08739269524812698,1.9821017980575562,0.1,22957568,57587712,0.019034838012885302,0.8777903934395561
762,2.0457513332366943,0.08888810127973557,2.054640054702759,0.1,22957568,57587712,0.019501209957525134,0.6112496270938708
763,1.9889812469482422,0.08926068991422653,1.997907280921936,0.1,22957568,57587712,0.02060090599115938,0.7994938096648263
764,2.010864734649658,0.08879357576370239,2.0197441577911377,0.1,22957568,57587712,0.021768598002381623,0.7777292634717821
765,2.0276975631713867,0.08880187571048737,2.0365777015686035,0.1,22957568,57587712,0.024179104017093778,0.6909773163782867
766,2.0039548873901367,0.08962525427341461,2.0129175186157227,0.1,22957568,57587712,0.021514213003683835,0.8433236834396769
767,2.000469923019409,0.08929868042469025,2.009399890899658,0.1,22957568,57587712,0.023114163021091372,0.7564958727792757
768,2.019815444946289,0.09013613313436508,2.0288290977478027,0.1,22957568,57587712,0.021840291970875114,0.7133113916309182
769,2.0033063888549805,0.08889170736074448,2.012195587158203,0.1,22957568,57587712,0.020574555965140462,0.8375012384377882
770,2.0274410247802734,0.08765006065368652,2.036206007003784,0.1,22957568,57587712,0.020880908996332437,0.7366169246613747
771,1.9882620573043823,0.08981439471244812,1.9972435235977173,0.1,22957568,57587712,0.01971819601021707,0.7521431669653905
772,1.9627586603164673,0.08829718828201294,1.971588373184204,0.1,22957568,57587712,0.023131365014705807,0.7492879754686436
773,1.9980987310409546,0.09008952975273132,2.007107734680176,0.1,22957568,57587712,0.024028883024584502,0.7486082275696658
774,2.0273284912109375,0.08724483847618103,2.036052942276001,0.1,22957568,57587712,0.023368538008071482,0.7768349515656736
775,1.9821563959121704,0.08826914429664612,1.9909833669662476,0.1,22957568,57587712,0.021509693993721157,0.636568450753313
776,2.0136311054229736,0.08701306581497192,2.0223324298858643,0.1,22957568,57587712,0.02130286704050377,0.5743185511294242
777,2.05535626411438,0.08909812569618225,2.0642659664154053,0.1,22957568,57587712,0.02237596397753805,0.5739647942619166
778,1.964321255683899,0.0877545177936554,1.9730967283248901,0.1,22957568,57587712,0.0203251899802126,0.5840782961507623
779,1.9711596965789795,0.08860868215560913,1.980020523071289,0.1,22957568,57587712,0.019589746021665633,0.49478300341924925
780,1.9752277135849,0.08944134414196014,1.9841718673706055,0.1,22957568,57587712,0.021134333044756204,0.6916165989996204
781,2.018956184387207,0.0876537561416626,2.027721643447876,0.1,22957568,57587712,0.019553016987629235,0.5791792125220209
782,1.9969696998596191,0.08625783026218414,2.0055954456329346,0.1,22957568,57587712,0.019588091992773116,0.5409410016500357
783,1.9599562883377075,0.08900632709264755,1.968856930732727,0.1,22957568,57587712,0.019946101994719356,0.6046306522611428
784,1.9971606731414795,0.08977780491113663,2.006138563156128,0.1,22957568,57587712,0.02044278004905209,0.6507138238390374
785,1.9702218770980835,0.0870337188243866,1.9789252281188965,0.1,22957568,57587712,0.020219091966282576,0.6063352649683583
786,1.9981175661087036,0.08781220018863678,2.006898880004883,0.1,22957568,57587712,0.01884582603815943,0.6890002201944069
787,2.005627393722534,0.08659201115369797,2.014286518096924,0.1,22957568,57587712,0.02064625103957951,0.6848063732214966
788,2.017515182495117,0.08665339648723602,2.0261805057525635,0.1,22957568,57587712,0.021107633016072214,0.6610021161448226
789,2.0008015632629395,0.08680834621191025,2.0094823837280273,0.1,22957568,57587712,0.02181656804168597,0.6261958253310345
790,2.0359878540039062,0.08606371283531189,2.0445942878723145,0.1,22957568,57587712,0.0223459669505246,0.6891271345517543
791,1.9554039239883423,0.0854073241353035,1.963944673538208,0.1,22957568,57587712,0.020491281000431627,0.5892691128731918
792,1.9845647811889648,0.08692049235105515,1.9932568073272705,0.1,22957568,57587712,0.019681356963701546,0.7189996559764575
793,1.970853567123413,0.0881834477186203,1.9796719551086426,0.1,22957568,57587712,0.019411401997786015,0.5418886811584177
794,1.9736082553863525,0.08467285335063934,1.982075572013855,0.1,22957568,57587712,0.019343103980645537,0.6405292981509692
795,1.95583176612854,0.08623358607292175,1.9644551277160645,0.1,22957568,57587712,0.021983170008752495,0.6371398890578829
796,1.9314403533935547,0.08685442060232162,1.940125823020935,0.1,22957568,57587712,0.019851354998536408,0.6011926541847875
797,1.997477650642395,0.08737032115459442,2.0062146186828613,0.1,22957568,57587712,0.019829784985631704,0.640824353009786
798,2.0055439472198486,0.08709639310836792,2.014253616333008,0.1,22957568,57587712,0.01916647399775684,0.5633236301170906
799,1.9631339311599731,0.08768793195486069,1.9719027280807495,0.1,22957568,57587712,0.019096553965937346,0.5488145631848828
800,1.9416687488555908,0.0870782732963562,1.9503766298294067,0.1,22957568,57587712,0.021770271006971598,0.6035730980615046
801,1.9689152240753174,0.08663541823625565,1.9775787591934204,0.1,22957568,57587712,0.02667484903940931,0.6455990462346327
802,1.975602626800537,0.08734989166259766,1.984337568283081,0.1,22957568,57587712,0.023799985996447504,0.6374160121833706
803,1.9844460487365723,0.08736583590507507,1.99318265914917,0.1,22957568,57587712,0.022997795953415334,0.7146131223146103
804,2.0395092964172363,0.087773397564888,2.0482866764068604,0.1,22957568,57587712,0.025900412001647055,0.6001195587688712
805,1.9829940795898438,0.08664093166589737,1.9916582107543945,0.1,22957568,57587712,0.027688453963492066,0.7857073551732652
806,1.9813169240951538,0.08808592706918716,1.9901255369186401,0.1,22957568,57587712,0.023423912993166596,0.5083187583779029
807,2.0444321632385254,0.08762787282466888,2.053194999694824,0.1,22957568,57587712,0.022678179026115686,0.7321016539772505
808,1.9973963499069214,0.08558919280767441,2.005955219268799,0.1,22957568,57587712,0.022221316001378,0.5710998938556018
809,1.9898908138275146,0.08572462946176529,1.9984632730484009,0.1,22957568,57587712,0.022041157993953675,0.7643280490036684
810,1.9705771207809448,0.08675517141819,1.9792526960372925,0.1,22957568,57587712,0.023074338969308883,0.635511861183232
811,2.0503594875335693,0.08495020866394043,2.058854579925537,0.1,22957568,57587712,0.02231826598290354,0.7402748961882819
812,1.9971861839294434,0.08730589598417282,2.0059168338775635,0.1,22957568,57587712,0.025445601961109787,0.671936540726241
813,1.958319902420044,0.08450846374034882,1.9667707681655884,0.1,22957568,57587712,0.02391746500506997,0.5866591111968854
814,1.9792826175689697,0.0871448963880539,1.987997055053711,0.1,22957568,57587712,0.02455331402597949,0.6648817029048936
815,1.970291256904602,0.08631037175655365,1.9789222478866577,0.1,22957568,57587712,0.022136145969852805,0.5872930216808061
816,2.0091795921325684,0.08790934085845947,2.017970561981201,0.1,22957568,57587712,0.022830714005976915,0.8186651986687734
817,1.9487638473510742,0.08702101558446884,1.9574660062789917,0.1,22957568,57587712,0.023964783002156764,0.7413321358057506
818,2.021641731262207,0.0878475233912468,2.030426502227783,0.1,22957568,57587712,0.02226612897356972,0.5934366402048971
819,1.9962382316589355,0.08681250363588333,2.0049195289611816,0.1,22957568,57587712,0.025857612024992704,0.8902740553541164
820,2.0064382553100586,0.08687815070152283,2.0151259899139404,0.1,22957568,57587712,0.02320198802044615,0.686329407454476
821,2.061920404434204,0.08691571652889252,2.0706119537353516,0.1,22957568,57587712,0.02351182803977281,0.8772427840699512
822,1.9707683324813843,0.08674517273902893,1.979442834854126,0.1,22957568,57587712,0.020891098014544696,0.6032423911010548
823,1.9463627338409424,0.08906906098127365,1.955269694328308,0.1,22957568,57587712,0.02327348099788651,0.7008358832825238
824,1.9562335014343262,0.08769676834344864,1.9650031328201294,0.1,22957568,57587712,0.022886728984303772,0.8534059492175441
825,1.9340265989303589,0.08511600643396378,1.9425381422042847,0.1,22957568,57587712,0.020917578018270433,0.6398997897460741
826,1.9950278997421265,0.08608950674533844,2.0036368370056152,0.1,22957568,57587712,0.02345403900835663,0.6720673641753723
827,2.038060188293457,0.08654211461544037,2.0467143058776855,0.1,22957568,57587712,0.02229892002651468,0.78397520041905
828,2.005434989929199,0.0864148959517479,2.0140764713287354,0.1,22957568,57587712,0.022485889960080385,0.709700921440115
829,1.9302434921264648,0.08534877002239227,1.9387784004211426,0.1,22957568,57587712,0.02143880201037973,0.8767088139681092
830,1.9890224933624268,0.08629006147384644,1.99765145778656,0.1,22957568,57587712,0.021879697043914348,0.6596196646854716
831,1.9796142578125,0.08632970601320267,1.988247275352478,0.1,22957568,57587712,0.02005097799701616,0.7037591667872634
832,2.0013716220855713,0.08611226826906204,2.0099828243255615,0.1,22957568,57587712,0.021435375965666026,0.6794025010740039
833,1.9267207384109497,0.08456709235906601,1.9351774454116821,0.1,22957568,57587712,0.02002138301031664,0.5835868927031596
834,1.9726440906524658,0.08556349575519562,1.9812004566192627,0.1,22957568,57587712,0.022408465039916337,0.6444448696138364
835,1.9527233839035034,0.0847058892250061,1.9611939191818237,0.1,22957568,57587712,0.0235846740542911,0.6742765764925849
836,1.9252787828445435,0.08602909743785858,1.9338816404342651,0.1,22957568,57587712,0.023055505007505417,0.6141585908197725
837,1.9763163328170776,0.08779987692832947,1.9850963354110718,0.1,22957568,57587712,0.022505606000777334,0.5847701433299114
838,1.990696907043457,0.08764594048261642,1.9994615316390991,0.1,22957568,57587712,0.021440215001348406,0.7692390748358346
839,2.0322020053863525,0.08690682798624039,2.0408926010131836,0.1,22957568,57587712,0.02188495604787022,0.8407815172971725
840,1.9514271020889282,0.08617188036441803,1.960044264793396,0.1,22957568,57587712,0.020540193014312536,0.5748214823384863
841,1.9389822483062744,0.08570684492588043,1.9475529193878174,0.1,22957568,57587712,0.023505416000261903,0.7526811774000887
842,2.0012989044189453,0.08447785675525665,2.009746789932251,0.1,22957568,57587712,0.022454209974966943,0.7425749208832474
843,1.9723836183547974,0.08552252501249313,1.98093581199646,0.1,22957568,57587712,0.021255650033708662,0.6834795411957921
844,1.9818251132965088,0.0874345451593399,1.9905685186386108,0.1,22957568,57587712,0.02185226499568671,0.7752072085977695
845,1.9451959133148193,0.08607471734285355,1.9538034200668335,0.1,22957568,57587712,0.02143536601215601,0.7434671814655348
846,1.9464682340621948,0.08694545924663544,1.955162763595581,0.1,22957568,57587712,0.020385454001370817,0.7434668211893354
847,2.034865140914917,0.08750779181718826,2.0436158180236816,0.1,22957568,57587712,0.019874427991453558,0.9057054994546868
848,1.981846809387207,0.08639129996299744,1.9904859066009521,0.1,22957568,57587712,0.020092646009288728,0.5645734226675815
849,1.956926941871643,0.08663319796323776,1.965590238571167,0.1,22957568,57587712,0.01956681301817298,0.8821970843786956
850,1.9467501640319824,0.08600510656833649,1.955350637435913,0.1,22957568,57587712,0.02062161499634385,0.6355400129010629
851,1.908958911895752,0.08748998492956161,1.917707920074463,0.1,22957568,57587712,0.019581972039304674,0.6361143724739867
852,1.9638739824295044,0.08586949855089188,1.9724609851837158,0.1,22957568,57587712,0.019941544043831527,0.5891461395992943
853,1.9586195945739746,0.0866585299372673,1.967285394668579,0.1,22957568,57587712,0.02004798298003152,0.5562184218104606
854,1.9592658281326294,0.08510333299636841,1.9677761793136597,0.1,22957568,57587712,0.0241787739796564,0.7530485981654876
855,1.990683913230896,0.08663621544837952,1.9993475675582886,0.1,22957568,57587712,0.024181840009987354,0.5934349883838779
856,1.9449323415756226,0.0872354507446289,1.9536558389663696,0.1,22957568,57587712,0.022645408054813743,0.6758586824949374
857,1.9229005575180054,0.08637773990631104,1.9315383434295654,0.1,22957568,57587712,0.02078067301772535,0.6144436208946028
858,1.9926798343658447,0.08767306804656982,2.0014472007751465,0.1,22957568,57587712,0.02271151205059141,0.5868555218067805
859,1.963443398475647,0.0865803062915802,1.9721014499664307,0.1,22957568,57587712,0.021463749988470227,0.6060574784604159
860,1.9512066841125488,0.0866592675447464,1.9598726034164429,0.1,22957568,57587712,0.021900866995565593,0.758175440064384
861,2.0189030170440674,0.08553171157836914,2.027456283569336,0.1,22957568,57587712,0.0204812329611741,0.6940049036193416
862,1.909437656402588,0.08558981120586395,1.9179966449737549,0.1,22957568,57587712,0.02000222698552534,0.5363481139093025
863,1.987296462059021,0.08571921288967133,1.9958683252334595,0.1,22957568,57587712,0.02000982197932899,0.7100592530942086
864,2.012049436569214,0.08558838814496994,2.0206081867218018,0.1,22957568,57587712,0.02341212099418044,0.6851316922703895
865,1.9829334020614624,0.08690284937620163,1.9916236400604248,0.1,22957568,57587712,0.023249486985150725,0.6049043380525002
866,1.948632836341858,0.08585666120052338,1.9572185277938843,0.1,22957568,57587712,0.022908710001502186,0.595254116518348
867,1.903085470199585,0.08527643978595734,1.9116131067276,0.1,22957568,57587712,0.0211571860127151,0.5178381657629451
868,1.9407203197479248,0.08466187119483948,1.9491865634918213,0.1,22957568,57587712,0.02205084601882845,0.5999210026446291
869,1.9931083917617798,0.08528713881969452,2.0016372203826904,0.1,22957568,57587712,0.021655809017829597,0.7172485560660099
870,2.0291481018066406,0.08413363248109818,2.0375614166259766,0.1,22957568,57587712,0.020646611985284835,0.6349938727390231
871,2.0111122131347656,0.08554820716381073,2.019667148590088,0.1,22957568,57587712,0.022442979039624333,0.8663047443524109
872,1.9421378374099731,0.08704694360494614,1.9508424997329712,0.1,22957568,57587712,0.02192342799389735,0.6070907560049706
873,2.016608238220215,0.08575420081615448,2.02518367767334,0.1,22957568,57587712,0.021577981999143958,0.715759454439715
874,1.9608451128005981,0.08772137761116028,1.969617247581482,0.1,22957568,57587712,0.02213775902055204,0.8455429487438262
875,1.9704296588897705,0.08772128820419312,1.9792017936706543,0.1,22957568,57587712,0.023387485009152442,0.6516226173345178
876,1.9640830755233765,0.08596469461917877,1.9726794958114624,0.1,22957568,57587712,0.020792273979168385,0.7518194305983341
877,1.9087607860565186,0.08466018736362457,1.917226791381836,0.1,22957568,57587712,0.02080339501844719,0.6350501817362777
878,1.9232521057128906,0.0839267373085022,1.9316447973251343,0.1,22957568,57587712,0.019793177023530006,0.7525464269272208
879,1.984190583229065,0.08349805325269699,1.9925403594970703,0.1,22957568,57587712,0.020234801981132478,0.7088765343299097
880,2.0169098377227783,0.08400839567184448,2.025310754776001,0.1,22957568,57587712,0.02191386098274961,0.6921627021741781
881,1.9559634923934937,0.08462598919868469,1.964426040649414,0.1,22957568,57587712,0.020511961018200964,0.6509799961997643
882,1.920215368270874,0.0842251181602478,1.9286378622055054,0.1,22957568,57587712,0.022270217014010996,0.6609619979682567
883,1.9239944219589233,0.08659201860427856,1.9326536655426025,0.1,22957568,57587712,0.019881432002875954,0.7338939826781763
884,1.9264774322509766,0.08620290458202362,1.9350976943969727,0.1,22957568,57587712,0.019633618008811027,0.6543046919356634
885,1.951021671295166,0.08675070106983185,1.9596967697143555,0.1,22957568,57587712,0.019159432034939528,0.6899743272285306
886,1.905098557472229,0.08517058938741684,1.9136155843734741,0.1,22957568,57587712,0.019588814000599086,0.6103235909907044
887,1.9297559261322021,0.08491484820842743,1.9382474422454834,0.1,22957568,57587712,0.01894686499144882,0.6487077664164147
888,1.9935673475265503,0.08377262949943542,2.0019445419311523,0.1,22957568,57587712,0.019293482997454703,0.7550671919103571
889,1.9266037940979004,0.08475299924612045,1.9350790977478027,0.1,22957568,57587712,0.019646611995995045,0.6976082813278071
890,1.9487568140029907,0.08633530139923096,1.957390308380127,0.1,22957568,57587712,0.01931975199840963,0.8003952396217848
891,1.9526151418685913,0.08679014444351196,1.961294174194336,0.1,22957568,57587712,0.019749796018004417,0.6761218656977579
892,1.9691132307052612,0.08574870228767395,1.9776880741119385,0.1,22957568,57587712,0.019282592984382063,0.6376416118622102
893,1.950010895729065,0.08485005795955658,1.958495855331421,0.1,22957568,57587712,0.019190870982129127,0.6393212930266712
894,1.9000641107559204,0.08468116074800491,1.9085322618484497,0.1,22957568,57587712,0.01940524100791663,0.8098635024796561
895,1.9413853883743286,0.0844464898109436,1.9498300552368164,0.1,22957568,57587712,0.01995509903645143,0.7508595002013103
896,2.0094025135040283,0.08529508113861084,2.0179319381713867,0.1,22957568,57587712,0.019523151975590736,0.6163672712848919
897,1.9520474672317505,0.08726794272661209,1.960774302482605,0.1,22957568,57587712,0.01932604401372373,0.6863942377120286
898,2.0062785148620605,0.08857613801956177,2.015136241912842,0.1,22957568,57587712,0.01940131396986544,0.7484993089424795
899,1.9998241662979126,0.08717474341392517,2.0085415840148926,0.1,22957568,57587712,0.02005469595314935,0.6731676523171868
900,1.932984471321106,0.08915933221578598,1.941900372505188,0.1,22957568,57587712,0.02216221601702273,0.6312860870951486
901,1.9472323656082153,0.08545838296413422,1.9557782411575317,0.1,22957568,57587712,0.021657071018125862,0.7116304314651016
902,1.9107856750488281,0.08552323281764984,1.9193379878997803,0.1,22957568,57587712,0.020760615007020533,0.6571285007389882
903,1.9549269676208496,0.08431663364171982,1.9633586406707764,0.1,22957568,57587712,0.021686526015400887,0.6436156063296782
904,1.8591512441635132,0.08546324819326401,1.8676975965499878,0.1,22957568,57587712,0.021817100001499057,0.6736531887473294
905,1.9157688617706299,0.08638027310371399,1.924406886100769,0.1,22957568,57587712,0.020849079999607056,0.6787162974801181
906,2.031423568725586,0.08431103825569153,2.0398547649383545,0.1,22957568,57587712,0.023983358987607062,0.7538589381297001
907,1.9354346990585327,0.085087850689888,1.9439435005187988,0.1,22957568,57587712,0.023023856047075242,0.693393075528631
908,1.9042960405349731,0.08282405138015747,1.9125784635543823,0.1,22957568,57587712,0.020740988955367357,0.6428977825492469
909,1.9162018299102783,0.0848093032836914,1.9246827363967896,0.1,22957568,57587712,0.021409537992440164,0.5807440475288494
910,1.9940887689590454,0.08639279007911682,2.00272798538208,0.1,22957568,57587712,0.02218359604012221,0.6393415316510521
911,1.954383134841919,0.08331435918807983,1.9627145528793335,0.1,22957568,57587712,0.02120478602591902,0.7220147104271076
912,1.9048330783843994,0.08386332541704178,1.9132194519042969,0.1,22957568,57587712,0.022001795005053282,0.6598677320704788
913,1.9738048315048218,0.08583777397871017,1.9823886156082153,0.1,22957568,57587712,0.02174793102312833,0.6620463823500288
914,1.9271193742752075,0.08367261290550232,1.9354866743087769,0.1,22957568,57587712,0.021523470990359783,0.7010668569714783
915,1.9369667768478394,0.08509662002325058,1.9454764127731323,0.1,22957568,57587712,0.023350926989223808,0.6159282979992438
916,1.9578490257263184,0.08408190310001373,1.9662572145462036,0.1,22957568,57587712,0.023458407958969474,0.6346667345953766
917,1.890507698059082,0.08591115474700928,1.8990988731384277,0.1,22957568,57587712,0.021071146009489894,0.7080495128601001
918,1.9533991813659668,0.08473049104213715,1.9618722200393677,0.1,22957568,57587712,0.020059555012267083,0.6781815243595337
919,1.9085501432418823,0.0843481719493866,1.9169849157333374,0.1,22957568,57587712,0.019970018009189516,0.685050245862591
920,1.9378445148468018,0.08527938276529312,1.9463725090026855,0.1,22957568,57587712,0.019539433007594198,0.6606411912228186
921,1.9614264965057373,0.08467322587966919,1.9698938131332397,0.1,22957568,57587712,0.023404398001730442,0.6745385196167244
922,1.952370524406433,0.0832965075969696,1.9607001543045044,0.1,22957568,57587712,0.021540193003602326,0.777544030035317
923,1.893858790397644,0.0836273729801178,1.9022215604782104,0.1,22957568,57587712,0.021591158001683652,0.6871311911358314
924,1.9960557222366333,0.0843343734741211,2.0044891834259033,0.1,22957568,57587712,0.024540120037272573,0.756304828205517
925,1.879858136177063,0.08359748125076294,1.8882179260253906,0.1,22957568,57587712,0.023403184954077005,0.6026628579582389
926,1.964004635810852,0.08263608813285828,1.9722682237625122,0.1,22957568,57587712,0.023309108975809067,0.7388934109300284
927,1.9899013042449951,0.08477548509836197,1.998378872871399,0.1,22957568,57587712,0.022669483034405857,0.6906919161069589
928,1.9060206413269043,0.08418617397546768,1.9144392013549805,0.1,22957568,57587712,0.0207532619824633,0.7102405938498908
929,1.9335353374481201,0.08449769020080566,1.9419851303100586,0.1,22957568,57587712,0.022750725969672203,0.6306593609037673
930,1.9679145812988281,0.08342660963535309,1.9762572050094604,0.1,22957568,57587712,0.022746047005057335,0.600094677113707
931,1.9273457527160645,0.08154512941837311,1.9355002641677856,0.1,22957568,57587712,0.020775814016815275,0.7206187524275459
932,1.9332023859024048,0.08467866480350494,1.941670298576355,0.1,22957568,57587712,0.022810786962509155,0.6925485949571998
933,1.9423792362213135,0.08434301614761353,1.9508135318756104,0.1,22957568,57587712,0.021946853026747704,0.7873401028485002
934,1.9854254722595215,0.08483249694108963,1.9939087629318237,0.1,22957568,57587712,0.020699471002444625,0.6862733838079543
935,1.9087049961090088,0.08338943868875504,1.917043924331665,0.1,22957568,57587712,0.021147087041754276,0.7953990589055451
936,1.959726333618164,0.0831805169582367,1.968044400215149,0.1,22957568,57587712,0.02145791897783056,0.5813268102864135
937,1.9804439544677734,0.08236286044120789,1.9886802434921265,0.1,22957568,57587712,0.02114203799283132,0.7816714138270792
938,1.9218783378601074,0.08405854552984238,1.9302841424942017,0.1,22957568,57587712,0.02126256300834939,0.9543928326911512
939,1.9562771320343018,0.08471889793872833,1.9647489786148071,0.1,22957568,57587712,0.0211663439986296,0.6952797934317672
940,1.8698382377624512,0.08466511219739914,1.8783047199249268,0.1,22957568,57587712,0.02198011497966945,0.780620287164101
941,1.935555100440979,0.08581160008907318,1.9441362619400024,0.1,22957568,57587712,0.021059784980025142,0.9446379353551198
942,1.937650203704834,0.08356478810310364,1.9460066556930542,0.1,22957568,57587712,0.022899193048942834,0.7213978849644079
943,1.8886343240737915,0.08271539956331253,1.8969058990478516,0.1,22957568,57587712,0.02053781901486218,1.0056514604459308
944,1.852754831314087,0.08421128243207932,1.8611760139465332,0.1,22957568,57587712,0.020959165995009243,0.7701211579561281
945,1.9750044345855713,0.0848129540681839,1.9834856986999512,0.1,22957568,57587712,0.020924301992636174,0.8693122290439186
946,1.9078329801559448,0.08473017811775208,1.9163060188293457,0.1,22957568,57587712,0.020248569024261087,0.7245298996863482
947,1.9866520166397095,0.08133390545845032,1.9947854280471802,0.1,22957568,57587712,0.022980405017733574,0.7027743770883017
948,1.9455753564834595,0.08377440273761749,1.9539527893066406,0.1,22957568,57587712,0.022585586993955076,0.8049611210179136
949,1.9038804769515991,0.082363560795784,1.9121168851852417,0.1,22957568,57587712,0.01976113801356405,0.6935354029436503
950,1.9055099487304688,0.08254069089889526,1.9137639999389648,0.1,22957568,57587712,0.01981566898757592,0.7349568392894898
951,1.9662493467330933,0.0810982808470726,1.974359154701233,0.1,22957568,57587712,0.02184159599710256,0.6674835391124864
952,1.9255770444869995,0.08362674713134766,1.9339396953582764,0.1,22957568,57587712,0.019691016001161188,0.7148964468590145
953,2.0037007331848145,0.08371913433074951,2.0120725631713867,0.1,22957568,57587712,0.019389772962313145,0.7819304806941481
954,1.899148941040039,0.08270139247179031,1.9074190855026245,0.1,22957568,57587712,0.01985130598768592,0.653527771704493
955,1.8981186151504517,0.08295579999685287,1.9064141511917114,0.1,22957568,57587712,0.02236808999441564,0.667509841682521
956,1.8695642948150635,0.08180586993694305,1.8777449131011963,0.1,22957568,57587712,0.020052312000188977,0.7294497313601934
957,1.923086404800415,0.08316315710544586,1.9314026832580566,0.1,22957568,57587712,0.020980836998205632,0.6486901227344807
958,1.9469369649887085,0.083690345287323,1.955306053161621,0.1,22957568,57587712,0.020401132991537452,0.6833632847349275
959,1.9443286657333374,0.08337157964706421,1.9526658058166504,0.1,22957568,57587712,0.021168879000470042,0.6936865203749976
960,1.9267083406448364,0.08218570053577423,1.9349268674850464,0.1,22957568,57587712,0.021826527954544872,0.6337366814795355
961,1.938355803489685,0.08367034792900085,1.9467228651046753,0.1,22957568,57587712,0.02125803497619927,0.6036868302247729
962,1.9484035968780518,0.08012424409389496,1.9564160108566284,0.1,22957568,57587712,0.02205548604251817,0.5884036226702821
963,1.9336446523666382,0.08217249810695648,1.941861867904663,0.1,22957568,57587712,0.021256162028294057,0.7273814066339642
964,1.9414221048355103,0.08238070458173752,1.9496601819992065,0.1,22957568,57587712,0.02136587700806558,0.7395020949541304
965,2.0114572048187256,0.08181580901145935,2.019638776779175,0.1,22957568,57587712,0.02209395804675296,0.5885770180398331
966,1.9037871360778809,0.08298683166503906,1.912085771560669,0.1,22957568,57587712,0.021385793981608003,0.6948872442954117
967,1.8934452533721924,0.08500887453556061,1.9019461870193481,0.1,22957568,57587712,0.022035187983419746,0.6884558202044543
968,1.953350305557251,0.08296021074056625,1.961646318435669,0.1,22957568,57587712,0.021911237039603293,0.7158503808057824
969,1.9885035753250122,0.08224308490753174,1.9967279434204102,0.1,22957568,57587712,0.020767629030160606,0.7230826251318625
970,1.9727184772491455,0.0824977308511734,1.9809682369232178,0.1,22957568,57587712,0.022561341989785433,0.6795307278755917
971,1.9444751739501953,0.08136385679244995,1.9526115655899048,0.1,22957568,57587712,0.022358301968779415,0.6419989135873536
972,1.945759892463684,0.08081851899623871,1.9538416862487793,0.1,22957568,57587712,0.020372629980556667,0.713428484810994
973,1.9313493967056274,0.08192183822393417,1.9395415782928467,0.1,22957568,57587712,0.022997016028966755,0.82554850434256
974,1.8860716819763184,0.08406511694192886,1.89447820186615,0.1,22957568,57587712,0.022913139022421092,0.8103117720966111
975,1.916936993598938,0.0842389240860939,1.925360918045044,0.1,22957568,57587712,0.02217728301184252,0.6337238096079193
976,1.9095059633255005,0.08474093675613403,1.9179800748825073,0.1,22957568,57587712,0.022230572998523712,0.7578515808399874
977,1.9502531290054321,0.08452150225639343,1.9587053060531616,0.1,22957568,57587712,0.021800229034852237,0.7874775787221713
978,1.9842125177383423,0.08326704055070877,1.9925391674041748,0.1,22957568,57587712,0.020956000953447074,0.6491495093001244
979,1.957109808921814,0.08338243514299393,1.965448021888733,0.1,22957568,57587712,0.022995673003606498,0.7337151666043709
980,1.8885095119476318,0.08456691354513168,1.8969662189483643,0.1,22957568,57587712,0.022623588040005416,0.9224983532496525
981,1.9087677001953125,0.08466095477342606,1.9172338247299194,0.1,22957568,57587712,0.021009691001381725,0.729125202899189
982,1.9127212762832642,0.08483095467090607,1.9212043285369873,0.1,22957568,57587712,0.02178825601004064,0.6773293300452401
983,1.9317089319229126,0.08450489491224289,1.9401594400405884,0.1,22957568,57587712,0.02208508102921769,0.8830464958792573
984,1.8467822074890137,0.0849333330988884,1.8552755117416382,0.1,22957568,57587712,0.021041541011072695,0.7242887779009992
985,1.9679124355316162,0.08505664020776749,1.976418137550354,0.1,22957568,57587712,0.0232466830057092,0.6201350856834751
986,1.9083560705184937,0.08240419626235962,1.916596531867981,0.1,22957568,57587712,0.02144553599646315,0.7532094477429737
987,1.9009549617767334,0.08337655663490295,1.9092925786972046,0.1,22957568,57587712,0.02071647299453616,0.919699408018776
988,1.8756153583526611,0.08536409586668015,1.884151816368103,0.1,22957568,57587712,0.022838148986920714,1.0379584989702764
989,1.9457268714904785,0.0829952210187912,1.9540263414382935,0.1,22957568,57587712,0.02235233102692291,0.7413919735506935
990,1.9713082313537598,0.0839071124792099,1.979698896408081,0.1,22957568,57587712,0.021251583006232977,0.889076378662331
991,1.9009850025177002,0.08550695329904556,1.9095356464385986,0.1,22957568,57587712,0.02276388998143375,0.9215831454191126
992,1.9457255601882935,0.08413057774305344,1.9541386365890503,0.1,22957568,57587712,0.021867935021873564,0.799491483366435
993,1.8987376689910889,0.08543185889720917,1.9072808027267456,0.1,22957568,57587712,0.020766665984410793,0.8310529412519222
994,1.9504220485687256,0.0817137360572815,1.9585933685302734,0.1,22957568,57587712,0.02256500901421532,0.6548467492030446
995,1.9447104930877686,0.08292172104120255,1.953002691268921,0.1,22957568,57587712,0.022492643038276583,0.7775894455935353
996,1.855843186378479,0.08347366005182266,1.8641905784606934,0.1,22957568,57587712,0.020856043964158744,0.7686027514723236
997,1.873407244682312,0.08335704356431961,1.8817429542541504,0.1,22957568,57587712,0.023472504981327802,0.598088637874024
998,1.9376178979873657,0.08362053334712982,1.9459799528121948,0.1,22957568,57587712,0.022108354954980314,0.6789940928735416
999,1.9042689800262451,0.0858176201581955,1.9128507375717163,0.1,22957568,57587712,0.02073257404845208,0.7832398504010818
1000,1.9741426706314087,0.08431141078472137,1.9825738668441772,0.1,22957568,57587712,0.02177754696458578,0.7623996794242126
1001,1.9072829484939575,0.08463848382234573,1.915746808052063,0.1,22957568,57587712,0.021953184972517192,0.6724777417028036
1002,1.912858486175537,0.08474504947662354,1.9213329553604126,0.1,22957568,57587712,0.020304172998294234,0.7003697107018981
1003,1.9176822900772095,0.08336470276117325,1.9260187149047852,0.1,22957568,57587712,0.019745538011193275,0.7056809276418065
1004,1.9170697927474976,0.08352033793926239,1.9254218339920044,0.1,22957568,57587712,0.019622448016889393,0.6595519062009019
1005,1.902962327003479,0.08497031033039093,1.9114593267440796,0.1,22957568,57587712,0.019547398027498275,0.6842265535672686
1006,1.8943736553192139,0.08613304793834686,1.902987003326416,0.1,22957568,57587712,0.019272745004855096,0.6367748790689268
1007,1.8965588808059692,0.08331790566444397,1.9048906564712524,0.1,22957568,57587712,0.01969850098248571,0.8439110835606523
1008,1.9390618801116943,0.0853438526391983,1.9475963115692139,0.1,22957568,57587712,0.020057902031112462,0.8770228985128697
1009,1.8629415035247803,0.08482110500335693,1.871423602104187,0.1,22957568,57587712,0.019901680992916226,0.6611698742808299
1010,1.91116201877594,0.08238959312438965,1.919400930404663,0.1,22957568,57587712,0.021017546008806676,0.7948105981539466
1011,1.972435474395752,0.08324993401765823,1.9807604551315308,0.1,22957568,57587712,0.019629602029453963,0.764696539038288
1012,1.9684802293777466,0.08338422328233719,1.9768186807632446,0.1,22957568,57587712,0.01976942300098017,0.5979613543006934
1013,1.933580756187439,0.08485838770866394,1.9420665502548218,0.1,22957568,57587712,0.020073221006896347,0.9435542762926357
1014,1.9553765058517456,0.08458814769983292,1.96383535861969,0.1,22957568,57587712,0.023323717003222555,0.8576472623955692
1015,1.9179168939590454,0.08528833091259003,1.926445722579956,0.1,22957568,57587712,0.02188692201161757,0.7859057837581905
1016,1.9137426614761353,0.08535800874233246,1.9222784042358398,0.1,22957568,57587712,0.01953448395943269,0.7701487906011318
1017,1.8188186883926392,0.08405362069606781,1.8272240161895752,0.1,22957568,57587712,0.019486054021399468,0.6203352825534508
1018,1.8547316789627075,0.08371929824352264,1.8631036281585693,0.1,22957568,57587712,0.019142382021527737,0.5953859942278147
1019,1.9303267002105713,0.08360818773508072,1.9386875629425049,0.1,22957568,57587712,0.019066098029725254,0.6652558089443311
1020,1.8823407888412476,0.08294190466403961,1.8906350135803223,0.1,22957568,57587712,0.019572224002331495,0.7353186614149718
1021,1.9227921962738037,0.08198753744363785,1.9309909343719482,0.1,22957568,57587712,0.019268226984422654,0.6748179206580537
1022,1.9733656644821167,0.0848446637392044,1.9818501472473145,0.1,22957568,57587712,0.019255252031143755,0.7190040516858367
1023,1.8756389617919922,0.08271566033363342,1.8839105367660522,0.1,22957568,57587712,0.019638428988400847,0.6894836558746065
1024,1.9137232303619385,0.08095745742321014,1.9218189716339111,0.1,22957568,57587712,0.019760816998314112,0.5879798630822647
1025,1.8704882860183716,0.08434336632490158,1.8789225816726685,0.1,22957568,57587712,0.020902641990687698,0.8212588945273727
1026,1.8979371786117554,0.08260092884302139,1.9061973094940186,0.1,22957568,57587712,0.0193945619976148,0.6859150739972119
1027,1.8655903339385986,0.08457521349191666,1.874047875404358,0.1,22957568,57587712,0.019289556017611176,0.7924871029156736
1028,1.8899542093276978,0.0821244865655899,1.8981666564941406,0.1,22957568,57587712,0.01943526795366779,0.7149681327186321
1029,1.9498751163482666,0.08276709914207458,1.9581518173217773,0.1,22957568,57587712,0.019006797985639423,0.6846554082740719
1030,1.9057835340499878,0.08362437784671783,1.9141459465026855,0.1,22957568,57587712,0.01956241700099781,0.7129848880044415
1031,1.9162757396697998,0.0855809897184372,1.92483389377594,0.1,22957568,57587712,0.018947376986034214,0.8723957569778525
1032,1.948434591293335,0.08531052619218826,1.956965684890747,0.1,22957568,57587712,0.01937935402384028,0.6420884272882481
1033,1.9326587915420532,0.08192090690135956,1.940850853919983,0.1,22957568,57587712,0.019576872990000993,0.6640957279144756
1034,1.8494058847427368,0.08530919253826141,1.8579368591308594,0.1,22957568,57587712,0.01916479301871732,0.9549594010218632
1035,1.9118303060531616,0.08299383521080017,1.920129656791687,0.1,22957568,57587712,0.019641624996438622,0.7085210046338096
1036,1.9937834739685059,0.08388366550207138,2.002171754837036,0.1,22957568,57587712,0.01898672105744481,0.6783492826610318
1037,1.8766450881958008,0.08236061036586761,1.8848811388015747,0.1,22957568,57587712,0.019500680966302752,0.8679309415637454
1038,1.9319696426391602,0.08553092181682587,1.9405227899551392,0.1,22957568,57587712,0.01959911495214328,0.6557052983907055
1039,1.881341814994812,0.08328495919704437,1.8896702527999878,0.1,22957568,57587712,0.019214515981730074,0.9261425463576979
1040,1.875424861907959,0.08626560866832733,1.8840514421463013,0.1,22957568,57587712,0.02033257600851357,0.6508042798742377
1041,1.9222362041473389,0.08392758667469025,1.930629014968872,0.1,22957568,57587712,0.019038056023418903,0.8329721016694883
1042,1.9053959846496582,0.08553341031074524,1.9139493703842163,0.1,22957568,57587712,0.019455587025731802,0.6757725372381137
1043,1.8916690349578857,0.08433212339878082,1.9001022577285767,0.1,22957568,57587712,0.01944939501117915,0.7941956190485697
1044,1.9149712324142456,0.08267080783843994,1.9232382774353027,0.1,22957568,57587712,0.0199780139955692,0.7306081330407997
1045,1.8229790925979614,0.0861765444278717,1.8315967321395874,0.1,22957568,57587712,0.019691948022227734,0.756893331289626
1046,1.843357801437378,0.08418358117341995,1.851776123046875,0.1,22957568,57587712,0.01926834596088156,0.6755864900829939
1047,1.8481336832046509,0.0824182778596878,1.8563754558563232,0.1,22957568,57587712,0.019478009024169296,0.708421602256507
1048,1.881398320198059,0.08282554894685745,1.8896808624267578,0.1,22957568,57587712,0.019439727009739727,0.6791101420158581
1049,1.8756457567214966,0.08322884142398834,1.8839685916900635,0.1,22957568,57587712,0.01933682500384748,0.64910281933548
1050,1.8578484058380127,0.0822359025478363,1.8660719394683838,0.1,22957568,57587712,0.019403380050789565,0.650306441471498
1051,1.883123755455017,0.08188465237617493,1.8913122415542603,0.1,22957568,57587712,0.019149704952724278,0.7121702683147334
1052,1.871696949005127,0.08184462785720825,1.8798813819885254,0.1,22957568,57587712,0.01909446099307388,0.5691233334106985
1053,1.9008817672729492,0.08283304423093796,1.9091650247573853,0.1,22957568,57587712,0.0196094440179877,0.7096472559460411
1054,1.8848291635513306,0.0823841542005539,1.8930675983428955,0.1,22957568,57587712,0.022138141037430614,0.6514181160694585
1055,1.8850116729736328,0.0834195464849472,1.8933535814285278,0.1,22957568,57587712,0.0228964890120551,0.614659851201001
1056,1.8488080501556396,0.08274410665035248,1.857082486152649,0.1,22957568,57587712,0.020343986980151385,0.6085849289287734
1057,1.8614109754562378,0.0826723575592041,1.869678258895874,0.1,22957568,57587712,0.02113186998758465,0.7452497554882449
1058,1.9462945461273193,0.08395053446292877,1.954689621925354,0.1,22957568,57587712,0.019780074013397098,0.7361195205873073
1059,1.9074615240097046,0.08428346365690231,1.915889859199524,0.1,22957568,57587712,0.019126490980852395,0.6413930050083175
1060,1.9562076330184937,0.08293789625167847,1.9645013809204102,0.1,22957568,57587712,0.01961290097096935,0.7708508977249033
1061,1.8593201637268066,0.0821608155965805,1.867536187171936,0.1,22957568,57587712,0.019133093010168523,0.7026524054901596
1062,1.9020068645477295,0.08365973830223083,1.9103728532791138,0.1,22957568,57587712,0.019491684972308576,0.7751943395703249
1063,1.9122631549835205,0.08297006785869598,1.9205601215362549,0.1,22957568,57587712,0.019559741020202637,0.739520384200138
1064,1.8633525371551514,0.0813058391213417,1.8714830875396729,0.1,22957568,57587712,0.01915061695035547,0.7590647398740494
1065,1.8892163038253784,0.08115281164646149,1.8973315954208374,0.1,22957568,57587712,0.019439095980487764,0.7796838540954002
1066,1.9781596660614014,0.08132356405258179,1.9862920045852661,0.1,22957568,57587712,0.019739738025236875,0.6780289984396242
1067,1.9118410348892212,0.0790124237537384,1.919742226600647,0.1,22957568,57587712,0.01951399602694437,0.5750348242303694
1068,1.8465149402618408,0.079758420586586,1.8544907569885254,0.1,22957568,57587712,0.01948881900170818,0.6853572930995564
1069,1.8647302389144897,0.0796840488910675,1.8726986646652222,0.1,22957568,57587712,0.019126961997244507,0.7197922944545873
1070,1.9485396146774292,0.08108017593622208,1.9566476345062256,0.1,22957568,57587712,0.02029858302557841,0.6899384003006461
1071,1.8504582643508911,0.08150304853916168,1.858608603477478,0.1,22957568,57587712,0.019124988990370184,0.8152834006003011
1072,1.855133056640625,0.08319619297981262,1.863452672958374,0.1,22957568,57587712,0.019540606008376926,0.6234560203036996
1073,1.944356918334961,0.08289064466953278,1.952646017074585,0.1,22957568,57587712,0.019407026993576437,0.7955157115052349
1074,1.843652606010437,0.08446168899536133,1.852098822593689,0.1,22957568,57587712,0.019219576031900942,0.6392620229205443
1075,1.8673863410949707,0.08346839249134064,1.8757331371307373,0.1,22957568,57587712,0.01930987398372963,0.6804600076943234
1076,1.9145814180374146,0.08234985917806625,1.9228163957595825,0.1,22957568,57587712,0.01949695497751236,0.675263702849399
1077,1.8250036239624023,0.08319813013076782,1.8333234786987305,0.1,22957568,57587712,0.019023438973817974,0.7465511740400828
1078,1.8943942785263062,0.08260726183652878,1.902655005455017,0.1,22957568,57587712,0.01937820197781548,0.6099529366827064
1079,1.8850822448730469,0.08298581838607788,1.893380880355835,0.1,22957568,57587712,0.01913697097916156,0.6756046040467238
1080,1.8407666683197021,0.08178380131721497,1.8489450216293335,0.1,22957568,57587712,0.019282433961052448,0.6609189919433883
1081,1.8388898372650146,0.08209304511547089,1.8470991849899292,0.1,22957568,57587712,0.019446269026957452,0.7003979933876555
1082,1.9026660919189453,0.08344502747058868,1.9110106229782104,0.1,22957568,57587712,0.019088571018073708,0.7391431795398903
1083,1.8437490463256836,0.0818767249584198,1.8519366979599,0.1,22957568,57587712,0.01950170297641307,0.7436606210886193
1084,1.836104393005371,0.0826369971036911,1.8443681001663208,0.1,22957568,57587712,0.01935969799524173,0.6900513362453448
1085,1.8883405923843384,0.08194077759981155,1.8965346813201904,0.1,22957568,57587712,0.020431871991604567,0.7298933999897224
1086,1.9192911386489868,0.08231917768716812,1.9275230169296265,0.1,22957568,57587712,0.01966362603707239,0.6381540582125834
1087,1.9008616209030151,0.0824304074048996,1.9091047048568726,0.1,22957568,57587712,0.01905225298833102,0.7482711926272467
1088,1.8917481899261475,0.08244460821151733,1.8999927043914795,0.1,22957568,57587712,0.019286861992441118,0.7218465263367243
1089,1.9154307842254639,0.08256687223911285,1.92368745803833,0.1,22957568,57587712,0.018893525993917137,0.6970385270970519
1090,1.9025096893310547,0.08277922868728638,1.910787582397461,0.1,22957568,57587712,0.019193337007891387,0.7269229108269147
1091,1.8881423473358154,0.08179992437362671,1.8963223695755005,0.1,22957568,57587712,0.019291871052701026,0.6831320076392667
1092,1.9030704498291016,0.08258787542581558,1.9113292694091797,0.1,22957568,57587712,0.01908193901181221,0.7481332806179279
1093,1.851595401763916,0.07995255291461945,1.8595906496047974,0.1,22957568,57587712,0.01953961403341964,0.7122457462603117
1094,1.852563738822937,0.08073611557483673,1.8606373071670532,0.1,22957568,57587712,0.019156457972712815,0.6166566807089814
1095,1.8930790424346924,0.07966645061969757,1.9010456800460815,0.1,22957568,57587712,0.019179171009454876,0.6743108300527315
1096,1.8592419624328613,0.08134742081165314,1.867376685142517,0.1,22957568,57587712,0.019495090993586928,0.610016558250917
1097,1.898374319076538,0.08176268637180328,1.906550645828247,0.1,22957568,57587712,0.019143623998388648,0.623753439173455
1098,1.9069610834121704,0.08093162626028061,1.915054202079773,0.1,22957568,57587712,0.019427154038567096,0.7560157108256329
1099,1.8424386978149414,0.08288781344890594,1.8507274389266968,0.1,22957568,57587712,0.019299736013635993,0.6307953113149628
1100,1.9047558307647705,0.08172516524791718,1.9129283428192139,0.1,22957568,57587712,0.02368737803772092,0.6951064113245956
1101,1.936423897743225,0.08086606860160828,1.9445104598999023,0.1,22957568,57587712,0.020652604987844825,0.7460406091623957
1102,1.9070281982421875,0.08131586760282516,1.915159821510315,0.1,22957568,57587712,0.020332606974989176,0.7165847482385818
1103,1.9448374509811401,0.08129949867725372,1.9529674053192139,0.1,22957568,57587712,0.019826940959319472,0.7833997829477595
1104,1.8842229843139648,0.08269138634204865,1.8924921751022339,0.1,22957568,57587712,0.019621888000983745,0.7107986704203281
1105,1.8357473611831665,0.08006083965301514,1.843753457069397,0.1,22957568,57587712,0.02012020000256598,0.6707103270014958
1106,1.9380251169204712,0.08103559166193008,1.9461287260055542,0.1,22957568,57587712,0.01960494596278295,0.871929100416768
1107,1.9022903442382812,0.0799534022808075,1.9102857112884521,0.1,22957568,57587712,0.01957935804966837,0.8522567937099789
1108,1.861815094947815,0.078679159283638,1.869683027267456,0.1,22957568,57587712,0.019705934973899275,1.0148855297043113
1109,1.884753704071045,0.07937934994697571,1.8926916122436523,0.1,22957568,57587712,0.019694644957780838,0.7662957439188234
1110,1.8727900981903076,0.08082691580057144,1.8808728456497192,0.1,22957568,57587712,0.019737815018743277,0.8324124052585464
1111,1.9201937913894653,0.08000053465366364,1.9281938076019287,0.1,22957568,57587712,0.019795813015662134,1.059166514578912
1112,1.8499943017959595,0.08168202638626099,1.858162522315979,0.1,22957568,57587712,0.01943360600853339,0.6684250965041557
1113,1.8721702098846436,0.08089262247085571,1.8802595138549805,0.1,22957568,57587712,0.019534624996595085,0.7814107290442383
1114,1.8411064147949219,0.08126848191022873,1.8492332696914673,0.1,22957568,57587712,0.019685116014443338,0.9077159316303035
1115,1.8247534036636353,0.08049526065587997,1.8328028917312622,0.1,22957568,57587712,0.019422545039560646,0.7277857783770115
1116,1.8765476942062378,0.0812421515583992,1.884671926498413,0.1,22957568,57587712,0.01961744000436738,0.9049806674076861
1117,1.8549468517303467,0.08107520639896393,1.8630543947219849,0.1,22957568,57587712,0.019331145042087883,0.6699009078040471
1118,1.924260139465332,0.08150403946638107,1.9324105978012085,0.1,22957568,57587712,0.019595568999648094,0.8215576438187365
1119,1.933421015739441,0.08143632113933563,1.941564679145813,0.1,22957568,57587712,0.019595740013755858,0.7125268812024117
1120,1.7956113815307617,0.08127619326114655,1.8037389516830444,0.1,22957568,57587712,0.019672553054988384,0.8305195952675716
1121,1.8637467622756958,0.08067906647920609,1.8718147277832031,0.1,22957568,57587712,0.01959418604383245,0.7528727034771756
1122,1.9129106998443604,0.08201548457145691,1.921112298965454,0.1,22957568,57587712,0.01893210900016129,0.7854777331444999
1123,1.8262104988098145,0.0816916972398758,1.8343796730041504,0.1,22957568,57587712,0.019700575969181955,0.8322160855622558
1124,1.8373136520385742,0.08399840444326401,1.845713496208191,0.1,22957568,57587712,0.0196416350081563,0.5974552309753999
1125,1.8445682525634766,0.08203696459531784,1.8527719974517822,0.1,22957568,57587712,0.020170775009319186,0.6584087342717202
1126,1.9703434705734253,0.08306042850017548,1.9786494970321655,0.1,22957568,57587712,0.01994175696745515,0.8433435615676291
1127,1.8278898000717163,0.08423992991447449,1.8363138437271118,0.1,22957568,57587712,0.019487196987029165,0.6562279826106323
1128,1.8425817489624023,0.08244762569665909,1.8508265018463135,0.1,22957568,57587712,0.019607030029874295,0.5857229376815538
1129,1.8881934881210327,0.08452323824167252,1.8966457843780518,0.1,22957568,57587712,0.019601420033723116,0.8728603994053574
1130,1.8910762071609497,0.08216671645641327,1.8992928266525269,0.1,22957568,57587712,0.019146939972415566,0.6461952133420208
1131,1.8887693881988525,0.08353930711746216,1.8971233367919922,0.1,22957568,57587712,0.019568087009247392,0.831533568295388
1132,1.819040060043335,0.08256885409355164,1.8272969722747803,0.1,22957568,57587712,0.019451789965387434,0.7894665295381883
1133,1.8834960460662842,0.08295992761850357,1.8917920589447021,0.1,22957568,57587712,0.019436952017713338,0.7131645307798512
1134,1.7604013681411743,0.08417399227619171,1.768818736076355,0.1,22957568,57587712,0.019661672005895525,0.6938346020493493
1135,1.8955745697021484,0.08349444717168808,1.9039239883422852,0.1,22957568,57587712,0.020120050001423806,0.6875652407815129
1136,1.8646801710128784,0.08557457476854324,1.8732376098632812,0.1,22957568,57587712,0.019458281982224435,0.736432537899099
1137,1.8214972019195557,0.08254275470972061,1.8297514915466309,0.1,22957568,57587712,0.019307390961330384,0.6586655921500328
1138,1.8185688257217407,0.08314116299152374,1.8268829584121704,0.1,22957568,57587712,0.01932899100938812,0.6986739854846796
1139,1.9238159656524658,0.08277732133865356,1.9320937395095825,0.1,22957568,57587712,0.019525076961144805,0.8097508013264572
1140,1.855858325958252,0.08176662027835846,1.8640350103378296,0.1,22957568,57587712,0.019453654007520527,0.7181142726515686
1141,1.9067715406417847,0.08070103079080582,1.914841651916504,0.1,22957568,57587712,0.019483248994220048,0.6278665743533205
1142,1.8817896842956543,0.08174070715904236,1.8899637460708618,0.1,22957568,57587712,0.019344250031281263,0.7609019408617083
1143,1.846769094467163,0.08277124911546707,1.855046272277832,0.1,22957568,57587712,0.01903481100453064,0.7139505676838005
1144,1.8596969842910767,0.08326689153909683,1.8680236339569092,0.1,22957568,57587712,0.019746021018363535,0.6834461375713544
1145,1.8380136489868164,0.08196711540222168,1.8462103605270386,0.1,22957568,57587712,0.019691066991072148,0.7735832401051409
1146,1.8669968843460083,0.08143177628517151,1.8751400709152222,0.1,22957568,57587712,0.019611888972576708,0.7220594975399278
1147,1.830030918121338,0.08139727264642715,1.8381706476211548,0.1,22957568,57587712,0.01934317796258256,0.6923858470023857
1148,1.8403065204620361,0.08042846620082855,1.8483493328094482,0.1,22957568,57587712,0.019137744035106152,0.7022746717331879
1149,1.8558343648910522,0.08219540119171143,1.8640539646148682,0.1,22957568,57587712,0.019682632002513856,0.7723689804553134
1150,1.893204927444458,0.08200592547655106,1.9014055728912354,0.1,22957568,57587712,0.01983149000443518,0.8915264159844223
1151,1.8541275262832642,0.08213279396295547,1.8623408079147339,0.1,22957568,57587712,0.01977647701278329,0.7384020185671946
1152,1.8478405475616455,0.0819028988480568,1.856030821800232,0.1,22957568,57587712,0.019457100017461926,0.6884864599069417
1153,1.854132890701294,0.08097175508737564,1.8622300624847412,0.1,22957568,57587712,0.019068663998041302,0.753631192862001
1154,1.8639650344848633,0.08119160681962967,1.872084140777588,0.1,22957568,57587712,0.01975145103642717,0.7713718263457534
1155,1.84598708152771,0.0790603905916214,1.8538931608200073,0.1,22957568,57587712,0.019047044042963535,0.7114608431455675
1156,1.9023096561431885,0.07867741584777832,1.9101773500442505,0.1,22957568,57587712,0.019264310016296804,0.7712395173358845
1157,1.892889142036438,0.07763949036598206,1.9006531238555908,0.1,22957568,57587712,0.019620515988208354,0.699600908768345
1158,1.8613601922988892,0.07996448874473572,1.869356632232666,0.1,22957568,57587712,0.019416033988818526,0.7616968468980923
1159,1.8849740028381348,0.08098255097866058,1.893072247505188,0.1,22957568,57587712,0.019760798022616655,0.8204159084189678
1160,1.932572364807129,0.08209893107414246,1.9407823085784912,0.1,22957568,57587712,0.018980498949531466,0.765151994588998
1161,1.9147573709487915,0.08334643393754959,1.923092007637024,0.1,22957568,57587712,0.019462981959804893,0.7850132135594582
1162,1.8150792121887207,0.08302051573991776,1.8233813047409058,0.1,22957568,57587712,0.019511011021677405,0.7460683599299668
1163,1.9020627737045288,0.0833510011434555,1.9103978872299194,0.1,22957568,57587712,0.01902039401466027,0.8625970977806822
1164,1.8915531635284424,0.08145575225353241,1.8996987342834473,0.1,22957568,57587712,0.019539454020559788,0.6905790343695948
1165,1.8817015886306763,0.08207595348358154,1.8899091482162476,0.1,22957568,57587712,0.01982334500644356,0.6698366358366186
1166,1.830161690711975,0.08047269284725189,1.8382089138031006,0.1,22957568,57587712,0.019466547993943095,0.7404436886747738
1167,1.8959827423095703,0.08094224333763123,1.9040769338607788,0.1,22957568,57587712,0.019570351985748857,0.7747494207847966
1168,1.8077101707458496,0.08123303949832916,1.8158334493637085,0.1,22957568,57587712,0.019465245015453547,0.623749224393723
1169,1.8131705522537231,0.08079801499843597,1.821250319480896,0.1,22957568,57587712,0.019308543007355183,0.6432470950764362
1170,1.8910115957260132,0.08243416249752045,1.8992550373077393,0.1,22957568,57587712,0.019556515966542065,0.8643216804316952
1171,1.858779788017273,0.08033452928066254,1.8668131828308105,0.1,22957568,57587712,0.019325094006489962,0.7597096099011111
1172,1.890400767326355,0.07972174882888794,1.8983728885650635,0.1,22957568,57587712,0.019598225015215576,0.6715827170623221
1173,1.8489621877670288,0.07880614697933197,1.8568427562713623,0.1,22957568,57587712,0.019263418042100966,0.6989428007043725
1174,1.8953567743301392,0.08031328022480011,1.9033881425857544,0.1,22957568,57587712,0.019309204013552517,0.7608663790004777
1175,1.8297818899154663,0.0779172033071518,1.8375736474990845,0.1,22957568,57587712,0.019450578023679554,0.7181704220068023
1176,1.8582030534744263,0.0792476236820221,1.866127848625183,0.1,22957568,57587712,0.019170464016497135,0.8801066853655465
1177,1.9115346670150757,0.07893244922161102,1.9194278717041016,0.1,22957568,57587712,0.01972346898401156,0.7337579907340708
1178,1.8395956754684448,0.07980978488922119,1.84757661819458,0.1,22957568,57587712,0.01953941403189674,0.6996367345324394
1179,1.8555824756622314,0.07843231409788132,1.8634257316589355,0.1,22957568,57587712,0.019486985984258354,0.870090223188518
1180,1.8940812349319458,0.08134151995182037,1.9022153615951538,0.1,22957568,57587712,0.02022831200156361,0.7663757508008953
1181,1.8948841094970703,0.07807645201683044,1.9026917219161987,0.1,22957568,57587712,0.01933034398825839,0.6226047969717833
1182,1.8222118616104126,0.08074309676885605,1.8302861452102661,0.1,22957568,57587712,0.019647756998892874,0.9254572004983612
1183,1.8398000001907349,0.08118569850921631,1.8479185104370117,0.1,22957568,57587712,0.019381619000341743,0.6775392320888529
1184,1.9221640825271606,0.08016151934862137,1.9301801919937134,0.1,22957568,57587712,0.019354187999852,0.7986664689984134
1185,1.8205735683441162,0.07899127900600433,1.8284727334976196,0.1,22957568,57587712,0.019505349977407604,0.671642424948992
1186,1.9079264402389526,0.08082833886146545,1.9160093069076538,0.1,22957568,57587712,0.019083070976193994,0.7453844485604026
1187,1.8738281726837158,0.08159031718969345,1.88198721408844,0.1,22957568,57587712,0.019456900015939027,0.6826225278079957
1188,1.8795026540756226,0.08092591911554337,1.887595295906067,0.1,22957568,57587712,0.020372011000290513,0.6376844692230247
1189,1.8339581489562988,0.08135861158370972,1.84209406375885,0.1,22957568,57587712,0.022685545030981302,0.7509386118780148
1190,1.850258231163025,0.08105909824371338,1.8583641052246094,0.1,22957568,57587712,0.02002640499267727,0.6855350540000724
1191,1.8307888507843018,0.08292949199676514,1.8390817642211914,0.1,22957568,57587712,0.019615105993580073,0.7455241376212092
1192,1.8787809610366821,0.07975922524929047,1.8867568969726562,0.1,22957568,57587712,0.019956914009526372,0.7434827456739925
1193,1.871627688407898,0.07945814728736877,1.8795734643936157,0.1,22957568,57587712,0.01968095899792388,0.6689141170835556
1194,1.891619324684143,0.0814409852027893,1.8997634649276733,0.1,22957568,57587712,0.01964176498586312,0.718306295147753
1195,1.8689000606536865,0.08176809549331665,1.8770768642425537,0.1,22957568,57587712,0.020463250984903425,0.7747723534826702
1196,1.8117101192474365,0.08086913824081421,1.8197970390319824,0.1,22957568,57587712,0.019191133964341134,0.6359567907863911
1197,1.8018423318862915,0.08153198659420013,1.8099955320358276,0.1,22957568,57587712,0.01965834602015093,0.7574274638662277
1198,1.8694961071014404,0.08194219321012497,1.877690315246582,0.1,22957568,57587712,0.01942920801229775,0.7291665619449792
1199,1.8627954721450806,0.07946847379207611,1.8707423210144043,0.1,22957568,57587712,0.019377561984583735,0.6554429216090243
1200,1.772629737854004,0.08172184228897095,1.7808018922805786,0.1,22957568,57587712,0.023772798012942076,0.7158799488742812
1201,1.8492282629013062,0.08172212541103363,1.8574004173278809,0.1,22957568,57587712,0.021753522974904627,0.767185561282125
1202,1.8774348497390747,0.08067401498556137,1.8855022192001343,0.1,22957568,57587712,0.02029500697972253,0.766268495709547
1203,1.796136736869812,0.0803564041852951,1.804172396659851,0.1,22957568,57587712,0.02000273100566119,0.7146854853240706
1204,1.7962853908538818,0.07947499305009842,1.8042328357696533,0.1,22957568,57587712,0.01954656798625365,0.8062234509949556
1205,1.8885204792022705,0.0794760212302208,1.8964680433273315,0.1,22957568,57587712,0.019644110056106,0.7286184298759918
1206,1.8209092617034912,0.08045493066310883,1.8289546966552734,0.1,22957568,57587712,0.01973089197417721,0.7710805408004542
1207,1.8950016498565674,0.0797339379787445,1.902975082397461,0.1,22957568,57587712,0.019584568974096328,0.7387438222714685
1208,1.802491307258606,0.08070915937423706,1.810562252998352,0.1,22957568,57587712,0.019528744043782353,0.6295123448437401
1209,1.8793115615844727,0.08133096992969513,1.8874446153640747,0.1,22957568,57587712,0.019649540015961975,0.7604962330164334
1210,1.8652621507644653,0.08047057688236237,1.8733092546463013,0.1,22957568,57587712,0.019832833029795438,0.7987248674244948
1211,1.912899136543274,0.0803527683019638,1.9209344387054443,0.1,22957568,57587712,0.019364106992725283,0.814037152986181
1212,1.8216135501861572,0.07984103262424469,1.8295977115631104,0.1,22957568,57587712,0.02048729598755017,0.707707719755815
1213,1.838806390762329,0.07968456298112869,1.8467748165130615,0.1,22957568,57587712,0.020719489955808967,0.7118425385354857
1214,1.855234146118164,0.07946060597896576,1.863180160522461,0.1,22957568,57587712,0.01982882502488792,0.8983433794087347
1215,1.834872841835022,0.07753430306911469,1.8426262140274048,0.1,22957568,57587712,0.01987708598608151,0.7078728950549694
1216,1.8988337516784668,0.08048535138368607,1.9068822860717773,0.1,22957568,57587712,0.019346433982718736,0.7543298513421804
1217,1.9017651081085205,0.07932528853416443,1.9096976518630981,0.1,22957568,57587712,0.01945285202236846,0.8628155918989341
1218,1.9031902551651,0.0803036019206047,1.911220669746399,0.1,22957568,57587712,0.01961587800178677,0.7402427601877987
1219,1.8754336833953857,0.08047246932983398,1.8834809064865112,0.1,22957568,57587712,0.01927793602226302,0.7041958694982755
1220,1.8556944131851196,0.07993520796298981,1.8636879920959473,0.1,22957568,57587712,0.01946525601670146,0.8388089020117122
1221,1.882328987121582,0.07907195389270782,1.8902361392974854,0.1,22957568,57587712,0.01947733899578452,0.7223904440811506
1222,1.8716089725494385,0.07950432598590851,1.8795593976974487,0.1,22957568,57587712,0.019366430991794914,0.7916187386229663
1223,1.834939956665039,0.08063136041164398,1.8430030345916748,0.1,22957568,57587712,0.01981484901625663,0.8544441005936391
1224,1.8308604955673218,0.080289825797081,1.838889479637146,0.1,22957568,57587712,0.019551557023078203,0.7294867836546675
1225,1.899556040763855,0.08193447440862656,1.9077495336532593,0.1,22957568,57587712,0.01948552398243919,0.7616428259652145
1226,1.8681271076202393,0.0800982192158699,1.8761368989944458,0.1,22957568,57587712,0.019570994016248733,0.7683485062453149
1227,1.8180534839630127,0.08139403909444809,1.826192855834961,0.1,22957568,57587712,0.01927211496513337,0.8194173773652659
1228,1.817861795425415,0.0797220841050148,1.825834035873413,0.1,22957568,57587712,0.01943412801483646,0.7723027765184738
1229,1.8394627571105957,0.0793570950627327,1.8473985195159912,0.1,22957568,57587712,0.019319474056828767,0.7696537223625041
1230,1.8493908643722534,0.07862383872270584,1.8572531938552856,0.1,22957568,57587712,0.020211891969665885,0.8070494207953894
1231,1.9132274389266968,0.08051955699920654,1.9212794303894043,0.1,22957568,57587712,0.019499198999255896,0.9551750731211459
1232,1.879581332206726,0.08109511435031891,1.8876909017562866,0.1,22957568,57587712,0.01945469598285854,0.7744592123411453
1233,1.8539490699768066,0.08126762509346008,1.8620758056640625,0.1,22957568,57587712,0.01962513499893248,0.9150596608811755
1234,1.7760313749313354,0.08075384050607681,1.784106731414795,0.1,22957568,57587712,0.01937121996888891,0.8144237417653503
1235,1.8669989109039307,0.08140216767787933,1.8751391172409058,0.1,22957568,57587712,0.01933275902410969,0.7351385001606758
1236,1.769078254699707,0.08015641570091248,1.7770938873291016,0.1,22957568,57587712,0.01954459398984909,0.8495475074252311
1237,1.8706281185150146,0.08086340874433517,1.8787144422531128,0.1,22957568,57587712,0.019536128966137767,0.7074733786683248
1238,1.8608711957931519,0.08016066998243332,1.8688873052597046,0.1,22957568,57587712,0.01941156602697447,0.7579367531602765
1239,1.844860553741455,0.07983647286891937,1.85284423828125,0.1,22957568,57587712,0.019374486990273,0.697837284318596
1240,1.852571725845337,0.08203241229057312,1.8607749938964844,0.1,22957568,57587712,0.019202625029720366,0.7856300282299196
1241,1.8218711614608765,0.081397145986557,1.8300108909606934,0.1,22957568,57587712,0.019651274022180587,0.8842425982659732
1242,1.85610830783844,0.0801280215382576,1.8641210794448853,0.1,22957568,57587712,0.019181985990144312,0.7040287724035711
1243,1.8463960886001587,0.08050511032342911,1.8544466495513916,0.1,22957568,57587712,0.019494801003020257,0.781443191749783
1244,1.8607230186462402,0.08105012774467468,1.8688280582427979,0.1,22957568,57587712,0.019672033027745783,0.7752343173088526
1245,1.8567432165145874,0.08158853650093079,1.8649020195007324,0.1,22957568,57587712,0.019833814993035048,0.7917238039733331
1246,1.7959709167480469,0.07981745153665543,1.803952693939209,0.1,22957568,57587712,0.01973649300634861,0.7535098409850948
1247,1.8355636596679688,0.07929257303476334,1.843492865562439,0.1,22957568,57587712,0.019116543990094215,0.8907870290741998
1248,1.9016553163528442,0.08200089633464813,1.9098553657531738,0.1,22957568,57587712,0.01947187801124528,0.9185748252737431
1249,1.861725091934204,0.08086517453193665,1.8698116540908813,0.1,22957568,57587712,0.01957605400821194,0.8432673724490386
1250,1.8038703203201294,0.08195096999406815,1.8120653629302979,0.1,22957568,57587712,0.02047354105161503,0.6919270560923987
1251,1.8062666654586792,0.07793992757797241,1.8140606880187988,0.1,22957568,57587712,0.020067731966264546,0.7680889108987007
1252,1.8384650945663452,0.08047695457935333,1.846512794494629,0.1,22957568,57587712,0.019823616021312773,0.8911917831106817
1253,1.7802560329437256,0.07954836636781693,1.7882108688354492,0.1,22957568,57587712,0.01977951399749145,0.7736430354412441
1254,1.8358688354492188,0.08018513768911362,1.8438873291015625,0.1,22957568,57587712,0.019577705999836326,0.6861988457784147
1255,1.919789433479309,0.07936833798885345,1.9277262687683105,0.1,22957568,57587712,0.01914141996530816,0.9476080223810867
1256,1.7383323907852173,0.08168485760688782,1.746500849723816,0.1,22957568,57587712,0.019629312970209867,0.7708539127945545
1257,1.9434008598327637,0.08061828464269638,1.951462745666504,0.1,22957568,57587712,0.0191544650006108,0.7851242439330641
1258,1.8381074666976929,0.0807429850101471,1.8461817502975464,0.1,22957568,57587712,0.01946183998370543,0.6829891034251073
1259,1.8494219779968262,0.08140077441930771,1.8575620651245117,0.1,22957568,57587712,0.019581414002459496,0.815654817821784
1260,1.842666506767273,0.08116814494132996,1.850783348083496,0.1,22957568,57587712,0.020067431963980198,0.8968929427870297
1261,1.7965598106384277,0.07975952327251434,1.8045357465744019,0.1,22957568,57587712,0.01954284100793302,0.737460949148842
1262,1.9029253721237183,0.0817238911986351,1.911097764968872,0.1,22957568,57587712,0.01922107901191339,0.8070398892503275
1263,1.8244575262069702,0.08024977147579193,1.8324824571609497,0.1,22957568,57587712,0.019483069016132504,0.8457298998721842
1264,1.8014158010482788,0.0804123654961586,1.8094570636749268,0.1,22957568,57587712,0.019380025973077863,0.7696407792039928
1265,1.7723784446716309,0.08172465115785599,1.7805509567260742,0.1,22957568,57587712,0.019324092019814998,0.7163673080539347
1266,1.8014702796936035,0.08064274489879608,1.8095345497131348,0.1,22957568,57587712,0.019356222008354962,0.7393546752665786
1267,1.903886079788208,0.0803573951125145,1.9119218587875366,0.1,22957568,57587712,0.019326295994687825,0.909228665929458
1268,1.832766056060791,0.07876668870449066,1.8406426906585693,0.1,22957568,57587712,0.019328199967276305,0.8295627648547853
1269,1.8365445137023926,0.08035114407539368,1.8445795774459839,0.1,22957568,57587712,0.020047244033776224,0.730505802849458
1270,1.8081722259521484,0.08044375479221344,1.8162165880203247,0.1,22957568,57587712,0.020437483966816217,0.7234267076102853
1271,1.8580306768417358,0.08167409151792526,1.8661980628967285,0.1,22957568,57587712,0.019694924994837493,0.7745377633101674
1272,1.789448618888855,0.08115220069885254,1.7975637912750244,0.1,22957568,57587712,0.019416574970819056,0.773307410548978
1273,1.9129245281219482,0.08094508945941925,1.9210190773010254,0.1,22957568,57587712,0.01942171499831602,0.7389622335211732
1274,1.874643325805664,0.08062271028757095,1.882705569267273,0.1,22957568,57587712,0.019530759018380195,0.7351701149044924
1275,1.8619897365570068,0.08279329538345337,1.8702690601348877,0.1,22957568,57587712,0.020674366038292646,0.866346749820178
1276,1.8283418416976929,0.08106356114149094,1.8364481925964355,0.1,22957568,57587712,0.019873499986715615,0.7178550507369371
1277,1.818500280380249,0.08238594233989716,1.8267388343811035,0.1,22957568,57587712,0.019387921958696097,0.7787502815201369
1278,1.8662738800048828,0.08169133961200714,1.8744430541992188,0.1,22957568,57587712,0.019226970965974033,0.8930700278684527
1279,1.8417069911956787,0.08264370262622833,1.8499714136123657,0.1,22957568,57587712,0.019530748017132282,0.7575411583175844
1280,1.811808466911316,0.0814092606306076,1.8199493885040283,0.1,22957568,57587712,0.019283987989183515,0.7958540032641304
1281,1.8412121534347534,0.08189766854047775,1.8494019508361816,0.1,22957568,57587712,0.019441021024249494,0.7534749926985234
1282,1.8523375988006592,0.07993189990520477,1.8603308200836182,0.1,22957568,57587712,0.019375237985514104,0.7618162394799907
1283,1.8533555269241333,0.08007405698299408,1.8613629341125488,0.1,22957568,57587712,0.01938425505068153,0.7622102194140683
1284,1.8291873931884766,0.08113845437765121,1.837301254272461,0.1,22957568,57587712,0.023902089975308627,0.7611451050083188
1285,1.8779290914535522,0.0803912878036499,1.8859682083129883,0.1,22957568,57587712,0.022896189999300987,0.7424307754359305
1286,1.8232171535491943,0.07885022461414337,1.8311021327972412,0.1,22957568,57587712,0.022707557014655322,0.7111239544939645
1287,1.8535337448120117,0.07927418500185013,1.8614611625671387,0.1,22957568,57587712,0.02111728396266699,0.6523623063327991
1288,1.8247624635696411,0.07818086445331573,1.83258056640625,0.1,22957568,57587712,0.022479910985566676,0.641746617168498
1289,1.8805097341537476,0.08011291921138763,1.8885210752487183,0.1,22957568,57587712,0.02099262096453458,0.8079179925923555
1290,1.8644592761993408,0.0792732685804367,1.8723865747451782,0.1,22957568,57587712,0.024110199010465294,0.8240224628769496
1291,1.8078851699829102,0.08049385994672775,1.8159345388412476,0.1,22957568,57587712,0.02354645502055064,0.7635511633863185
1292,1.8072075843811035,0.08060028403997421,1.815267562866211,0.1,22957568,57587712,0.021184600016567856,0.7445842094373691
1293,1.879372000694275,0.07897063344717026,1.8872690200805664,0.1,22957568,57587712,0.024718446016777307,0.8751510945744468
1294,1.8267055749893188,0.0809636265039444,1.8348019123077393,0.1,22957568,57587712,0.021053033997304738,0.6780559921923927
1295,1.8361706733703613,0.08095133304595947,1.8442658185958862,0.1,22957568,57587712,0.022783980006352067,0.8727516578687986
1296,1.869480013847351,0.0817379355430603,1.8776538372039795,0.1,22957568,57587712,0.02262113499455154,0.8277052828427556
1297,1.8035088777542114,0.0800231397151947,1.8115111589431763,0.1,22957568,57587712,0.020590530009940267,0.6529840783836196
1298,1.8697575330734253,0.08119316399097443,1.877876877784729,0.1,22957568,57587712,0.019708590989466757,0.7907254754736353
1299,1.8752391338348389,0.08127057552337646,1.8833662271499634,0.1,22957568,57587712,0.019669537025038153,0.7780692243587557
1300,1.858064889907837,0.08255240321159363,1.8663201332092285,0.1,22957568,57587712,0.02393587294500321,0.6897526835757255
1301,1.9099178314208984,0.07987102121114731,1.9179049730300903,0.1,22957568,57587712,0.021595449012238532,0.8255420862953075
1302,1.7497870922088623,0.07999199628829956,1.7577862739562988,0.1,22957568,57587712,0.0202615549787879,0.7303982814201317
1303,1.8207212686538696,0.07932698726654053,1.8286539316177368,0.1,22957568,57587712,0.01971194799989462,0.7055583920506285
1304,1.7948813438415527,0.08168298006057739,1.8030496835708618,0.1,22957568,57587712,0.01952604000689462,0.7369873301761019
1305,1.8422622680664062,0.07910723984241486,1.850172996520996,0.1,22957568,57587712,0.020745930029079318,0.7217542919331021
1306,1.8413506746292114,0.07820148020982742,1.8491708040237427,0.1,22957568,57587712,0.020387269963975996,0.7174739741280917
1307,1.7966217994689941,0.07998950034379959,1.8046207427978516,0.1,22957568,57587712,0.02009803004330024,0.8366134672320609
1308,1.8293230533599854,0.08007454127073288,1.8373304605484009,0.1,22957568,57587712,0.019346914952620864,0.6713353714381338
1309,1.9071320295333862,0.08140598237514496,1.91527259349823,0.1,22957568,57587712,0.01970910298405215,0.7280260358646128
1310,1.8370355367660522,0.08269105106592178,1.8453046083450317,0.1,22957568,57587712,0.020598695962689817,0.9457163953021793
1311,1.9154752492904663,0.08135361969470978,1.9236105680465698,0.1,22957568,57587712,0.019329853996168822,0.7401258252332547
1312,1.7785154581069946,0.07884194701910019,1.7863996028900146,0.1,22957568,57587712,0.019436582981143147,0.6734623044474212
1313,1.7921735048294067,0.08070032298564911,1.8002434968948364,0.1,22957568,57587712,0.01933143602218479,0.7937069477292389
1314,1.8429322242736816,0.07829855382442474,1.850762128829956,0.1,22957568,57587712,0.019541589019354433,0.7689300008711341
1315,1.8623062372207642,0.07840810716152191,1.8701469898223877,0.1,22957568,57587712,0.019663275976199657,0.7269882643480936
1316,1.805380940437317,0.07820846140384674,1.8132017850875854,0.1,22957568,57587712,0.019440911011770368,0.6479743863561647
1317,1.7814596891403198,0.07946186512708664,1.7894058227539062,0.1,22957568,57587712,0.019478070025797933,0.7435305919323215
1318,1.8681373596191406,0.0791071429848671,1.8760480880737305,0.1,22957568,57587712,0.019623972999397665,0.7844215616425861
1319,1.7859172821044922,0.0809827521443367,1.7940155267715454,0.1,22957568,57587712,0.020130388962570578,0.8190138608048088
1320,1.8716925382614136,0.08244520425796509,1.8799370527267456,0.1,22957568,57587712,0.020964789960999042,0.9324620968312687
1321,1.8033660650253296,0.08032150566577911,1.8113982677459717,0.1,22957568,57587712,0.0207434959593229,0.8177181903673358
1322,1.8484869003295898,0.07840222865343094,1.8563271760940552,0.1,22957568,57587712,0.019841931003611535,0.8726065472208421
1323,1.8230198621749878,0.08135281503200531,1.8311551809310913,0.1,22957568,57587712,0.01956718700239435,0.8356653669159849
1324,1.8426299095153809,0.08004940301179886,1.8506348133087158,0.1,22957568,57587712,0.019680730008985847,0.7241778773469544
1325,1.8829121589660645,0.08110582828521729,1.8910226821899414,0.1,22957568,57587712,0.02055207797093317,0.9304641596690809
1326,1.78970205783844,0.07916044443845749,1.7976181507110596,0.1,22957568,57587712,0.019347336026839912,0.7589564423893377
1327,1.7934470176696777,0.08195134252309799,1.8016421794891357,0.1,22957568,57587712,0.01931611803593114,0.7197965919930095
1328,1.8576058149337769,0.08148884773254395,1.8657547235488892,0.1,22957568,57587712,0.01936678303172812,0.7273954594983268
1329,1.8191478252410889,0.08002309501171112,1.8271501064300537,0.1,22957568,57587712,0.01938321301713586,0.8434003869508596
1330,1.8215982913970947,0.07939912378787994,1.8295382261276245,0.1,22957568,57587712,0.019408170017413795,0.8678904289956648
1331,1.8147763013839722,0.07862469553947449,1.822638750076294,0.1,22957568,57587712,0.019438898016232997,0.7245134028267065
1332,1.8386484384536743,0.07813592255115509,1.8464620113372803,0.1,22957568,57587712,0.019469093007501215,0.7591564909277644
1333,1.9019232988357544,0.07737122476100922,1.9096604585647583,0.1,22957568,57587712,0.019384807033929974,0.767971653726037
1334,1.8299568891525269,0.08078296482563019,1.838035225868225,0.1,22957568,57587712,0.01948332996107638,0.7428284997071334
1335,1.7645325660705566,0.07911960780620575,1.772444486618042,0.1,22957568,57587712,0.019370328984223306,0.9596271199156337
1336,1.8419729471206665,0.07994204759597778,1.849967122077942,0.1,22957568,57587712,0.01922113000182435,0.8498533621956786
1337,1.7724711894989014,0.07802024483680725,1.780273199081421,0.1,22957568,57587712,0.0193683149991557,0.6243323272065426
1338,1.8374838829040527,0.0805366262793541,1.845537543296814,0.1,22957568,57587712,0.0193602999788709,0.9180186388258322
1339,1.7525897026062012,0.08128030598163605,1.760717749595642,0.1,22957568,57587712,0.019182307994924486,0.7990838746424549
1340,1.8124171495437622,0.07913058996200562,1.820330262184143,0.1,22957568,57587712,0.020083793031517416,0.7285763184468409
1341,1.8204132318496704,0.08083301782608032,1.8284965753555298,0.1,22957568,57587712,0.01917030499316752,0.7963383764540554
1342,1.8034613132476807,0.0797768086194992,1.811439037322998,0.1,22957568,57587712,0.019396488030906767,0.815265789779946
1343,1.8308643102645874,0.07891370356082916,1.83875572681427,0.1,22957568,57587712,0.019321457017213106,0.8802921223183562
1344,1.836099624633789,0.0785311684012413,1.8439527750015259,0.1,22957568,57587712,0.019269760989118367,0.7609320079208539
1345,1.8204752206802368,0.07811268419027328,1.8282865285873413,0.1,22957568,57587712,0.019487128010950983,0.702265979430072
1346,1.8486683368682861,0.07952229678630829,1.8566205501556396,0.1,22957568,57587712,0.019079836958553642,0.7649344649935755
1347,1.841115117073059,0.07905085384845734,1.84902024269104,0.1,22957568,57587712,0.019323500979226083,0.7483425884925778
1348,1.8203965425491333,0.07855912297964096,1.8282524347305298,0.1,22957568,57587712,0.01936720300000161,0.7943765848074611
1349,1.8161802291870117,0.07911674678325653,1.824091911315918,0.1,22957568,57587712,0.019264049944467843,0.8238209708168776
1350,1.7756551504135132,0.07895667850971222,1.7835508584976196,0.1,22957568,57587712,0.019586953974794596,0.7172312154569983
1351,1.811607003211975,0.080428346991539,1.8196498155593872,0.1,22957568,57587712,0.01923843298573047,0.7131831810528048
1352,1.8085283041000366,0.08022190630435944,1.8165504932403564,0.1,22957568,57587712,0.01945204200455919,0.7547310786007001
1353,1.814559817314148,0.07904944568872452,1.8224647045135498,0.1,22957568,57587712,0.019500853028148413,0.7105987783137713
1354,1.7624014616012573,0.08128732442855835,1.7705302238464355,0.1,22957568,57587712,0.01944888598518446,0.7101342522479422
1355,1.8500701189041138,0.07938358187675476,1.8580085039138794,0.1,22957568,57587712,0.02116138703422621,0.8090507925882263
1356,1.8413006067276,0.08026406168937683,1.8493269681930542,0.1,22957568,57587712,0.020374575979076326,0.7345376698149816
1357,1.820072054862976,0.08096732199192047,1.8281687498092651,0.1,22957568,57587712,0.020047566038556397,0.6950947127749451
1358,1.7469513416290283,0.08004094660282135,1.7549554109573364,0.1,22957568,57587712,0.020335753040853888,0.7157264507217256
1359,1.8081914186477661,0.07999879121780396,1.81619131565094,0.1,22957568,57587712,0.020116764004342258,0.6899024962805185
1360,1.8164925575256348,0.07865343242883682,1.8243578672409058,0.1,22957568,57587712,0.019976833020336926,0.7909706077709654
1361,1.7531242370605469,0.07765507698059082,1.7608897686004639,0.1,22957568,57587712,0.01910582499112934,0.772942233999163
1362,1.7941086292266846,0.07795742899179459,1.801904320716858,0.1,22957568,57587712,0.0195086479652673,0.7264752103235372
1363,1.8514102697372437,0.07941241562366486,1.8593515157699585,0.1,22957568,57587712,0.019930084992665797,0.8558939751185877
1364,1.8041692972183228,0.08006099611520767,1.8121753931045532,0.1,22957568,57587712,0.019295519043225795,0.7527803523964995
1365,1.7647497653961182,0.07908518612384796,1.7726582288742065,0.1,22957568,57587712,0.01981340697966516,0.7684651877417988
1366,1.8447030782699585,0.07899054139852524,1.8526021242141724,0.1,22957568,57587712,0.01959104201523587,0.805307220333579
1367,1.8225866556167603,0.07890123128890991,1.8304767608642578,0.1,22957568,57587712,0.02002057497156784,0.732744682372753
1368,1.8482725620269775,0.07941387593746185,1.856213927268982,0.1,22957568,57587712,0.019623401982244104,1.0108901509017252
1369,1.8307666778564453,0.08026120811700821,1.8387928009033203,0.1,22957568,57587712,0.01921379700070247,0.7879203581229314
1370,1.8243463039398193,0.07852855324745178,1.832199215888977,0.1,22957568,57587712,0.02094764797948301,0.7223056572446778
1371,1.8695911169052124,0.07959447056055069,1.8775506019592285,0.1,22957568,57587712,0.020025182981044054,0.9524756453323944
1372,1.855383038520813,0.07883891463279724,1.863266944885254,0.1,22957568,57587712,0.020306398975662887,0.870359622318648
1373,1.7690553665161133,0.07873808592557907,1.7769291400909424,0.1,22957568,57587712,0.019566154980566353,0.7793530923925405
1374,1.8167561292648315,0.07861647009849548,1.8246177434921265,0.1,22957568,57587712,0.019436964008491486,0.7841600515319853
1375,1.826259732246399,0.07797899842262268,1.8340576887130737,0.1,22957568,57587712,0.019578488019760698,0.8699812743565077
1376,1.8888404369354248,0.07790857553482056,1.8966312408447266,0.1,22957568,57587712,0.019880273030139506,0.8209226119384984
1377,1.765199065208435,0.07927143573760986,1.773126244544983,0.1,22957568,57587712,0.020257146970834583,0.7928355559236071
1378,1.8116973638534546,0.07952499389648438,1.8196498155593872,0.1,22957568,57587712,0.019673605973366648,0.8879120056796125
1379,1.8268309831619263,0.07877220213413239,1.8347082138061523,0.1,22957568,57587712,0.019291642995085567,0.7666693430634882
1380,1.8140125274658203,0.08021418750286102,1.8220340013504028,0.1,22957568,57587712,0.01955706800799817,0.7740996264240911
1381,1.7448011636734009,0.08154701441526413,1.7529559135437012,0.1,22957568,57587712,0.01923789200372994,0.9766850574300528
1382,1.7389898300170898,0.07931119948625565,1.7469209432601929,0.1,22957568,57587712,0.01976980594918132,0.7386378263566371
1383,1.7489322423934937,0.08125394582748413,1.7570576667785645,0.1,22957568,57587712,0.020642887975554913,0.8178859622514784
1384,1.816062569618225,0.08070440590381622,1.824133038520813,0.1,22957568,57587712,0.022240874997805804,0.9469719584810876
1385,1.8453997373580933,0.07889702171087265,1.8532894849777222,0.1,22957568,57587712,0.023602650966495275,0.7937815075368099
1386,1.8373233079910278,0.07969197630882263,1.8452924489974976,0.1,22957568,57587712,0.019752212974708527,0.7654972844956655
1387,1.8440053462982178,0.07880650460720062,1.8518860340118408,0.1,22957568,57587712,0.01947561599081382,0.9889431968400408
1388,1.8739806413650513,0.07748252153396606,1.8817288875579834,0.1,22957568,57587712,0.01944915601052344,0.8433845604803157
1389,1.7655457258224487,0.07873786240816116,1.7734194993972778,0.1,22957568,57587712,0.019297392980661243,0.7036827760376169
1390,1.7946878671646118,0.07905843108892441,1.80259370803833,0.1,22957568,57587712,0.01953828299883753,1.050657983203387
1391,1.8509891033172607,0.07792474329471588,1.8587815761566162,0.1,22957568,57587712,0.019323550979606807,0.9580192067016026
1392,1.8166580200195312,0.07959160208702087,1.8246171474456787,0.1,22957568,57587712,0.019467080011963844,0.7380371261591394
1393,1.795706033706665,0.07903274893760681,1.8036092519760132,0.1,22957568,57587712,0.019598394981585443,0.8602044798642737
1394,1.8806183338165283,0.07912752032279968,1.8885310888290405,0.1,22957568,57587712,0.019247038988396525,0.8802328730095332
1395,1.8139314651489258,0.07959252595901489,1.8218907117843628,0.1,22957568,57587712,0.02064794796751812,0.7591714193580337
1396,1.8938877582550049,0.07782407104969025,1.901670217514038,0.1,22957568,57587712,0.019805101968813688,0.7883510262488825
1397,1.8172214031219482,0.07820293307304382,1.825041651725769,0.1,22957568,57587712,0.019570322998333722,0.7458816097394305
1398,1.8466508388519287,0.07845942676067352,1.8544968366622925,0.1,22957568,57587712,0.01966335700126365,0.8673651337526505
1399,1.797509789466858,0.07855664938688278,1.8053654432296753,0.1,22957568,57587712,0.01938744098879397,0.7328349084425888
1400,1.8682233095169067,0.07891178131103516,1.8761144876480103,0.1,22957568,57587712,0.024020481971092522,0.768002124800889
1401,1.8239028453826904,0.07845655083656311,1.8317484855651855,0.1,22957568,57587712,0.022665639990009367,0.9383303642861829
1402,1.8487904071807861,0.07766088843345642,1.8565565347671509,0.1,22957568,57587712,0.020715082995593548,0.7968122009917468
1403,1.8010202646255493,0.07810072600841522,1.8088303804397583,0.1,22957568,57587712,0.019928092951886356,0.6954131937411797
1404,1.8892607688903809,0.07762716710567474,1.8970234394073486,0.1,22957568,57587712,0.019359630008693784,0.7811593861296128
1405,1.885673999786377,0.07885528355836868,1.8935595750808716,0.1,22957568,57587712,0.020819669007323682,0.9088769703359731
1406,1.8481820821762085,0.07816146314144135,1.8559982776641846,0.1,22957568,57587712,0.021035372046753764,0.7780549380337144
1407,1.8055362701416016,0.08091400563716888,1.8136277198791504,0.1,22957568,57587712,0.021049047994893044,0.9226711129097762
1408,1.8337615728378296,0.08081464469432831,1.8418430089950562,0.1,22957568,57587712,0.02231379196746275,0.9278799335111222
1409,1.8032519817352295,0.07742998003959656,1.8109949827194214,0.1,22957568,57587712,0.020132083038333803,0.6532329978217282
1410,1.7884676456451416,0.07878509163856506,1.7963461875915527,0.1,22957568,57587712,0.02008134895004332,0.9308817538954853
1411,1.8152470588684082,0.07852639257907867,1.8230997323989868,0.1,22957568,57587712,0.01945130102103576,0.7702490320227573
1412,1.8279744386672974,0.0779559463262558,1.8357700109481812,0.1,22957568,57587712,0.019812537007965147,0.7179130491711646
1413,1.781336784362793,0.07932872325181961,1.7892696857452393,0.1,22957568,57587712,0.019470166007522494,0.6899321398906665
1414,1.842982292175293,0.07955358922481537,1.8509376049041748,0.1,22957568,57587712,0.019564963004086167,0.7771984331632901
1415,1.8552474975585938,0.0789334625005722,1.8631408214569092,0.1,22957568,57587712,0.01958941901102662,0.8258006773633875
1416,1.8453121185302734,0.07860501110553741,1.8531726598739624,0.1,22957568,57587712,0.01933252898743376,0.733198732666745
1417,1.8293720483779907,0.0790354311466217,1.8372756242752075,0.1,22957568,57587712,0.01965424104128033,0.8580907699959314
1418,1.807076096534729,0.08026513457298279,1.8151025772094727,0.1,22957568,57587712,0.01940041600028053,0.7973915953716864
1419,1.850829839706421,0.07990628480911255,1.8588204383850098,0.1,22957568,57587712,0.019314264005515724,0.7596503114660346
1420,1.8150596618652344,0.0797797366976738,1.8230376243591309,0.1,22957568,57587712,0.020410374039784074,0.6599482857511164
1421,1.7222281694412231,0.07998444885015488,1.7302266359329224,0.1,22957568,57587712,0.019569472002331167,0.7943428363269932
1422,1.7573423385620117,0.07741774618625641,1.765084147453308,0.1,22957568,57587712,0.019589559000451118,0.8438452640233998
1423,1.83745539188385,0.0797380656003952,1.8454291820526123,0.1,22957568,57587712,0.019231420010328293,0.7857854352285604
1424,1.7737706899642944,0.08040949702262878,1.7818115949630737,0.1,22957568,57587712,0.01944041100796312,0.8466151629360146
1425,1.786415457725525,0.08062832802534103,1.7944782972335815,0.1,22957568,57587712,0.019874032004736364,0.7314495153116981
1426,1.8564077615737915,0.0788918063044548,1.8642969131469727,0.1,22957568,57587712,0.019489623024128377,0.6867804365572323
1427,1.7577295303344727,0.07720278203487396,1.7654497623443604,0.1,22957568,57587712,0.019609456008765846,0.9744041469107441
1428,1.8405953645706177,0.07805189490318298,1.848400592803955,0.1,22957568,57587712,0.019500163034535944,0.7661644291032756
1429,1.8534824848175049,0.07850145548582077,1.861332654953003,0.1,22957568,57587712,0.019478272006381303,0.6953410208549736
1430,1.8102302551269531,0.07765224575996399,1.8179954290390015,0.1,22957568,57587712,0.019686119980178773,0.7751732034846593
1431,1.8981999158859253,0.07853095233440399,1.906053066253662,0.1,22957568,57587712,0.019428908999543637,0.7351788688819441
1432,1.8557827472686768,0.07907174527645111,1.86368989944458,0.1,22957568,57587712,0.019309055001940578,0.7359907530501195
1433,1.8147697448730469,0.07764334976673126,1.8225340843200684,0.1,22957568,57587712,0.01947068696608767,0.7016299163722737
1434,1.807988166809082,0.07849179208278656,1.8158373832702637,0.1,22957568,57587712,0.019189943035598844,0.7824070721796067
1435,1.8346548080444336,0.07924038916826248,1.8425788879394531,0.1,22957568,57587712,0.020574109978042543,0.7063907134010441
1436,1.8292877674102783,0.07876957952976227,1.8371647596359253,0.1,22957568,57587712,0.019319724990054965,0.7413453503957962
1437,1.8004969358444214,0.07736336439847946,1.8082332611083984,0.1,22957568,57587712,0.019518886983860284,0.7214726829410792
1438,1.780959963798523,0.0782613530755043,1.7887860536575317,0.1,22957568,57587712,0.019645994994789362,0.6547660736293606
1439,1.8023067712783813,0.07826755940914154,1.8101335763931274,0.1,22957568,57587712,0.019258170039393008,0.7611031990305772
1440,1.7669678926467896,0.0777156874537468,1.7747395038604736,0.1,22957568,57587712,0.0196191540453583,0.7465368244264483
1441,1.827307939529419,0.07704709470272064,1.835012674331665,0.1,22957568,57587712,0.01932052703341469,0.6966423034108153
1442,1.8251020908355713,0.07791734486818314,1.8328938484191895,0.1,22957568,57587712,0.02067176200216636,0.7007566730942607
1443,1.8117141723632812,0.07670262455940247,1.8193844556808472,0.1,22957568,57587712,0.021054237033240497,0.836592791500867
1444,1.810502529144287,0.07800395786762238,1.818302869796753,0.1,22957568,57587712,0.020304726960603148,0.7055635120054466
1445,1.793039321899414,0.07767031341791153,1.8008064031600952,0.1,22957568,57587712,0.019637228979263455,0.6425054776080099
1446,1.8040056228637695,0.0795862004160881,1.8119642734527588,0.1,22957568,57587712,0.01974694401724264,0.8354732557103166
1447,1.8155255317687988,0.0777607262134552,1.8233015537261963,0.1,22957568,57587712,0.02158763405168429,0.8305989472519135
1448,1.7665307521820068,0.07805246114730835,1.7743359804153442,0.1,22957568,57587712,0.02160484599880874,0.9507765585289358
1449,1.7463377714157104,0.0790947824716568,1.7542473077774048,0.1,22957568,57587712,0.020049669954460114,0.6782870944029676
1450,1.7791180610656738,0.0795561820268631,1.7870737314224243,0.1,22957568,57587712,0.020817053969949484,0.818000306048252
1451,1.8150908946990967,0.07933277636766434,1.8230241537094116,0.1,22957568,57587712,0.019472059968393296,0.8211988402445916
1452,1.8181811571121216,0.07940347492694855,1.82612144947052,0.1,22957568,57587712,0.019352255971170962,0.7538300463104209
1453,1.7958269119262695,0.08030375838279724,1.8038573265075684,0.1,22957568,57587712,0.01900559797650203,0.7903301990509567
1454,1.8079688549041748,0.07796876132488251,1.8157657384872437,0.1,22957568,57587712,0.019086018030066043,0.7447952659711508
1455,1.8049647808074951,0.0788213238120079,1.8128468990325928,0.1,22957568,57587712,0.019337969017215073,0.9190270084832332
1456,1.8073689937591553,0.07794763892889023,1.8151637315750122,0.1,22957568,57587712,0.019295559963211417,0.7116072667016169
1457,1.7506076097488403,0.07790528982877731,1.758398175239563,0.1,22957568,57587712,0.019328310969285667,0.71836916199453
1458,1.7659128904342651,0.0774005874991417,1.7736529111862183,0.1,22957568,57587712,0.01926025399006903,0.872191803825552
1459,1.7931158542633057,0.0786600112915039,1.800981879234314,0.1,22957568,57587712,0.019142623990774155,0.795891383176752
1460,1.8516353368759155,0.0765470415353775,1.8592900037765503,0.1,22957568,57587712,0.02002664702013135,0.8805336689038061
1461,1.7973600625991821,0.07734518498182297,1.805094599723816,0.1,22957568,57587712,0.019464985991362482,0.7929350872044951
1462,1.7814960479736328,0.07928532361984253,1.7894245386123657,0.1,22957568,57587712,0.01925632602069527,1.0206009434525067
1463,1.7673965692520142,0.0790618360042572,1.775302767753601,0.1,22957568,57587712,0.01937091100262478,0.8421198849397687
1464,1.8098289966583252,0.07797049731016159,1.8176259994506836,0.1,22957568,57587712,0.019210440979804844,0.7425477164576193
1465,1.8104248046875,0.0782666727900505,1.8182514905929565,0.1,22957568,57587712,0.020583147008437663,1.0124379607146556
1466,1.8163278102874756,0.08030098676681519,1.8243578672409058,0.1,22957568,57587712,0.019564602989703417,1.0098810393112825
1467,1.7852286100387573,0.07862196117639542,1.7930908203125,0.1,22957568,57587712,0.019605448993388563,0.8492590655109832
1468,1.8439545631408691,0.07727526128292084,1.8516820669174194,0.1,22957568,57587712,0.019454717985354364,1.342446527665023
1469,1.7962394952774048,0.07736009359359741,1.8039754629135132,0.1,22957568,57587712,0.019041705003473908,0.8432118442879198
1470,1.822323203086853,0.07743128389120102,1.8300663232803345,0.1,22957568,57587712,0.019320707011502236,1.018588375718134
1471,1.8084602355957031,0.0800282210111618,1.8164631128311157,0.1,22957568,57587712,0.01934242801507935,0.961673296772133
1472,1.8124053478240967,0.07987570762634277,1.8203929662704468,0.1,22957568,57587712,0.020059358037542552,0.8127724298238151
1473,1.8176991939544678,0.07829886674880981,1.8255290985107422,0.1,22957568,57587712,0.01982166396919638,0.8477859022297185
1474,1.8008323907852173,0.07840418815612793,1.8086727857589722,0.1,22957568,57587712,0.019726385013200343,0.9969325207783417
1475,1.8427985906600952,0.0792626366019249,1.8507248163223267,0.1,22957568,57587712,0.0198012960026972,0.7682152071562348
1476,1.7899904251098633,0.08113004267215729,1.7981034517288208,0.1,22957568,57587712,0.019163432996720076,0.7397201076847828
1477,1.8764638900756836,0.08071054518222809,1.8845349550247192,0.1,22957568,57587712,0.019556798972189426,0.9318765080496234
1478,1.816040277481079,0.07903581112623215,1.823943853378296,0.1,22957568,57587712,0.019527783966623247,0.7968341185925881
1479,1.7745141983032227,0.0797666683793068,1.782490849494934,0.1,22957568,57587712,0.019215811043977737,0.8071824882448072
1480,1.768660545349121,0.0804164931178093,1.7767021656036377,0.1,22957568,57587712,0.020529897010419518,0.8369380529908982
1481,1.728490948677063,0.08070439845323563,1.7365614175796509,0.1,22957568,57587712,0.01912023196928203,0.8759701373100268
1482,1.720622181892395,0.08089802414178848,1.7287119626998901,0.1,22957568,57587712,0.01960326498374343,0.697351576904613
1483,1.8186413049697876,0.07924671471118927,1.8265659809112549,0.1,22957568,57587712,0.01956809003604576,0.8892579553999316
1484,1.8052626848220825,0.0804876983165741,1.8133114576339722,0.1,22957568,57587712,0.019417428004089743,0.8573455415410303
1485,1.8243519067764282,0.08042479306459427,1.8323943614959717,0.1,22957568,57587712,0.019502907991409302,0.7149064394592937
1486,1.8318160772323608,0.07904830574989319,1.8397209644317627,0.1,22957568,57587712,0.019397861033212394,0.8153056766028854
1487,1.7484339475631714,0.08037421107292175,1.7564713954925537,0.1,22957568,57587712,0.019336316036060452,0.7411008078819283
1488,1.8198305368423462,0.08105141669511795,1.8279356956481934,0.1,22957568,57587712,0.019589239032939076,0.8560736909004129
1489,1.7670842409133911,0.07952727377414703,1.7750369310379028,0.1,22957568,57587712,0.019329743983689696,0.7054659913680474
1490,1.839070200920105,0.07968733459711075,1.847038984298706,0.1,22957568,57587712,0.019545226998161525,0.7486291438997671
1491,1.8130160570144653,0.07870335131883621,1.8208863735198975,0.1,22957568,57587712,0.01918547396780923,0.892653862489763
1492,1.800060749053955,0.07909942418336868,1.807970643043518,0.1,22957568,57587712,0.019254613027442247,0.8877158087450288
1493,1.8553529977798462,0.07902341336011887,1.8632553815841675,0.1,22957568,57587712,0.019715355010703206,0.7662639440617678
1494,1.8074582815170288,0.07856814563274384,1.8153151273727417,0.1,22957568,57587712,0.020045251003466547,0.805859592798174
1495,1.7531198263168335,0.0796600729227066,1.761085867881775,0.1,22957568,57587712,0.02095171599648893,0.7203749071479549
1496,1.7783682346343994,0.07894383370876312,1.7862626314163208,0.1,22957568,57587712,0.019538032996933907,0.7978336232244463
1497,1.8363182544708252,0.07959494739770889,1.8442777395248413,0.1,22957568,57587712,0.02016575599554926,0.7159936273651087
1498,1.7716699838638306,0.07922187447547913,1.7795921564102173,0.1,22957568,57587712,0.019886864989530295,0.6715093935601614
1499,1.7471401691436768,0.08067935705184937,1.755208134651184,0.1,22957568,57587712,0.01941399200586602,0.7378236080865712
1500,1.7840498685836792,0.07958962023258209,1.792008876800537,0.1,22957568,57587712,0.02399288199376315,0.7731152802269297
1501,1.8090311288833618,0.08064951747655869,1.8170961141586304,0.1,22957568,57587712,0.021140549972187728,0.7050477165641811
1502,1.775119423866272,0.07995816320180893,1.783115267753601,0.1,22957568,57587712,0.020633161009754986,0.7264897606866807
1503,1.8129992485046387,0.08187918365001678,1.821187138557434,0.1,22957568,57587712,0.02078495401656255,0.7964761260431393
1504,1.748252511024475,0.08178609609603882,1.7564311027526855,0.1,22957568,57587712,0.01997118297731504,0.6975193492746241
1505,1.8151953220367432,0.07810040563344955,1.8230053186416626,0.1,22957568,57587712,0.019952768983785063,0.860838192026963
1506,1.8352973461151123,0.07816138118505478,1.8431135416030884,0.1,22957568,57587712,0.019495804968755692,0.7408400403203128
1507,1.7934658527374268,0.07965303957462311,1.8014311790466309,0.1,22957568,57587712,0.01969631901010871,0.7297263739318709
1508,1.7840803861618042,0.07876762747764587,1.791957139968872,0.1,22957568,57587712,0.019688284024596214,0.8316182788796093
1509,1.8501559495925903,0.07782421261072159,1.8579384088516235,0.1,22957568,57587712,0.019568360992707312,0.7368401446221192
1510,1.7970772981643677,0.07891464233398438,1.8049687147140503,0.1,22957568,57587712,0.02045938605442643,0.6485461276205563
1511,1.7775909900665283,0.077936090528965,1.7853846549987793,0.1,22957568,57587712,0.020350982958916575,0.7566577301065329
1512,1.817553162574768,0.0780056044459343,1.825353741645813,0.1,22957568,57587712,0.01991115097189322,0.7974242762318516
1513,1.8164873123168945,0.07837752997875214,1.8243250846862793,0.1,22957568,57587712,0.019868590985424817,0.7656758222871909
1514,1.7790944576263428,0.08055265992879868,1.7871496677398682,0.1,22957568,57587712,0.019497047003824264,0.8031029473433978
1515,1.7778724431991577,0.07994750142097473,1.7858672142028809,0.1,22957568,57587712,0.020269190950784832,0.8142523714505914
1516,1.7712677717208862,0.08051057159900665,1.7793188095092773,0.1,22957568,57587712,0.019474535016342998,0.8572142674664424
1517,1.7514119148254395,0.07946718484163284,1.7593586444854736,0.1,22957568,57587712,0.019608706003054976,0.7705436427554839
1518,1.7997978925704956,0.0795537605881691,1.807753324508667,0.1,22957568,57587712,0.019541140005458146,0.6501890789701744
1519,1.7734858989715576,0.07972712069749832,1.7814586162567139,0.1,22957568,57587712,0.019341266015544534,0.7742748136714412
1520,1.8061052560806274,0.07862508296966553,1.8139677047729492,0.1,22957568,57587712,0.019803219998721033,0.7962125941084774
1521,1.8904602527618408,0.0798884853720665,1.8984490633010864,0.1,22957568,57587712,0.01929865701822564,0.7821673127089629
1522,1.7595769166946411,0.07938255369663239,1.7675151824951172,0.1,22957568,57587712,0.019508318044245243,0.7309404395593612
1523,1.7428748607635498,0.0791051983833313,1.7507853507995605,0.1,22957568,57587712,0.019778393034357578,0.7437724443381727
1524,1.7463566064834595,0.07785090059041977,1.7541416883468628,0.1,22957568,57587712,0.019490445032715797,0.8465059131473427
1525,1.7377395629882812,0.0800098329782486,1.745740532875061,0.1,22957568,57587712,0.020116115047130734,0.7702751774975215
1526,1.7343465089797974,0.0800614058971405,1.7423526048660278,0.1,22957568,57587712,0.01974432001588866,0.7289704078396663
1527,1.8047429323196411,0.07944339513778687,1.8126872777938843,0.1,22957568,57587712,0.019606871996074915,0.683910848787255
1528,1.796637773513794,0.07736758887767792,1.8043745756149292,0.1,22957568,57587712,0.01983531902078539,0.6576257916288821
1529,1.8436836004257202,0.07757100462913513,1.851440668106079,0.1,22957568,57587712,0.01954296202166006,0.8142947330442422
1530,1.7835290431976318,0.0793696790933609,1.7914659976959229,0.1,22957568,57587712,0.020834627968724817,0.7986336821872687
1531,1.7507463693618774,0.07784455269575119,1.758530855178833,0.1,22957568,57587712,0.019229847006499767,0.7224603518724453
1532,1.713261365890503,0.07728353887796402,1.72098970413208,0.1,22957568,57587712,0.0197983100079,0.7486277989193011
1533,1.777148962020874,0.07954232394695282,1.78510320186615,0.1,22957568,57587712,0.019682092999573797,0.7885184680752193
1534,1.7295774221420288,0.08007528632879257,1.7375849485397339,0.1,22957568,57587712,0.019526671967469156,0.7190601094463352
1535,1.840367078781128,0.07878093421459198,1.8482451438903809,0.1,22957568,57587712,0.019876316015142947,0.8727684635489945
1536,1.764327883720398,0.0798034816980362,1.7723082304000854,0.1,22957568,57587712,0.019088133005425334,0.7710047445852259
1537,1.779941439628601,0.07817693799734116,1.7877591848373413,0.1,22957568,57587712,0.019612974021583796,0.7243884111809412
1538,1.8281660079956055,0.0792635902762413,1.8360923528671265,0.1,22957568,57587712,0.019885553047060966,0.7235001731920888
1539,1.835028052330017,0.07731875032186508,1.8427599668502808,0.1,22957568,57587712,0.019332859956193715,0.8228751167909131
1540,1.820853352546692,0.0769161656498909,1.8285449743270874,0.1,22957568,57587712,0.019699886965099722,0.8919639304101646
1541,1.817414402961731,0.07827456295490265,1.8252418041229248,0.1,22957568,57587712,0.01963234000140801,0.752765863251364
1542,1.8478283882141113,0.07756542414426804,1.855584979057312,0.1,22957568,57587712,0.0201245000353083,0.8742689012605603
1543,1.7270883321762085,0.08075140416622162,1.7351634502410889,0.1,22957568,57587712,0.019949782988987863,0.6907519708506845
1544,1.8371400833129883,0.08034542948007584,1.8451746702194214,0.1,22957568,57587712,0.01955213997280225,0.7783466216913785
1545,1.779249668121338,0.07827001810073853,1.787076711654663,0.1,22957568,57587712,0.021316448983270675,0.7008586473807216
1546,1.7902204990386963,0.07695280760526657,1.7979158163070679,0.1,22957568,57587712,0.025228170969057828,0.8162668707233813
1547,1.8519929647445679,0.07723283767700195,1.8597162961959839,0.1,22957568,57587712,0.02401550399372354,0.8044906856807803
1548,1.7653977870941162,0.0779828354716301,1.7731961011886597,0.1,22957568,57587712,0.024923860968556255,0.6959413879524106
1549,1.7401556968688965,0.07674470543861389,1.7478301525115967,0.1,22957568,57587712,0.022346934012603015,0.7785756198227893
1550,1.7569149732589722,0.07936613261699677,1.7648515701293945,0.1,22957568,57587712,0.020751552016008645,0.7641826532730658
1551,1.7790132761001587,0.07836641371250153,1.7868499755859375,0.1,22957568,57587712,0.019875455007422715,0.7499321664100909
1552,1.8620450496673584,0.07713426649570465,1.8697584867477417,0.1,22957568,57587712,0.020570623979438096,0.7529841442884476
1553,1.804703950881958,0.07873831689357758,1.812577724456787,0.1,22957568,57587712,0.019836853025481105,0.7265030294452124
1554,1.8365981578826904,0.07744770497083664,1.8443429470062256,0.1,22957568,57587712,0.0197838629828766,0.828862517968679
1555,1.7419652938842773,0.07900938391685486,1.749866247177124,0.1,22957568,57587712,0.01956042496021837,0.8030784959204115
1556,1.7677996158599854,0.07818998396396637,1.7756186723709106,0.1,22957568,57587712,0.019620336999651045,0.7247551944377586
1557,1.780482530593872,0.08039553463459015,1.7885221242904663,0.1,22957568,57587712,0.019661755010019988,0.7480449778424451
1558,1.793442726135254,0.07760734856128693,1.8012034893035889,0.1,22957568,57587712,0.019423960999120027,0.7627656278956084
1559,1.7716774940490723,0.07956397533416748,1.77963387966156,0.1,22957568,57587712,0.019787199038546532,0.7146744327357777
1560,1.7562639713287354,0.07782238721847534,1.7640461921691895,0.1,22957568,57587712,0.02010221895761788,0.7924157548542982
1561,1.8426731824874878,0.07763704657554626,1.8504369258880615,0.1,22957568,57587712,0.019653069030027837,0.7583947802005266
1562,1.7912170886993408,0.07818572223186493,1.799035668373108,0.1,22957568,57587712,0.01981430995510891,0.7219494879019337
1563,1.7830332517623901,0.08118900656700134,1.7911521196365356,0.1,22957568,57587712,0.019841892004478723,0.7670579715908027
1564,1.7376916408538818,0.07983659952878952,1.7456753253936768,0.1,22957568,57587712,0.021134267968591303,0.7279051803770811
1565,1.8115445375442505,0.08035734295845032,1.819580316543579,0.1,22957568,57587712,0.020985139010008425,0.864768928220156
1566,1.7975550889968872,0.07965603470802307,1.8055206537246704,0.1,22957568,57587712,0.020005187019705772,0.7982111955059703
1567,1.7606209516525269,0.07814301550388336,1.7684352397918701,0.1,22957568,57587712,0.01999113103374839,0.9320298346075078
1568,1.7831374406814575,0.07893650233745575,1.7910311222076416,0.1,22957568,57587712,0.019741844036616385,0.8371135622450274
1569,1.783690094947815,0.07776279747486115,1.7914663553237915,0.1,22957568,57587712,0.019696168950758874,0.6968140646109106
1570,1.8067976236343384,0.07853016257286072,1.8146506547927856,0.1,22957568,57587712,0.01927943096961826,0.8615042500883697
1571,1.7562754154205322,0.0802084356546402,1.764296293258667,0.1,22957568,57587712,0.019653650000691414,0.8007154953723236
1572,1.8133741617202759,0.07805309444665909,1.8211795091629028,0.1,22957568,57587712,0.01956564502324909,0.7138958693046842
1573,1.8198740482330322,0.07769264280796051,1.8276432752609253,0.1,22957568,57587712,0.019467792997602373,0.7514524544796978
1574,1.7839401960372925,0.07841907441616058,1.7917821407318115,0.1,22957568,57587712,0.019705416983924806,0.7824509013466676
1575,1.8802026510238647,0.0790616050362587,1.8881088495254517,0.1,22957568,57587712,0.019859174033626914,0.8375649382375197
1576,1.726534366607666,0.08047962933778763,1.7345823049545288,0.1,22957568,57587712,0.020128758042119443,0.7767777760267698
1577,1.7937803268432617,0.07766423374414444,1.8015466928482056,0.1,22957568,57587712,0.019679368007928133,0.7578539145912104
1578,1.786734700202942,0.0799880400300026,1.7947335243225098,0.1,22957568,57587712,0.021916370023973286,0.8058216491201784
1579,1.7970529794692993,0.07654044032096863,1.8047070503234863,0.1,22957568,57587712,0.022211741947103292,0.7029591150373816
1580,1.7189487218856812,0.07840192317962646,1.726788878440857,0.1,22957568,57587712,0.020071311038918793,0.7354433027519139
1581,1.7344121932983398,0.07579981535673141,1.7419921159744263,0.1,22957568,57587712,0.019728370010852814,0.7963271879940101
1582,1.7690861225128174,0.0775357112288475,1.7768397331237793,0.1,22957568,57587712,0.019601292035076767,0.7748654703765475
1583,1.801306962966919,0.07737277448177338,1.8090442419052124,0.1,22957568,57587712,0.0194749659858644,0.7972565634530898
1584,1.7859081029891968,0.07880549877882004,1.7937886714935303,0.1,22957568,57587712,0.019676311989314854,0.845400943680915
1585,1.8284666538238525,0.07697927951812744,1.8361645936965942,0.1,22957568,57587712,0.01959930796874687,0.6623247100598963
1586,1.7677454948425293,0.0767962709069252,1.7754250764846802,0.1,22957568,57587712,0.019593747972976416,0.7695977490519543
1587,1.8163937330245972,0.07712225615978241,1.824105978012085,0.1,22957568,57587712,0.01961445703636855,0.7570864704510966
1588,1.8133718967437744,0.07687275111675262,1.821059226989746,0.1,22957568,57587712,0.01930897601414472,0.7673710411462187
1589,1.7848526239395142,0.07732106000185013,1.792584776878357,0.1,22957568,57587712,0.019858723040670156,0.9256287767320219
1590,1.734775185585022,0.07823564112186432,1.7425987720489502,0.1,22957568,57587712,0.02076359500642866,0.6977085318963095
1591,1.7430874109268188,0.07935135066509247,1.7510225772857666,0.1,22957568,57587712,0.01951625302899629,0.716122742134092
1592,1.835308313369751,0.07812248915433884,1.8431205749511719,0.1,22957568,57587712,0.01986598700750619,0.7592373827192079
1593,1.7941406965255737,0.07886284589767456,1.8020269870758057,0.1,22957568,57587712,0.019370510999578983,0.8035985052813449
1594,1.764341115951538,0.0800083726644516,1.7723419666290283,0.1,22957568,57587712,0.019665102008730173,0.735655726153827
1595,1.8171839714050293,0.07817446440458298,1.8250013589859009,0.1,22957568,57587712,0.019779185007791966,0.7942333110564754
1596,1.812457799911499,0.07829853892326355,1.8202877044677734,0.1,22957568,57587712,0.019729090970940888,0.7734030605236744
1597,1.780165195465088,0.07671915739774704,1.7878371477127075,0.1,22957568,57587712,0.01971720898291096,0.6896814725869523
1598,1.7967205047607422,0.07721841335296631,1.8044424057006836,0.1,22957568,57587712,0.019816935004200786,0.7029300184655185
1599,1.770662784576416,0.07977081835269928,1.7786399126052856,0.1,22957568,57587712,0.019879471976310015,0.8359282378325318
1600,1.7928917407989502,0.07908976078033447,1.8008006811141968,0.1,22957568,57587712,0.02182635199278593,0.683196333364153
1601,1.7910783290863037,0.07900530099868774,1.7989788055419922,0.1,22957568,57587712,0.022200912004336715,0.7136600291204226
1602,1.824481725692749,0.07850337028503418,1.8323320150375366,0.1,22957568,57587712,0.024878787982743233,0.6907647999857319
1603,1.7588838338851929,0.07690602540969849,1.7665743827819824,0.1,22957568,57587712,0.021276173007208854,0.7402500756346374
1604,1.6504825353622437,0.07772302627563477,1.658254861831665,0.1,22957568,57587712,0.01990067196311429,0.7480189272528376
1605,1.8197720050811768,0.07802895456552505,1.8275748491287231,0.1,22957568,57587712,0.019827454991173,0.7651893821487161
1606,1.7516969442367554,0.07920444011688232,1.7596173286437988,0.1,22957568,57587712,0.019638692028820515,0.7088579192419232
1607,1.7613561153411865,0.07722780108451843,1.7690788507461548,0.1,22957568,57587712,0.01994680898496881,0.7320545984634619
1608,1.751281976699829,0.07888790965080261,1.7591707706451416,0.1,22957568,57587712,0.01976198301417753,0.7169158148794649
1609,1.7632631063461304,0.07810623943805695,1.7710736989974976,0.1,22957568,57587712,0.01994395296787843,0.7360238314994296
1610,1.722495198249817,0.07824434340000153,1.730319619178772,0.1,22957568,57587712,0.020566355960909277,0.7644571759594051
1611,1.7385174036026,0.07725519686937332,1.746242880821228,0.1,22957568,57587712,0.019228214980103076,0.7120918579909818
1612,1.7655874490737915,0.07858824729919434,1.7734463214874268,0.1,22957568,57587712,0.019692433008458465,0.6676020884364112
1613,1.7710092067718506,0.07788492739200592,1.7787977457046509,0.1,22957568,57587712,0.019727228034753352,0.7833554887386754
1614,1.8012197017669678,0.07794405519962311,1.809014081954956,0.1,22957568,57587712,0.019645905995275825,0.8215929284215328
1615,1.8131062984466553,0.0755222961306572,1.820658564567566,0.1,22957568,57587712,0.019790546037256718,0.7671085355824994
1616,1.739933729171753,0.0781455785036087,1.7477482557296753,0.1,22957568,57587712,0.020398031978402287,0.6853509809166468
1617,1.7713803052902222,0.0779728889465332,1.7791775465011597,0.1,22957568,57587712,0.019784033996984363,0.8191727878105127
1618,1.8377060890197754,0.07763279974460602,1.845469355583191,0.1,22957568,57587712,0.019461521005723625,0.8094689768326779
1619,1.7403627634048462,0.07804031670093536,1.748166799545288,0.1,22957568,57587712,0.01966141496086493,0.7879024750774254
1620,1.6883288621902466,0.07896901667118073,1.6962257623672485,0.1,22957568,57587712,0.019845779985189438,0.7012531506344652
1621,1.739282250404358,0.07682667672634125,1.746964931488037,0.1,22957568,57587712,0.019439218973275274,0.7066083421555032
1622,1.7598278522491455,0.07708118110895157,1.767535924911499,0.1,22957568,57587712,0.020038930990267545,0.797381771287029
1623,1.7982745170593262,0.07702562212944031,1.8059771060943604,0.1,22957568,57587712,0.020221852988470346,0.757828562945484
1624,1.7633932828903198,0.07688358426094055,1.7710816860198975,0.1,22957568,57587712,0.019662967999465764,0.7759424257715021
1625,1.7368037700653076,0.07636984437704086,1.7444407939910889,0.1,22957568,57587712,0.02036428899737075,0.7838993039165078
1626,1.7745200395584106,0.07789821922779083,1.782309889793396,0.1,22957568,57587712,0.019419172022026032,0.8207839525428352
1627,1.7916871309280396,0.07737185060977936,1.7994242906570435,0.1,22957568,57587712,0.019910280010662973,0.7229782679907933
1628,1.7940962314605713,0.0757308155298233,1.8016693592071533,0.1,22957568,57587712,0.019300790037959814,0.8355613052379159
1629,1.8261921405792236,0.07764771580696106,1.8339569568634033,0.1,22957568,57587712,0.01961094996659085,0.8469473294859668
1630,1.7637091875076294,0.07684974372386932,1.77139413356781,0.1,22957568,57587712,0.019775549008045346,0.7225542686205415
1631,1.8285349607467651,0.07724113762378693,1.836259126663208,0.1,22957568,57587712,0.019446522986982018,0.8122068797028295
1632,1.793676733970642,0.07680221647024155,1.8013569116592407,0.1,22957568,57587712,0.019916741992346942,0.7715993613514024
1633,1.7954003810882568,0.07674475759267807,1.803074836730957,0.1,22957568,57587712,0.0197422259952873,0.7672748164714924
1634,1.7171354293823242,0.07667712867259979,1.72480309009552,0.1,22957568,57587712,0.019441663986071944,0.7528368663591595
1635,1.7551158666610718,0.07667657732963562,1.7627835273742676,0.1,22957568,57587712,0.019646738015580922,0.7689257232286331
1636,1.7897943258285522,0.07541981339454651,1.7973363399505615,0.1,22957568,57587712,0.01954051898792386,0.7636677007484105
1637,1.7970925569534302,0.07775294780731201,1.8048678636550903,0.1,22957568,57587712,0.019852651981636882,0.6728969911573425
1638,1.7047739028930664,0.07748650014400482,1.7125225067138672,0.1,22957568,57587712,0.019211304024793208,0.7566435178983648
1639,1.838929533958435,0.07855270057916641,1.8467848300933838,0.1,22957568,57587712,0.01954914501402527,0.8730675233565616
1640,1.7419824600219727,0.07652127742767334,1.7496346235275269,0.1,22957568,57587712,0.020076070039067417,0.6558311020868752
1641,1.685283899307251,0.08114627003669739,1.6933984756469727,0.1,22957568,57587712,0.019566146947909147,0.7392995886245574
1642,1.807465672492981,0.07918120920658112,1.815383791923523,0.1,22957568,57587712,0.01997332798782736,0.7295748044643267
1643,1.7309935092926025,0.07819312810897827,1.738812804222107,0.1,22957568,57587712,0.01934938196791336,0.8130523244194903
1644,1.7837367057800293,0.07773195207118988,1.7915098667144775,0.1,22957568,57587712,0.019711839966475964,0.7363682937491554
1645,1.796821117401123,0.07825051993131638,1.8046461343765259,0.1,22957568,57587712,0.019512146012857556,0.7431480626416125
1646,1.7351853847503662,0.07618331909179688,1.742803692817688,0.1,22957568,57587712,0.01954272302100435,0.7979086625363175
1647,1.761102318763733,0.07768823206424713,1.7688711881637573,0.1,22957568,57587712,0.0195155119872652,0.7040343112313564
1648,1.7181161642074585,0.0754939466714859,1.72566556930542,0.1,22957568,57587712,0.019120264041703194,0.7558730892093459
1649,1.781596302986145,0.07748819887638092,1.789345145225525,0.1,22957568,57587712,0.019558672967832536,0.8916098058805595
1650,1.7791990041732788,0.0767679214477539,1.78687584400177,0.1,22957568,57587712,0.019926420005504042,0.751673118413458
1651,1.8303593397140503,0.07702483236789703,1.838061809539795,0.1,22957568,57587712,0.019480738032143563,0.7705469262054826
1652,1.7668668031692505,0.07703298330307007,1.774570107460022,0.1,22957568,57587712,0.019592516007833183,0.7886831372677737
1653,1.8654570579528809,0.07780029624700546,1.873237133026123,0.1,22957568,57587712,0.019307222974020988,0.8764419034649396
1654,1.7097605466842651,0.07860636711120605,1.7176212072372437,0.1,22957568,57587712,0.01945838500978425,0.9151128658894757
1655,1.7376350164413452,0.0779598206281662,1.7454309463500977,0.1,22957568,57587712,0.020476338977459818,0.8639061160348582
1656,1.7429933547973633,0.0777142345905304,1.7507647275924683,0.1,22957568,57587712,0.01944921800168231,0.7225371400353893
1657,1.800580382347107,0.07749709486961365,1.8083300590515137,0.1,22957568,57587712,0.019628303009085357,0.7528895187250277
1658,1.769597053527832,0.07720032334327698,1.7773170471191406,0.1,22957568,57587712,0.019446262973360717,0.9117008379726146
1659,1.750253677368164,0.07692408561706543,1.7579461336135864,0.1,22957568,57587712,0.019524178991559893,0.7618019936349166
1660,1.8281112909317017,0.07653762400150299,1.83576500415802,0.1,22957568,57587712,0.019723590987268835,0.7930966833438671
1661,1.7481753826141357,0.07828940451145172,1.7560043334960938,0.1,22957568,57587712,0.019534196995664388,0.8047842699083372
1662,1.8525621891021729,0.07636323571205139,1.8601984977722168,0.1,22957568,57587712,0.019866638991516083,0.8204577666561342
1663,1.7592211961746216,0.0768178328871727,1.7669029235839844,0.1,22957568,57587712,0.01992716098902747,0.7115140747034112
1664,1.839687466621399,0.07774005085229874,1.847461462020874,0.1,22957568,57587712,0.01981188595527783,0.8447509141951024
1665,1.791788101196289,0.07912315428256989,1.799700379371643,0.1,22957568,57587712,0.019823288021143526,0.8109111475684477
1666,1.7643777132034302,0.0762532502412796,1.7720030546188354,0.1,22957568,57587712,0.019853723992127925,0.7520922977425919
1667,1.7326985597610474,0.077243372797966,1.7404228448867798,0.1,22957568,57587712,0.019557350024115294,0.8422216172198036
1668,1.7307480573654175,0.0771864652633667,1.738466739654541,0.1,22957568,57587712,0.019370993017219007,0.735813419086929
1669,1.7824654579162598,0.07834188640117645,1.790299654006958,0.1,22957568,57587712,0.0193767020246014,0.789149952927295
1670,1.7537660598754883,0.0782930850982666,1.761595368385315,0.1,22957568,57587712,0.020265744999051094,0.7278783567097293
1671,1.7659764289855957,0.0776994600892067,1.773746371269226,0.1,22957568,57587712,0.019472762010991573,0.8038433805830493
1672,1.7519418001174927,0.07661312818527222,1.7596031427383423,0.1,22957568,57587712,0.019978297990746796,0.7804959149198671
1673,1.783587098121643,0.07877717167139053,1.7914648056030273,0.1,22957568,57587712,0.019725694961380213,0.7412429107757891
1674,1.7674169540405273,0.07731771469116211,1.7751487493515015,0.1,22957568,57587712,0.019644704007077962,0.8222526493487147
1675,1.7645028829574585,0.07580630481243134,1.7720835208892822,0.1,22957568,57587712,0.019863523019012064,0.8333203217900319
1676,1.7710239887237549,0.07696613669395447,1.7787206172943115,0.1,22957568,57587712,0.01944923895644024,0.7532661641059695
1677,1.7773821353912354,0.07657887041568756,1.785040020942688,0.1,22957568,57587712,0.01960371801396832,0.8703652564802103
1678,1.7356758117675781,0.07830128073692322,1.7435059547424316,0.1,22957568,57587712,0.019438638002611697,0.8716955814621619
1679,1.7692170143127441,0.07918361574411392,1.7771353721618652,0.1,22957568,57587712,0.01930184301454574,0.8967343414529841
1680,1.7380961179733276,0.07913331687450409,1.7460094690322876,0.1,22957568,57587712,0.01969652099069208,0.7528087008565727
1681,1.7787609100341797,0.07676006108522415,1.786436915397644,0.1,22957568,57587712,0.019456592039205134,0.8608483994166837
1682,1.7355557680130005,0.0780760645866394,1.743363380432129,0.1,22957568,57587712,0.01946172199677676,0.8852016195722927
1683,1.8047147989273071,0.07930886745452881,1.812645673751831,0.1,22957568,57587712,0.01963197998702526,0.8084243847229046
1684,1.7711986303329468,0.07552424818277359,1.778751015663147,0.1,22957568,57587712,0.019485005002934486,0.9817233260929628
1685,1.724901795387268,0.07602685689926147,1.7325044870376587,0.1,22957568,57587712,0.020392091013491154,0.8937549187744578
1686,1.7946350574493408,0.07679702341556549,1.8023147583007812,0.1,22957568,57587712,0.019554004014935344,0.9238020665340053
1687,1.7283464670181274,0.07612046599388123,1.735958456993103,0.1,22957568,57587712,0.02055344299878925,0.7468582159325334
1688,1.8043482303619385,0.07826712727546692,1.812174916267395,0.1,22957568,57587712,0.021379157027695328,0.9167060877052542
1689,1.752328872680664,0.07702204585075378,1.7600311040878296,0.1,22957568,57587712,0.02064412197796628,0.9162788288042113
1690,1.852766752243042,0.07627901434898376,1.8603945970535278,0.1,22957568,57587712,0.0199677879572846,0.7610725702221094
1691,1.6976079940795898,0.07586885243654251,1.7051948308944702,0.1,22957568,57587712,0.019784935982897878,0.7302927054730596
1692,1.8576138019561768,0.07642936706542969,1.8652567863464355,0.1,22957568,57587712,0.019665914005599916,0.948184368249641
1693,1.763424277305603,0.07873106002807617,1.7712973356246948,0.1,22957568,57587712,0.019456370966508985,0.834792954617222
1694,1.736175537109375,0.07865485548973083,1.7440409660339355,0.1,22957568,57587712,0.019846111012157053,0.7096034560412247
1695,1.782129168510437,0.07829245179891586,1.7899583578109741,0.1,22957568,57587712,0.019818267959635705,0.7565236926854547
1696,1.7570445537567139,0.07826044410467148,1.7648706436157227,0.1,22957568,57587712,0.01965167699381709,0.7294748931908391
1697,1.7968027591705322,0.07692283391952515,1.804495096206665,0.1,22957568,57587712,0.019503369985613972,0.7440156659738323
1698,1.7662895917892456,0.07889361679553986,1.7741789817810059,0.1,22957568,57587712,0.019485887023620307,0.7489123515968946
1699,1.829360842704773,0.07629498094320297,1.8369903564453125,0.1,22957568,57587712,0.02006452903151512,0.9120078475627511
1700,1.761889934539795,0.0780075266957283,1.7696906328201294,0.1,22957568,57587712,0.02306137199047953,0.7998103864824679
1701,1.7348535060882568,0.07642587274312973,1.742496132850647,0.1,22957568,57587712,0.026092768006492406,0.7415360198566145
1702,1.787020206451416,0.07646964490413666,1.79466712474823,0.1,22957568,57587712,0.025244702002964914,0.8295458028349436
1703,1.8157331943511963,0.07626757025718689,1.8233599662780762,0.1,22957568,57587712,0.025678873993456364,0.9004504971518357
1704,1.7221494913101196,0.07830998301506042,1.72998046875,0.1,22957568,57587712,0.02425722702173516,0.7292938990402861
1705,1.7418502569198608,0.07844197005033493,1.7496944665908813,0.1,22957568,57587712,0.021376752003561705,0.7306119769262989
1706,1.8016026020050049,0.07732471823692322,1.8093351125717163,0.1,22957568,57587712,0.019807477947324514,0.7125904526524641
1707,1.7441987991333008,0.07720374315977097,1.751919150352478,0.1,22957568,57587712,0.020016649970784783,0.8114157725526469
1708,1.7808886766433716,0.07770486176013947,1.7886592149734497,0.1,22957568,57587712,0.01965291000669822,0.6952964127337433
1709,1.761162519454956,0.0773625522851944,1.7688987255096436,0.1,22957568,57587712,0.02039407502161339,0.7391792254450462
1710,1.768059253692627,0.07745428383350372,1.7758046388626099,0.1,22957568,57587712,0.020017601957079023,0.8825668351023717
1711,1.7587083578109741,0.08046531677246094,1.7667548656463623,0.1,22957568,57587712,0.019670472014695406,0.7701384341392769
1712,1.77031409740448,0.07755059003829956,1.7780691385269165,0.1,22957568,57587712,0.01997823698911816,0.7595281752686641
1713,1.785560131072998,0.07754833996295929,1.7933149337768555,0.1,22957568,57587712,0.019444268953520805,0.8295150471437626
1714,1.7665283679962158,0.07785537838935852,1.7743139266967773,0.1,22957568,57587712,0.019568792020436376,0.7608659875118884
1715,1.7703129053115845,0.07864589989185333,1.7781774997711182,0.1,22957568,57587712,0.019881145970430225,0.8146739524001889
1716,1.7227346897125244,0.0760284885764122,1.7303375005722046,0.1,22957568,57587712,0.019626810040790588,0.7791903567035795
1717,1.7693963050842285,0.075632244348526,1.7769595384597778,0.1,22957568,57587712,0.01992737199179828,0.8260862313506345
1718,1.7644561529159546,0.0786527618765831,1.7723214626312256,0.1,22957568,57587712,0.01967036200221628,0.8427557509915136
1719,1.7932885885238647,0.07811006903648376,1.8010995388031006,0.1,22957568,57587712,0.019441985001321882,0.7801245381915319
1720,1.783074140548706,0.07642053067684174,1.7907161712646484,0.1,22957568,57587712,0.020314686000347137,0.7009320804141659
1721,1.7818936109542847,0.07677093148231506,1.789570689201355,0.1,22957568,57587712,0.01960907701868564,0.7350148137726275
1722,1.7399600744247437,0.07600317150354385,1.7475603818893433,0.1,22957568,57587712,0.01979867200134322,0.765928755907905
1723,1.7511324882507324,0.07562154531478882,1.7586946487426758,0.1,22957568,57587712,0.01945987797807902,0.855140885431641
1724,1.6986031532287598,0.07686810940504074,1.7062900066375732,0.1,22957568,57587712,0.019605150038842112,0.7703779375851029
1725,1.8236119747161865,0.07648798078298569,1.8312608003616333,0.1,22957568,57587712,0.01974678400438279,0.8146463441446026
1726,1.7588443756103516,0.07562176883220673,1.766406536102295,0.1,22957568,57587712,0.019491748011205345,0.7317033073248415
1727,1.7478777170181274,0.07725590467453003,1.755603313446045,0.1,22957568,57587712,0.01990127400495112,0.7411521018073454
1728,1.7301446199417114,0.07659198343753815,1.7378038167953491,0.1,22957568,57587712,0.019448117003776133,0.7469821277942541
1729,1.8022819757461548,0.07643751800060272,1.8099256753921509,0.1,22957568,57587712,0.019610930990893394,0.6978078889102544
1730,1.781562089920044,0.07679946720600128,1.7892420291900635,0.1,22957568,57587712,0.019676963973324746,0.7700626170592708
1731,1.7004592418670654,0.07829994708299637,1.7082892656326294,0.1,22957568,57587712,0.019300240033771843,0.8058456992363715
1732,1.726969838142395,0.07627775520086288,1.7345975637435913,0.1,22957568,57587712,0.019660414021927863,0.8449836965448883
1733,1.7159583568572998,0.0784863606095314,1.7238069772720337,0.1,22957568,57587712,0.019407571002375335,0.6631306978156173
1734,1.6999430656433105,0.0767817497253418,1.7076212167739868,0.1,22957568,57587712,0.02600345097016543,0.8659817450514771
1735,1.7564637660980225,0.07648872584104538,1.7641125917434692,0.1,22957568,57587712,0.0265118419774808,0.8561019398063334
1736,1.706419587135315,0.07676234841346741,1.7140958309173584,0.1,22957568,57587712,0.028902200981974602,0.7820566450233799
1737,1.7225264310836792,0.0779905766248703,1.73032546043396,0.1,22957568,57587712,0.025432594993617386,0.789245718012784
1738,1.7186819314956665,0.0782618522644043,1.7265081405639648,0.1,22957568,57587712,0.01996835001045838,0.803940571865296
1739,1.7123169898986816,0.0773821547627449,1.7200552225112915,0.1,22957568,57587712,0.019180145987775177,0.7849654238171165
1740,1.7271950244903564,0.07529234886169434,1.7347242832183838,0.1,22957568,57587712,0.019818738976027817,0.6849826553425636
1741,1.7640271186828613,0.07725076377391815,1.7717522382736206,0.1,22957568,57587712,0.01969396701315418,0.6859481944766255
1742,1.7369766235351562,0.07921239733695984,1.7448978424072266,0.1,22957568,57587712,0.019404896011110395,0.7498993988121485
1743,1.743570327758789,0.07836656272411346,1.7514070272445679,0.1,22957568,57587712,0.019619266968220472,0.8132587136654077
1744,1.7775322198867798,0.07728499174118042,1.7852606773376465,0.1,22957568,57587712,0.01974447997054085,0.7368407492498409
1745,1.7772924900054932,0.07800599932670593,1.785093069076538,0.1,22957568,57587712,0.019539678003638983,0.7251405457012399
1746,1.7711149454116821,0.07793165743350983,1.778908133506775,0.1,22957568,57587712,0.019423740974161774,0.7232600701817833
1747,1.7425541877746582,0.07791410386562347,1.7503455877304077,0.1,22957568,57587712,0.019350284012034535,0.739911705513336
1748,1.7822612524032593,0.0769914910197258,1.7899603843688965,0.1,22957568,57587712,0.01979784097056836,0.7529923590983756
1749,1.7493821382522583,0.0757317990064621,1.7569552659988403,0.1,22957568,57587712,0.01936840795679018,0.7586826622450236
1750,1.738250494003296,0.07728804647922516,1.7459793090820312,0.1,22957568,57587712,0.01999670302029699,0.7415926725230472
1751,1.7279911041259766,0.07747967541217804,1.7357391119003296,0.1,22957568,57587712,0.019602094020228833,0.8971778508900542
1752,1.7303968667984009,0.07712847739458084,1.7381097078323364,0.1,22957568,57587712,0.019337420002557337,0.7252675335001272
1753,1.7219164371490479,0.07674002647399902,1.7295904159545898,0.1,22957568,57587712,0.0193294039927423,0.7144563673989583
1754,1.75375235080719,0.07697492837905884,1.7614498138427734,0.1,22957568,57587712,0.01954033999936655,0.9157221523767177
1755,1.7519503831863403,0.07520405948162079,1.759470820426941,0.1,22957568,57587712,0.01957268000114709,0.7558033064543722
1756,1.7436774969100952,0.0751657485961914,1.7511941194534302,0.1,22957568,57587712,0.019741745956707746,0.8272600836534735
1757,1.7936601638793945,0.076847605407238,1.801344871520996,0.1,22957568,57587712,0.019604718952905387,0.7277479196591485
1758,1.6824480295181274,0.07653448730707169,1.6901015043258667,0.1,22957568,57587712,0.01953431701986119,0.7434489562287279
1759,1.7446569204330444,0.07773740589618683,1.7524306774139404,0.1,22957568,57587712,0.01936535199638456,0.759340709956439
1760,1.7921254634857178,0.07506237924098969,1.7996317148208618,0.1,22957568,57587712,0.019311851996462792,0.854492269243509
1761,1.718477725982666,0.07651901245117188,1.7261296510696411,0.1,22957568,57587712,0.019683257036376745,0.7821339538819678
1762,1.764136552810669,0.07520540058612823,1.771657109260559,0.1,22957568,57587712,0.01920002297265455,0.7600171650470577
1763,1.757635474205017,0.07549255341291428,1.765184760093689,0.1,22957568,57587712,0.019473954977001995,0.8565463521635003
1764,1.7525566816329956,0.07504447549581528,1.7600611448287964,0.1,22957568,57587712,0.019525872019585222,0.7468991791446071
1765,1.6846117973327637,0.0772203728556633,1.6923338174819946,0.1,22957568,57587712,0.020267198036890477,0.770408920187771
1766,1.802295207977295,0.07664050161838531,1.8099592924118042,0.1,22957568,57587712,0.01987696799915284,0.7216205933462562
1767,1.708821415901184,0.07805921882390976,1.7166273593902588,0.1,22957568,57587712,0.019306903006508946,0.8384452022535454
1768,1.794355869293213,0.07713668793439865,1.8020695447921753,0.1,22957568,57587712,0.01930259499931708,0.8739558043148605
1769,1.7384257316589355,0.07742547988891602,1.7461682558059692,0.1,22957568,57587712,0.01947451598243788,0.9867448632259549
1770,1.7461252212524414,0.07734225690364838,1.7538594007492065,0.1,22957568,57587712,0.019291974953375757,0.7213744345085664
1771,1.7282094955444336,0.0764133557677269,1.7358508110046387,0.1,22957568,57587712,0.01944758597528562,0.8626785260861628
1772,1.7273142337799072,0.07599352300167084,1.7349135875701904,0.1,22957568,57587712,0.021064919012133032,0.8810632092544968
1773,1.7245652675628662,0.0772731751203537,1.7322925329208374,0.1,22957568,57587712,0.02096692699706182,0.8102981144271839
1774,1.697597622871399,0.07749512046575546,1.7053471803665161,0.1,22957568,57587712,0.022465366986580193,1.1897480832848908
1775,1.7509586811065674,0.07764482498168945,1.7587231397628784,0.1,22957568,57587712,0.019753757980652153,0.7429311720538917
1776,1.8033405542373657,0.07594788074493408,1.810935378074646,0.1,22957568,57587712,0.020314296009019017,0.82668117053691
1777,1.7830151319503784,0.07580316066741943,1.7905954122543335,0.1,22957568,57587712,0.01961851498344913,0.8876078616951325
1778,1.844313621520996,0.07616104185581207,1.851929783821106,0.1,22957568,57587712,0.01946275500813499,0.9279044824171738
1779,1.7560871839523315,0.07670345157384872,1.763757586479187,0.1,22957568,57587712,0.019500985043123364,0.7371810694785815
1780,1.770305871963501,0.07532389461994171,1.7778382301330566,0.1,22957568,57587712,0.020227233006153256,0.7720031608690567
1781,1.7257370948791504,0.07655490934848785,1.733392596244812,0.1,22957568,57587712,0.019658681005239487,0.8923414551214107
1782,1.741884469985962,0.07487712800502777,1.749372124671936,0.1,22957568,57587712,0.01973063498735428,0.8624418722031003
1783,1.783451795578003,0.0778704434633255,1.791238784790039,0.1,22957568,57587712,0.01950794900767505,0.7891558382117441
1784,1.7624152898788452,0.07675834000110626,1.77009117603302,0.1,22957568,57587712,0.019535180006641895,0.948441992087708
1785,1.7710602283477783,0.0760839581489563,1.7786686420440674,0.1,22957568,57587712,0.020005768979899585,0.7921881116432012
1786,1.7203567028045654,0.07613851130008698,1.7279706001281738,0.1,22957568,57587712,0.01967827696353197,0.7208079022179142
1787,1.7775954008102417,0.07741662859916687,1.7853370904922485,0.1,22957568,57587712,0.01966788701247424,1.0648205588877209
1788,1.6997171640396118,0.07760560512542725,1.7074776887893677,0.1,22957568,57587712,0.019688375992700458,0.8104771455715994
1789,1.7081609964370728,0.075740747153759,1.7157350778579712,0.1,22957568,57587712,0.019472162006422877,0.7797806568514577
1790,1.7435983419418335,0.07674604654312134,1.7512729167938232,0.1,22957568,57587712,0.019499672984238714,1.0697390988088236
1791,1.788985013961792,0.07581599056720734,1.7965666055679321,0.1,22957568,57587712,0.019540039007551968,0.825881039299575
1792,1.7066152095794678,0.07678712904453278,1.7142939567565918,0.1,22957568,57587712,0.01971119799418375,0.6985547423858333
1793,1.7254912853240967,0.0759921446442604,1.7330905199050903,0.1,22957568,57587712,0.01990096300141886,0.7451638402081271
1794,1.7996244430541992,0.07552660256624222,1.8071770668029785,0.1,22957568,57587712,0.01976213400484994,0.9117849097961988
1795,1.7767671346664429,0.07677184790372849,1.7844443321228027,0.1,22957568,57587712,0.02022609196137637,0.8733522510601648
1796,1.7456666231155396,0.07636682689189911,1.7533032894134521,0.1,22957568,57587712,0.019415335962548852,0.740210086347675
1797,1.7345349788665771,0.07667805999517441,1.7422027587890625,0.1,22957568,57587712,0.019635948003269732,0.85830408050079
1798,1.7740329504013062,0.07759273052215576,1.781792163848877,0.1,22957568,57587712,0.01944297703448683,0.8440295496361399
1799,1.8150043487548828,0.0771750882267952,1.8227218389511108,0.1,22957568,57587712,0.019464457989670336,0.7205165124975065
1800,1.8015785217285156,0.07713089138269424,1.8092916011810303,0.1,22957568,57587712,0.0239344640285708,0.8641944965948344
1801,1.7339425086975098,0.07558667659759521,1.7415012121200562,0.1,22957568,57587712,0.02276190201519057,0.7379623042884454
1802,1.7743345499038696,0.07728277146816254,1.7820627689361572,0.1,22957568,57587712,0.02044224599376321,0.7499054898622971
1803,1.6426844596862793,0.07595697790384293,1.6502801179885864,0.1,22957568,57587712,0.02002297103172168,0.7360497800430313
1804,1.770214319229126,0.07638503611087799,1.7778527736663818,0.1,22957568,57587712,0.02053839497966692,0.8127601404472259
1805,1.7688252925872803,0.07686685770750046,1.7765120267868042,0.1,22957568,57587712,0.0240423459908925,0.7189404364636436
1806,1.6720654964447021,0.07833245396614075,1.679898738861084,0.1,22957568,57587712,0.020668058015871793,0.7023246218237627
1807,1.752716064453125,0.07699048519134521,1.7604150772094727,0.1,22957568,57587712,0.019898299011401832,0.8409636310245538
1808,1.661470890045166,0.07744906097650528,1.6692157983779907,0.1,22957568,57587712,0.02001446596113965,0.7349042346285934
1809,1.7324177026748657,0.07817418873310089,1.7402350902557373,0.1,22957568,57587712,0.01981455204077065,0.7330318725078467
1810,1.7829152345657349,0.07654564082622528,1.79056978225708,0.1,22957568,57587712,0.019905772991478443,0.8021486242492254
1811,1.6910587549209595,0.07622366398572922,1.698681116104126,0.1,22957568,57587712,0.0197252850048244,0.7339227876065034
1812,1.8328319787979126,0.0768655389547348,1.8405184745788574,0.1,22957568,57587712,0.01955498702591285,0.819133079646096
1813,1.7312889099121094,0.07650613784790039,1.7389395236968994,0.1,22957568,57587712,0.020007783023174852,0.7727860520087731
1814,1.7515259981155396,0.07617869973182678,1.7591438293457031,0.1,22957568,57587712,0.01929957902757451,0.6701689208837152
1815,1.7453124523162842,0.07794506847858429,1.753106951713562,0.1,22957568,57587712,0.019779246009420604,0.8332996935322793
1816,1.7447055578231812,0.07636008411645889,1.7523415088653564,0.1,22957568,57587712,0.019639724981971085,0.8179156466259412
1817,1.7443203926086426,0.07734571397304535,1.7520549297332764,0.1,22957568,57587712,0.019519049965310842,0.7897655211110254
1818,1.7762393951416016,0.0764673724770546,1.7838860750198364,0.1,22957568,57587712,0.0198568920022808,0.7126057159903119
1819,1.7349932193756104,0.0772448256611824,1.7427177429199219,0.1,22957568,57587712,0.019420475990045816,0.7461567467388744
1820,1.7426015138626099,0.07730303704738617,1.7503317594528198,0.1,22957568,57587712,0.01979557698359713,0.796096114838919
1821,1.6948010921478271,0.07865780591964722,1.7026668787002563,0.1,22957568,57587712,0.019778545014560223,0.7057588640755598
1822,1.7418220043182373,0.07736377418041229,1.7495583295822144,0.1,22957568,57587712,0.019416237017139792,0.6954392211436973
1823,1.8044484853744507,0.07589347660541534,1.8120378255844116,0.1,22957568,57587712,0.01979187998222187,0.8037040964618483
1824,1.707091212272644,0.07757768034934998,1.7148489952087402,0.1,22957568,57587712,0.019079909019637853,0.8150226559014357
1825,1.758588194847107,0.07739885151386261,1.7663280963897705,0.1,22957568,57587712,0.019775038992520422,0.7994617833590169
1826,1.8095932006835938,0.07637961953878403,1.8172311782836914,0.1,22957568,57587712,0.019685080042108893,0.8007097745444172
1827,1.7308744192123413,0.07711376994848251,1.7385858297348022,0.1,22957568,57587712,0.01949059695471078,0.7557812417670237
1828,1.7144639492034912,0.07925491780042648,1.7223894596099854,0.1,22957568,57587712,0.019696561968885362,0.9051039083875402
1829,1.7625012397766113,0.07569542527198792,1.7700707912445068,0.1,22957568,57587712,0.019366915978025645,0.8318144999699784
1830,1.7410436868667603,0.07703394442796707,1.7487471103668213,0.1,22957568,57587712,0.02065663697430864,0.7525960142328858
1831,1.711500883102417,0.07812341302633286,1.7193132638931274,0.1,22957568,57587712,0.019879664003383368,0.7001908422828509
1832,1.7111207246780396,0.07640860229730606,1.7187615633010864,0.1,22957568,57587712,0.019580874999519438,0.7201536774827159
1833,1.7958043813705444,0.07625676691532135,1.8034300804138184,0.1,22957568,57587712,0.019747356011066586,0.7901823660626597
1834,1.7533975839614868,0.07649677246809006,1.7610472440719604,0.1,22957568,57587712,0.01926707901293412,0.6713705495382845
1835,1.7156609296798706,0.07455621659755707,1.7231165170669556,0.1,22957568,57587712,0.01968819700414315,0.7015601881677339
1836,1.7686103582382202,0.0757085531949997,1.7761812210083008,0.1,22957568,57587712,0.019700528995599598,0.8247645728247518
1837,1.7411459684371948,0.07549533247947693,1.7486954927444458,0.1,22957568,57587712,0.019660414021927863,0.8541159367540319
1838,1.700606107711792,0.0777200385928154,1.7083780765533447,0.1,22957568,57587712,0.019649753987323493,0.7506839676955841
1839,1.7455967664718628,0.07705861330032349,1.7533025741577148,0.1,22957568,57587712,0.01937569200526923,0.7842752500425837
1840,1.6589809656143188,0.07928475737571716,1.6669094562530518,0.1,22957568,57587712,0.019868091971147805,0.7379306697590136
1841,1.7218561172485352,0.07794641703367233,1.7296507358551025,0.1,22957568,57587712,0.019629867048934102,0.8425068939270182
1842,1.7782195806503296,0.0773082822561264,1.7859504222869873,0.1,22957568,57587712,0.0193012019735761,0.7717129079598257
1843,1.795488715171814,0.07618209719657898,1.8031069040298462,0.1,22957568,57587712,0.019645145977847278,0.7314012782531514
1844,1.7441463470458984,0.07593945413827896,1.7517403364181519,0.1,22957568,57587712,0.019381763006094843,0.8047252244614689
1845,1.7508902549743652,0.07568074762821198,1.7584583759307861,0.1,22957568,57587712,0.020422378031071275,0.8788024343000694
1846,1.7166680097579956,0.07624129205942154,1.7242921590805054,0.1,22957568,57587712,0.021437306015286595,0.764872308681525
1847,1.7665611505508423,0.07730843126773834,1.7742919921875,0.1,22957568,57587712,0.02044088300317526,0.7369410373165547
1848,1.7266731262207031,0.07721143215894699,1.7343943119049072,0.1,22957568,57587712,0.019788053003139794,0.8182381235640308
1849,1.7497013807296753,0.07550051808357239,1.7572513818740845,0.1,22957568,57587712,0.01929435000056401,0.8423827090991328
1850,1.7081729173660278,0.07736879587173462,1.7159098386764526,0.1,22957568,57587712,0.019441473996266723,0.8070093586679149
1851,1.7454031705856323,0.07573768496513367,1.752976894378662,0.1,22957568,57587712,0.01971019699703902,0.7814085452968742
1852,1.7144309282302856,0.07769699394702911,1.722200632095337,0.1,22957568,57587712,0.019472853979095817,0.8061534664267105
1853,1.7437986135482788,0.07616502791643143,1.7514151334762573,0.1,22957568,57587712,0.01970999699551612,0.8115510799743048
1854,1.7296408414840698,0.07507426291704178,1.7371482849121094,0.1,22957568,57587712,0.01920580497244373,0.7301065939509387
1855,1.695949912071228,0.07627742737531662,1.7035776376724243,0.1,22957568,57587712,0.020112468977458775,0.8282282940655584
1856,1.7061740159988403,0.07681937515735626,1.7138559818267822,0.1,22957568,57587712,0.019970104040112346,0.7030782633657169
1857,1.7495678663253784,0.0770394578576088,1.7572717666625977,0.1,22957568,57587712,0.0195991899818182,0.8361334012989367
1858,1.7640774250030518,0.07456110417842865,1.771533489227295,0.1,22957568,57587712,0.020498180005233735,0.7853999930228246
1859,1.6702767610549927,0.07499654591083527,1.6777764558792114,0.1,22957568,57587712,0.019616332021541893,0.7425735179640726
1860,1.7545934915542603,0.07829734683036804,1.7624232769012451,0.1,22957568,57587712,0.0211147129884921,0.7632561824916312
1861,1.8095197677612305,0.07530191540718079,1.8170499801635742,0.1,22957568,57587712,0.02000672201393172,0.7506938683003611
1862,1.7114782333374023,0.0780460387468338,1.719282865524292,0.1,22957568,57587712,0.019361295038834214,0.7946343834852065
1863,1.7397964000701904,0.07849590480327606,1.7476459741592407,0.1,22957568,57587712,0.019900392973795533,0.8526465015770541
1864,1.7319962978363037,0.07774607837200165,1.7397708892822266,0.1,22957568,57587712,0.019370532012544572,0.7975654100666678
1865,1.7504520416259766,0.07735550403594971,1.7581875324249268,0.1,22957568,57587712,0.019769497972447425,0.8529527291614217
1866,1.7098556756973267,0.07811424881219864,1.7176671028137207,0.1,22957568,57587712,0.020080009009689093,0.7955782301587164
1867,1.732397198677063,0.07756535708904266,1.7401537895202637,0.1,22957568,57587712,0.019449279992841184,0.745695003271055
1868,1.74560546875,0.07712651044130325,1.7533180713653564,0.1,22957568,57587712,0.019839739019516855,0.886467911337245
1869,1.793154239654541,0.07611174881458282,1.8007653951644897,0.1,22957568,57587712,0.019203800009563565,0.8143666494263774
1870,1.7446041107177734,0.07710546255111694,1.7523146867752075,0.1,22957568,57587712,0.01943094504531473,0.7488060777035908
1871,1.7395410537719727,0.07753628492355347,1.7472946643829346,0.1,22957568,57587712,0.019770640996284783,0.8051980843467468
1872,1.770566701889038,0.07667984813451767,1.7782347202301025,0.1,22957568,57587712,0.019381112011615187,0.8015709141735421
1873,1.7253940105438232,0.07528804987668991,1.7329227924346924,0.1,22957568,57587712,0.019781049981247634,0.855603769585083
1874,1.7233890295028687,0.07412213832139969,1.7308012247085571,0.1,22957568,57587712,0.019554695987608284,0.8681161608091742
1875,1.6817340850830078,0.07732859253883362,1.689466953277588,0.1,22957568,57587712,0.02012699597980827,0.8017925157819965
1876,1.7384757995605469,0.0771140307188034,1.7461872100830078,0.1,22957568,57587712,0.01999289495870471,0.8663337654470856
1877,1.7118276357650757,0.0755995586514473,1.7193876504898071,0.1,22957568,57587712,0.01945461001014337,0.7564412704697772
1878,1.7225699424743652,0.07600832730531693,1.730170726776123,0.1,22957568,57587712,0.020003765996079892,0.7855302118650364
1879,1.7419158220291138,0.07806702703237534,1.7497224807739258,0.1,22957568,57587712,0.019254425016697496,0.7167280391404889
1880,1.7151250839233398,0.07584252208471298,1.72270929813385,0.1,22957568,57587712,0.019540270033758134,0.7706640707232294
1881,1.7308220863342285,0.07620706409215927,1.7384427785873413,0.1,22957568,57587712,0.019825772964395583,0.7550934692469934
1882,1.7868038415908813,0.07622067630290985,1.7944259643554688,0.1,22957568,57587712,0.0191826110240072,0.7673747684757605
1883,1.7197802066802979,0.07701706886291504,1.7274819612503052,0.1,22957568,57587712,0.019695249968208373,0.7736623250463979
1884,1.8367950916290283,0.07639157772064209,1.8444342613220215,0.1,22957568,57587712,0.019457595015410334,0.8470069767667842
1885,1.7244467735290527,0.07780594378709793,1.7322273254394531,0.1,22957568,57587712,0.019309348019305617,0.80600790354813
1886,1.693176031112671,0.07632714509963989,1.7008087635040283,0.1,22957568,57587712,0.019613876997027546,0.776060581205957
1887,1.740476369857788,0.07573870569467545,1.7480502128601074,0.1,22957568,57587712,0.01967308798339218,0.7782342429248577
1888,1.718759298324585,0.07571717351675034,1.7263309955596924,0.1,22957568,57587712,0.01979045697953552,0.8056545045675851
1889,1.738797664642334,0.07584737986326218,1.7463823556900024,0.1,22957568,57587712,0.01931037998292595,0.7871680447675328
1890,1.681965947151184,0.07427556812763214,1.6893935203552246,0.1,22957568,57587712,0.020407159987371415,0.9977443492974623
1891,1.7658041715621948,0.07552028447389603,1.7733561992645264,0.1,22957568,57587712,0.01979904400650412,0.7359588740611567
1892,1.7875484228134155,0.07463369518518448,1.7950117588043213,0.1,22957568,57587712,0.019377905991859734,0.8543013689501432
1893,1.7113804817199707,0.07508908957242966,1.7188893556594849,0.1,22957568,57587712,0.01964026701170951,0.7532143273586116
1894,1.7253854274749756,0.07636219263076782,1.73302161693573,0.1,22957568,57587712,0.01954251399729401,0.9301019278425369
1895,1.6920042037963867,0.07607672363519669,1.6996119022369385,0.1,22957568,57587712,0.019589180999901146,0.749639800605048
1896,1.7622604370117188,0.07588280737400055,1.7698487043380737,0.1,22957568,57587712,0.0198625719640404,0.7923152009630912
1897,1.7058366537094116,0.07624990493059158,1.7134616374969482,0.1,22957568,57587712,0.01981222804170102,0.9279378844633476
1898,1.7234669923782349,0.07622229307889938,1.7310892343521118,0.1,22957568,57587712,0.019960945995990187,0.8441876666072163
1899,1.681931734085083,0.07758332788944244,1.689690113067627,0.1,22957568,57587712,0.01940502697834745,0.7835741848007423
1900,1.7204840183258057,0.07652562111616135,1.7281365394592285,0.1,22957568,57587712,0.02211065503070131,0.8017318593482233
1901,1.7134615182876587,0.07626208662986755,1.7210876941680908,0.1,22957568,57587712,0.02323530800640583,0.8933525443809581
1902,1.774847388267517,0.0747915506362915,1.782326579093933,0.1,22957568,57587712,0.020021670032292604,0.8805891907425775
1903,1.6960806846618652,0.07362201809883118,1.703442931175232,0.1,22957568,57587712,0.02000567998038605,0.7395305992236275
1904,1.7697112560272217,0.07557632774114609,1.777268886566162,0.1,22957568,57587712,0.019828238000627607,0.9152378964320773
1905,1.7974122762680054,0.07363522052764893,1.8047758340835571,0.1,22957568,57587712,0.01987867197021842,0.7190923200256714
1906,1.707641363143921,0.07733216881752014,1.7153745889663696,0.1,22957568,57587712,0.020044682954903692,0.7190271098292349
1907,1.7401193380355835,0.07606534659862518,1.7477258443832397,0.1,22957568,57587712,0.0197357659926638,0.9053797624380492
1908,1.7467094659805298,0.07630980014801025,1.754340410232544,0.1,22957568,57587712,0.019766493001952767,0.7577346190924116
1909,1.7408632040023804,0.07571892440319061,1.748435139656067,0.1,22957568,57587712,0.019877150014508516,0.7357900542009375
1910,1.6808723211288452,0.07679212838411331,1.6885515451431274,0.1,22957568,57587712,0.020872430002782494,0.7652187614287354
1911,1.7064510583877563,0.07719888538122177,1.7141709327697754,0.1,22957568,57587712,0.019795186002738774,0.9634192921951349
1912,1.785154104232788,0.0743316113948822,1.7925872802734375,0.1,22957568,57587712,0.019767785037402064,0.7520390344693699
1913,1.7925095558166504,0.07492159307003021,1.8000017404556274,0.1,22957568,57587712,0.01983834704151377,0.793229075927795
1914,1.7454724311828613,0.07426951825618744,1.752899408340454,0.1,22957568,57587712,0.01960841700201854,0.9416571362641754
1915,1.7894655466079712,0.07810346782207489,1.7972759008407593,0.1,22957568,57587712,0.019621571991592646,0.9868699252020621
1916,1.7456494569778442,0.07506513595581055,1.7531559467315674,0.1,22957568,57587712,0.01985139201860875,0.8566916555639027
1917,1.7870608568191528,0.07689420133829117,1.7947503328323364,0.1,22957568,57587712,0.020296723989304155,1.149828144519845
1918,1.687516689300537,0.07677054405212402,1.6951937675476074,0.1,22957568,57587712,0.01990606397157535,0.7341062174458641
1919,1.7488229274749756,0.07639193534851074,1.7564620971679688,0.1,22957568,57587712,0.019549978955183178,0.7550312782849018
1920,1.7366702556610107,0.07662738859653473,1.744333028793335,0.1,22957568,57587712,0.019919448997825384,0.8155061074063281
1921,1.703101634979248,0.07605385780334473,1.7107070684432983,0.1,22957568,57587712,0.019829390046652406,0.725130740769189
1922,1.74550199508667,0.07619105279445648,1.7531211376190186,0.1,22957568,57587712,0.019493102037813514,0.8230954706382118
1923,1.710633635520935,0.07624989002943039,1.7182586193084717,0.1,22957568,57587712,0.019618556019850075,0.8279839854749533
1924,1.7755608558654785,0.0756293386220932,1.7831237316131592,0.1,22957568,57587712,0.019431677006650716,0.764665671060127
1925,1.6726317405700684,0.07760025560855865,1.680391788482666,0.1,22957568,57587712,0.02012692700373009,0.8356558971640967
1926,1.7481234073638916,0.07650101184844971,1.7557735443115234,0.1,22957568,57587712,0.019705999991856515,0.7642919655909579
1927,1.7329989671707153,0.07606801390647888,1.7406057119369507,0.1,22957568,57587712,0.019541462999768555,0.8582903109836445
1928,1.6792467832565308,0.07737858593463898,1.686984658241272,0.1,22957568,57587712,0.01961384800961241,0.7707586121169535
1929,1.6918466091156006,0.07662984728813171,1.699509620666504,0.1,22957568,57587712,0.01947554899379611,0.7438918307625254
1930,1.7324776649475098,0.07566027343273163,1.7400436401367188,0.1,22957568,57587712,0.01980103802634403,0.871693267005055
1931,1.7328548431396484,0.0753776878118515,1.7403925657272339,0.1,22957568,57587712,0.019850620010402054,0.7244043537233767
1932,1.6918731927871704,0.07574262470006943,1.699447512626648,0.1,22957568,57587712,0.019561360008083284,0.8202924360063106
1933,1.8142478466033936,0.07469590753316879,1.821717381477356,0.1,22957568,57587712,0.019407621992286295,0.7653221681099422
1934,1.7126710414886475,0.07334845513105392,1.7200058698654175,0.1,22957568,57587712,0.01952859800076112,0.8425916747300456
1935,1.6949284076690674,0.07532154023647308,1.702460527420044,0.1,22957568,57587712,0.019523909024428576,0.7549188161432351
1936,1.7408231496810913,0.07483957707881927,1.7483071088790894,0.1,22957568,57587712,0.020363860006909817,0.7056845512439334
1937,1.7330119609832764,0.0768921822309494,1.7407011985778809,0.1,22957568,57587712,0.019837737025227398,0.7225795001919775
1938,1.7349978685379028,0.0762387216091156,1.7426217794418335,0.1,22957568,57587712,0.020011210988741368,0.8346569750199923
1939,1.7303636074066162,0.07527533173561096,1.7378911972045898,0.1,22957568,57587712,0.019542715046554804,0.7412791772007803
1940,1.7563259601593018,0.07332472503185272,1.7636584043502808,0.1,22957568,57587712,0.02053319598780945,0.7723515494011399
1941,1.750585913658142,0.07396456599235535,1.7579823732376099,0.1,22957568,57587712,0.01977680198615417,0.7884374460336238
1942,1.754450798034668,0.07454885542392731,1.7619056701660156,0.1,22957568,57587712,0.019516083993948996,0.8104946029584201
1943,1.7572410106658936,0.07607828080654144,1.7648488283157349,0.1,22957568,57587712,0.019669121014885604,0.7494043101143163
1944,1.7344653606414795,0.07770131528377533,1.742235541343689,0.1,22957568,57587712,0.01944089401513338,0.8287112066413372
1945,1.6815863847732544,0.07483741641044617,1.6890701055526733,0.1,22957568,57587712,0.01955841400194913,0.8221154642067505
1946,1.7015080451965332,0.07472486793994904,1.7089805603027344,0.1,22957568,57587712,0.020264955004677176,0.7744727751619411
1947,1.6971080303192139,0.07536299526691437,1.7046443223953247,0.1,22957568,57587712,0.020026278973091394,0.7402781936146272
1948,1.7135874032974243,0.07422301173210144,1.7210097312927246,0.1,22957568,57587712,0.019708354026079178,0.7206644202136216
1949,1.7632712125778198,0.07705453038215637,1.7709766626358032,0.1,22957568,57587712,0.019543056027032435,0.7976669797888039
1950,1.7770731449127197,0.07501605898141861,1.7845747470855713,0.1,22957568,57587712,0.019835342012811452,0.808481747041014
1951,1.7259529829025269,0.07503870129585266,1.7334568500518799,0.1,22957568,57587712,0.01990166603354737,0.8019356176334882
1952,1.685440182685852,0.07565939426422119,1.693006157875061,0.1,22957568,57587712,0.0196656949701719,0.7954308408783991
1953,1.7951817512512207,0.0749121680855751,1.8026729822158813,0.1,22957568,57587712,0.020022201002575457,0.7785427646757623
1954,1.7075822353363037,0.07532162219285965,1.7151143550872803,0.1,22957568,57587712,0.01970704202540219,0.752288071631357
1955,1.742924690246582,0.07611627876758575,1.750536322593689,0.1,22957568,57587712,0.020304559031501412,0.8008808565866804
1956,1.7310622930526733,0.07537725567817688,1.7386000156402588,0.1,22957568,57587712,0.019678589014802128,0.8013485324131171
1957,1.752912998199463,0.07397729158401489,1.7603107690811157,0.1,22957568,57587712,0.01957045600283891,0.7038440006851621
1958,1.7401686906814575,0.07398296892642975,1.7475669384002686,0.1,22957568,57587712,0.019778856018092483,0.7808506711921835
1959,1.7092336416244507,0.07494506984949112,1.7167280912399292,0.1,22957568,57587712,0.019531203026417643,0.88046453756784
1960,1.746121883392334,0.07669506967067719,1.753791332244873,0.1,22957568,57587712,0.019863413996063173,0.863107001918947
1961,1.756672739982605,0.07509048283100128,1.7641817331314087,0.1,22957568,57587712,0.019982076017186046,0.7951600493185884
1962,1.7945514917373657,0.07612234354019165,1.8021637201309204,0.1,22957568,57587712,0.019534890016075224,0.787917317271991
1963,1.7371342182159424,0.07621443271636963,1.7447556257247925,0.1,22957568,57587712,0.01960460003465414,0.7657006706007503
1964,1.7026973962783813,0.07569966465234756,1.7102673053741455,0.1,22957568,57587712,0.019562511995900422,1.0135764397746156
1965,1.7379469871520996,0.07598615437746048,1.7455456256866455,0.1,22957568,57587712,0.01950654701795429,0.8114332424923462
1966,1.705844759941101,0.07271745055913925,1.7131165266036987,0.1,22957568,57587712,0.019836243998724967,0.7541456911729271
1967,1.7190219163894653,0.07471641153097153,1.7264935970306396,0.1,22957568,57587712,0.021553994971327484,0.7851081133441797
1968,1.7521841526031494,0.07475356757640839,1.7596595287322998,0.1,22957568,57587712,0.021387773973401636,0.839325891521687
1969,1.7628198862075806,0.07484014332294464,1.7703038454055786,0.1,22957568,57587712,0.019841672969050705,0.8306265420671968
1970,1.7589555978775024,0.07185118645429611,1.7661406993865967,0.1,22957568,57587712,0.0207306049996987,0.7818140565345697
1971,1.6974087953567505,0.07313904911279678,1.7047226428985596,0.1,22957568,57587712,0.019814963976386935,0.7558971036348893
1972,1.7383042573928833,0.07405035197734833,1.7457093000411987,0.1,22957568,57587712,0.019649564987048507,0.7376864179803473
1973,1.7098445892333984,0.07495193928480148,1.7173397541046143,0.1,22957568,57587712,0.019846321956720203,0.8956749789844114
1974,1.7373158931732178,0.07536277174949646,1.7448521852493286,0.1,22957568,57587712,0.019221914990339428,0.8184468460984013
1975,1.686767816543579,0.07287471741437912,1.6940553188323975,0.1,22957568,57587712,0.01967690500896424,0.7120342475946924
1976,1.7185178995132446,0.07458612322807312,1.7259764671325684,0.1,22957568,57587712,0.019648212008178234,0.8938431037306492
1977,1.7493010759353638,0.07375255227088928,1.7566763162612915,0.1,22957568,57587712,0.019349823996890336,0.7777263584599018
1978,1.7097278833389282,0.07556506991386414,1.7172844409942627,0.1,22957568,57587712,0.019656727963592857,0.7631463160547016
1979,1.7288458347320557,0.07635188102722168,1.7364810705184937,0.1,22957568,57587712,0.019305801950395107,0.8036349705692851
1980,1.72182297706604,0.07449015974998474,1.7292720079421997,0.1,22957568,57587712,0.020244907995220274,0.7996098604537693
1981,1.7339279651641846,0.07448099553585052,1.7413760423660278,0.1,22957568,57587712,0.0201383390231058,0.8599232661471458
1982,1.75675630569458,0.07435274124145508,1.7641916275024414,0.1,22957568,57587712,0.019404957012739033,0.7055133363930185
1983,1.7249131202697754,0.07624264061450958,1.7325373888015747,0.1,22957568,57587712,0.020127517986111343,0.7727018502772138
1984,1.7280542850494385,0.07576698064804077,1.735630989074707,0.1,22957568,57587712,0.019709757005330175,0.8032918027689719
1985,1.7313547134399414,0.07456006109714508,1.7388107776641846,0.1,22957568,57587712,0.020539377990644425,0.774795180390396
1986,1.687910795211792,0.07608278840780258,1.6955190896987915,0.1,22957568,57587712,0.01995636901119724,0.7882803710558461
1987,1.6708928346633911,0.07482835650444031,1.6783757209777832,0.1,22957568,57587712,0.01993071095785126,0.7430086544746536
1988,1.6983977556228638,0.07444877922534943,1.7058426141738892,0.1,22957568,57587712,0.019964063016232103,0.6884118620737467
1989,1.7267332077026367,0.07462780922651291,1.7341959476470947,0.1,22957568,57587712,0.019484135031234473,0.7425165306320899
1990,1.710001826286316,0.07396812736988068,1.7173986434936523,0.1,22957568,57587712,0.01997613499406725,0.7320966361943331
1991,1.6955554485321045,0.07419103384017944,1.702974557876587,0.1,22957568,57587712,0.019823049020487815,0.7115686236978539
1992,1.6644099950790405,0.07564693689346313,1.6719746589660645,0.1,22957568,57587712,0.01974022400099784,0.7292986605867203
1993,1.7859594821929932,0.07328163087368011,1.7932876348495483,0.1,22957568,57587712,0.01961144298547879,0.8806394521759121
1994,1.6847046613693237,0.07571658492088318,1.6922763586044312,0.1,22957568,57587712,0.01925205101724714,0.8829746575763654
1995,1.7398086786270142,0.07390829920768738,1.747199535369873,0.1,22957568,57587712,0.019409996981266886,0.8013215982109768
1996,1.6885703802108765,0.0730912983417511,1.6958794593811035,0.1,22957568,57587712,0.019768886966630816,0.7107202970720987
1997,1.6609605550765991,0.07705698162317276,1.6686662435531616,0.1,22957568,57587712,0.019508850993588567,0.8504723140314329
1998,1.6663140058517456,0.07477309554815292,1.6737912893295288,0.1,22957568,57587712,0.019562953035347164,0.6984524421249818
1999,1.7152878046035767,0.07420134544372559,1.722707986831665,0.1,22957568,57587712,0.01940808299696073,0.8204073817278481
2000,1.7334328889846802,0.07476732134819031,1.7409095764160156,0.1,22957568,57587712,0.023357446945738047,0.8952132304175258
2001,1.6428089141845703,0.07444362342357635,1.6502532958984375,0.1,22957568,57587712,0.02362754102796316,0.765672888487094
2002,1.7333049774169922,0.07174935936927795,1.7404799461364746,0.1,22957568,57587712,0.02208804397378117,0.898998491888485
2003,1.712040662765503,0.07449319958686829,1.7194899320602417,0.1,22957568,57587712,0.021159027004614472,0.7582132337644427
2004,1.7170947790145874,0.07269544154405594,1.7243642807006836,0.1,22957568,57587712,0.021786660014186054,0.8303674877484338
2005,1.7416176795959473,0.07278719544410706,1.7488963603973389,0.1,22957568,57587712,0.02083879802376032,0.7572958663150074
2006,1.7500369548797607,0.07403498888015747,1.757440447807312,0.1,22957568,57587712,0.020627082034479827,0.7505609870668534
2007,1.7007813453674316,0.07533018290996552,1.7083144187927246,0.1,22957568,57587712,0.021131173998583108,0.8687824806933927
2008,1.6991864442825317,0.07286454737186432,1.7064728736877441,0.1,22957568,57587712,0.01978517899988219,0.8114180840691612
2009,1.7397775650024414,0.07463765144348145,1.7472413778305054,0.1,22957568,57587712,0.01938140398124233,0.7312628618810855
2010,1.6667616367340088,0.07490743696689606,1.6742523908615112,0.1,22957568,57587712,0.019482842995785177,0.8049048185760851
2011,1.699051022529602,0.0754391998052597,1.7065949440002441,0.1,22957568,57587712,0.019167854043189436,0.7707922822963122
2012,1.7390822172164917,0.07494186609983444,1.7465764284133911,0.1,22957568,57587712,0.019651317968964577,0.7700452878590401
2013,1.7253499031066895,0.07292573153972626,1.7326425313949585,0.1,22957568,57587712,0.019432970031630248,0.8190273050418215
2014,1.6887671947479248,0.07231074571609497,1.6959983110427856,0.1,22957568,57587712,0.019204342970624566,0.7150176670853344
2015,1.673484206199646,0.07638894021511078,1.68112313747406,0.1,22957568,57587712,0.019384660001378506,0.748522999982282
2016,1.773655652999878,0.07312577217817307,1.780968189239502,0.1,22957568,57587712,0.019108724023681134,0.7891525132508591
2017,1.7141079902648926,0.0753960832953453,1.7216476202011108,0.1,22957568,57587712,0.019779036985710263,0.8257157047226183
2018,1.7407253980636597,0.0742901936173439,1.7481544017791748,0.1,22957568,57587712,0.0239499649615027,0.7566790415431022
2019,1.705927848815918,0.07554670423269272,1.7134824991226196,0.1,22957568,57587712,0.03311305498937145,0.8553601417333453
2020,1.7650947570800781,0.07448632270097733,1.7725434303283691,0.1,22957568,57587712,0.02782267500879243,0.9908541343293337
2021,1.6906601190567017,0.07630705833435059,1.6982908248901367,0.1,22957568,57587712,0.022031778004020452,0.8387251763557785
2022,1.6845332384109497,0.0755908414721489,1.6920922994613647,0.1,22957568,57587712,0.021980873949360102,0.8271843592325235
2023,1.7107840776443481,0.07464645802974701,1.718248724937439,0.1,22957568,57587712,0.021272248006425798,0.7793118591219227
2024,1.685306429862976,0.07481914758682251,1.6927883625030518,0.1,22957568,57587712,0.02240423404145986,0.8196990490788757
2025,1.707800269126892,0.07480979710817337,1.7152812480926514,0.1,22957568,57587712,0.02199416799703613,0.8827521550259506
2026,1.7223557233810425,0.07766758650541306,1.730122447013855,0.1,22957568,57587712,0.020588501007296145,0.9314265962953973
2027,1.7225044965744019,0.07287360727787018,1.7297918796539307,0.1,22957568,57587712,0.02286937495227903,0.7265274993035351
2028,1.755724310874939,0.07401576638221741,1.7631258964538574,0.1,22957568,57587712,0.02230418799445033,0.7831579857037198
2029,1.7194668054580688,0.0769086629152298,1.727157711982727,0.1,22957568,57587712,0.020961036963853985,0.8352438112120595
2030,1.6953195333480835,0.0739414244890213,1.7027137279510498,0.1,22957568,57587712,0.02242783800465986,0.8713608435386375
2031,1.7192628383636475,0.07389324903488159,1.7266521453857422,0.1,22957568,57587712,0.022112520004156977,0.715588253823623
2032,1.7507606744766235,0.0741981565952301,1.7581804990768433,0.1,22957568,57587712,0.020583470002748072,0.7770509277555363
2033,1.6895419359207153,0.07420027256011963,1.6969619989395142,0.1,22957568,57587712,0.023175676993560046,0.793356125385016
2034,1.6980931758880615,0.07478030771017075,1.705571174621582,0.1,22957568,57587712,0.022437646985054016,0.7822467012996359
2035,1.6874722242355347,0.07479953020811081,1.694952130317688,0.1,22957568,57587712,0.021568973024841398,0.7233933451416603
2036,1.7401849031448364,0.07525495439767838,1.7477103471755981,0.1,22957568,57587712,0.022233756026253104,0.7442730696060549
2037,1.684726595878601,0.07567119598388672,1.6922937631607056,0.1,22957568,57587712,0.02293312398251146,0.7586404474011612
2038,1.709226131439209,0.07471838593482971,1.7166979312896729,0.1,22957568,57587712,0.020880647003650665,0.7363456790799842
2039,1.6747612953186035,0.07520284503698349,1.6822816133499146,0.1,22957568,57587712,0.022109763987828046,0.7504346239732541
2040,1.7408556938171387,0.07395590096712112,1.7482513189315796,0.1,22957568,57587712,0.020037009031511843,0.8335361514472394
2041,1.714208960533142,0.074039027094841,1.721612811088562,0.1,22957568,57587712,0.019615711993537843,0.7521640263826755
2042,1.6572462320327759,0.07531408965587616,1.6647776365280151,0.1,22957568,57587712,0.01998112502042204,0.7184110194829002
2043,1.727461814880371,0.07403741031885147,1.7348655462265015,0.1,22957568,57587712,0.01927218900527805,0.8245904151547643
2044,1.7002356052398682,0.07356785237789154,1.7075923681259155,0.1,22957568,57587712,0.022015217982698232,0.7730991876646128
2045,1.6752965450286865,0.07492512464523315,1.6827890872955322,0.1,22957568,57587712,0.022878692019730806,0.8033681734703152
2046,1.7060678005218506,0.0760732889175415,1.7136751413345337,0.1,22957568,57587712,0.022336717986036092,0.7847361877420708
2047,1.695624589920044,0.07397951185703278,1.7030225992202759,0.1,22957568,57587712,0.025008873955812305,0.8514937253990219
2048,1.7720736265182495,0.07445257902145386,1.7795188426971436,0.1,22957568,57587712,0.021052427997346967,0.9933413382181887
2049,1.7730075120925903,0.07585974037647247,1.7805935144424438,0.1,22957568,57587712,0.023599640000611544,0.9933422424264606
2050,1.7779697179794312,0.07603829354047775,1.7855736017227173,0.1,22957568,57587712,0.023832535021938384,0.8816714718262104
2051,1.7419027090072632,0.0759364515542984,1.749496340751648,0.1,22957568,57587712,0.02202691900311038,0.8217230265582963
2052,1.6835936307907104,0.07590676844120026,1.6911842823028564,0.1,22957568,57587712,0.0218140019569546,0.9205011867603538
2053,1.7182446718215942,0.07407484948635101,1.7256520986557007,0.1,22957568,57587712,0.0218443589983508,0.8160668975077143
2054,1.7235238552093506,0.07392710447311401,1.7309166193008423,0.1,22957568,57587712,0.025846450007520616,0.8031647425429351
2055,1.7450847625732422,0.07351399213075638,1.7524361610412598,0.1,22957568,57587712,0.022800064005423337,0.9076273232635927
2056,1.6775678396224976,0.07518845796585083,1.685086727142334,0.1,22957568,57587712,0.02350694703636691,0.8363653000431193
2057,1.7707301378250122,0.07671257853507996,1.7784013748168945,0.1,22957568,57587712,0.022005670005455613,0.7932106203984266
2058,1.6479008197784424,0.07638174295425415,1.6555390357971191,0.1,22957568,57587712,0.020595923997461796,0.9166189262163699
2059,1.6905640363693237,0.07567469775676727,1.6981315612792969,0.1,22957568,57587712,0.022214941040147096,0.8097130836552666
2060,1.7400845289230347,0.07441388070583344,1.747525930404663,0.1,22957568,57587712,0.01977599097881466,0.7785334488965622
2061,1.68828284740448,0.0746660977602005,1.6957494020462036,0.1,22957568,57587712,0.01955786399776116,0.8588334701421775
2062,1.7432624101638794,0.07345469295978546,1.7506078481674194,0.1,22957568,57587712,0.019737278984393924,0.8538580675750392
2063,1.7505378723144531,0.07101783901453018,1.7576396465301514,0.1,22957568,57587712,0.019780990027356893,0.8420788099196216
2064,1.6866986751556396,0.07511528581380844,1.694210171699524,0.1,22957568,57587712,0.022337429982144386,0.7556346561785331
2065,1.7542766332626343,0.07429560273885727,1.7617062330245972,0.1,22957568,57587712,0.020744031004142016,0.9314730612121448
2066,1.6995890140533447,0.07601876556873322,1.7071908712387085,0.1,22957568,57587712,0.02265731804072857,0.8938305200333132
2067,1.7366812229156494,0.07486087828874588,1.7441673278808594,0.1,22957568,57587712,0.02126396301900968,0.7055293874017421
2068,1.7258247137069702,0.07601714134216309,1.7334264516830444,0.1,22957568,57587712,0.023173132038209587,0.7944224206397226
2069,1.7462422847747803,0.07536904513835907,1.7537791728973389,0.1,22957568,57587712,0.021281847031787038,0.9169429607004913
2070,1.8057582378387451,0.07443668693304062,1.813201904296875,0.1,22957568,57587712,0.021676003001630306,0.9310868722628042
2071,1.7057514190673828,0.07603485137224197,1.7133549451828003,0.1,22957568,57587712,0.021938242949545383,0.8795114245136623
2072,1.669388771057129,0.07625143229961395,1.677013874053955,0.1,22957568,57587712,0.01993202295852825,0.9882848427635597
2073,1.678240180015564,0.075890451669693,1.6858292818069458,0.1,22957568,57587712,0.019815926032606512,0.885781212485741
2074,1.7383986711502075,0.07549464702606201,1.745948076248169,0.1,22957568,57587712,0.019757868023589253,1.0471449504939137
2075,1.6416529417037964,0.07632911950349808,1.649285912513733,0.1,22957568,57587712,0.019194333988707513,0.8132895866341312
2076,1.7104004621505737,0.07403865456581116,1.7178043127059937,0.1,22957568,57587712,0.019458598049823195,0.8495326878941161
2077,1.7198394536972046,0.0728474035859108,1.7271242141723633,0.1,22957568,57587712,0.023398093006107956,0.9456335732793628
2078,1.8501110076904297,0.07368923723697662,1.8574799299240112,0.1,22957568,57587712,0.02140386402606964,1.0791080706602936
2079,1.8398523330688477,0.07392518222332001,1.8472448587417603,0.1,22957568,57587712,0.022789505019318312,0.8700250166868364
2080,1.7365508079528809,0.07346758246421814,1.743897557258606,0.1,22957568,57587712,0.022597145987674594,0.769893638859315
2081,1.744661808013916,0.07334081083536148,1.7519959211349487,0.1,22957568,57587712,0.021974481991492212,0.9637460062739793
2082,1.7649857997894287,0.07562607526779175,1.7725484371185303,0.1,22957568,57587712,0.022009847976733,0.9346955623338478
2083,1.8027071952819824,0.07412857562303543,1.8101201057434082,0.1,22957568,57587712,0.02175402903230861,0.8953247646001763
2084,1.7467427253723145,0.07401160895824432,1.7541438341140747,0.1,22957568,57587712,0.021576457016635686,0.8144132626232138
2085,1.732648253440857,0.07465460896492004,1.7401137351989746,0.1,22957568,57587712,0.022059030015952885,0.8438423566282233
2086,1.747227668762207,0.07390671223402023,1.7546182870864868,0.1,22957568,57587712,0.01978865498676896,0.8273341411203629
2087,1.6734766960144043,0.07417786121368408,1.6808944940567017,0.1,22957568,57587712,0.01946410903474316,0.8410909749051689
2088,1.7680763006210327,0.07573061436414719,1.7756493091583252,0.1,22957568,57587712,0.01952120498754084,0.8137703390466795
2089,1.6346646547317505,0.07482682168483734,1.6421473026275635,0.1,22957568,57587712,0.019177853013388813,0.7160856799082409
2090,1.6601697206497192,0.07644985616207123,1.6678147315979004,0.1,22957568,57587712,0.019639987032860518,0.7495149091060906
2091,1.6548535823822021,0.07709011435508728,1.662562608718872,0.1,22957568,57587712,0.020914601045660675,0.9595771427430582
2092,1.7092961072921753,0.0757383480668068,1.7168699502944946,0.1,22957568,57587712,0.021422460034955293,1.039616971192676
2093,1.7473174333572388,0.07562533020973206,1.7548799514770508,0.1,22957568,57587712,0.022029174026101828,0.805420778670987
2094,1.7591036558151245,0.07558897137641907,1.76666259765625,0.1,22957568,57587712,0.021166290040127933,1.1068806939421647
2095,1.6651203632354736,0.0760289877653122,1.6727232933044434,0.1,22957568,57587712,0.026537632977124304,0.9107482195713764
2096,1.7301753759384155,0.07597506791353226,1.7377729415893555,0.1,22957568,57587712,0.021317823964636773,0.8806672682874852
2097,1.6974315643310547,0.07749633491039276,1.7051812410354614,0.1,22957568,57587712,0.02272345102392137,0.9310871422138977
2098,1.694151520729065,0.07641573250293732,1.7017930746078491,0.1,22957568,57587712,0.019936462049372494,0.8151219929220972
2099,1.7042769193649292,0.07665067911148071,1.7119419574737549,0.1,22957568,57587712,0.019743550976272672,0.8067833743870095
2100,1.724639654159546,0.07679474353790283,1.7323191165924072,0.1,22957568,57587712,0.02462893503252417,0.9942158640293534
2101,1.7385004758834839,0.07609768956899643,1.746110200881958,0.1,22957568,57587712,0.02379515505162999,1.088156332008649
2102,1.7477834224700928,0.07572972029447556,1.7553564310073853,0.1,22957568,57587712,0.023662457009777427,0.7567929049628908
2103,1.7153619527816772,0.07662461698055267,1.7230243682861328,0.1,22957568,57587712,0.02106521202949807,0.8446807910340959
2104,1.747515320777893,0.07569240778684616,1.75508451461792,0.1,22957568,57587712,0.02289851999375969,0.9059575062620149
2105,1.7012097835540771,0.0756361186504364,1.7087733745574951,0.1,22957568,57587712,0.0226845889701508,0.8968454189454789
2106,1.717214822769165,0.07489526271820068,1.724704384803772,0.1,22957568,57587712,0.020876950002275407,0.8202487443411471
2107,1.7278263568878174,0.07491815835237503,1.7353181838989258,0.1,22957568,57587712,0.01996572595089674,0.8998479236783201
2108,1.6946614980697632,0.07645261287689209,1.7023067474365234,0.1,22957568,57587712,0.024763666035141796,0.8387756603814174
2109,1.7359540462493896,0.07570701837539673,1.7435247898101807,0.1,22957568,57587712,0.020718905027024448,0.8421555346802736
2110,1.687225103378296,0.07667994499206543,1.6948931217193604,0.1,22957568,57587712,0.02231344603933394,0.8674840089382749
2111,1.6538797616958618,0.07745186984539032,1.6616249084472656,0.1,22957568,57587712,0.020057348010595888,0.8398887028106315
2112,1.7137982845306396,0.07725397497415543,1.721523642539978,0.1,22957568,57587712,0.0216482020332478,0.8266827190110372
2113,1.7305030822753906,0.0768580213189125,1.7381888628005981,0.1,22957568,57587712,0.021003786998335272,0.7789794168850501
2114,1.72552490234375,0.0743049830198288,1.7329554557800293,0.1,22957568,57587712,0.02113733603619039,0.852650640845685
2115,1.7376339435577393,0.07498833537101746,1.7451328039169312,0.1,22957568,57587712,0.02143391198478639,0.7906943791647247
2116,1.7999008893966675,0.07580592483282089,1.8074815273284912,0.1,22957568,57587712,0.021284803049638867,0.7648994592343562
2117,1.7423484325408936,0.07561515271663666,1.7499099969863892,0.1,22957568,57587712,0.02139293501386419,0.7305468754291553
2118,1.7538005113601685,0.07524216920137405,1.7613247632980347,0.1,22957568,57587712,0.02165794000029564,0.8346527306852102
2119,1.7012375593185425,0.07595978677272797,1.7088335752487183,0.1,22957568,57587712,0.020830963971093297,0.8795537205996299
2120,1.638454794883728,0.07866068929433823,1.6463208198547363,0.1,22957568,57587712,0.022288909007329494,0.779388261310926
2121,1.6555906534194946,0.07603802531957626,1.6631944179534912,0.1,22957568,57587712,0.019918177975341678,0.8524373256303888
2122,1.647700309753418,0.07497577369213104,1.6551978588104248,0.1,22957568,57587712,0.019432679982855916,0.8857071397683461
2123,1.7669821977615356,0.07450999319553375,1.7744332551956177,0.1,22957568,57587712,0.021196156973019242,0.8750891957421726
2124,1.683362364768982,0.07653705030679703,1.6910160779953003,0.1,22957568,57587712,0.025466118997428566,0.7540586267499039
2125,1.6381285190582275,0.07526741176843643,1.6456552743911743,0.1,22957568,57587712,0.02181014500092715,0.7376135354213035
2126,1.705857276916504,0.07628418505191803,1.7134857177734375,0.1,22957568,57587712,0.022643913980573416,0.8272544569359829
2127,1.6808327436447144,0.07602362334728241,1.6884350776672363,0.1,22957568,57587712,0.023501386982388794,0.9199859689414793
2128,1.710620403289795,0.07410551607608795,1.7180309295654297,0.1,22957568,57587712,0.020801750011742115,0.8078416400782452
2129,1.699290156364441,0.07477696239948273,1.7067677974700928,0.1,22957568,57587712,0.022783013992011547,0.7970666364320176
2130,1.7213709354400635,0.07500574737787247,1.728871464729309,0.1,22957568,57587712,0.02287286100909114,0.8243545221440247
2131,1.6466821432113647,0.07537198811769485,1.654219388961792,0.1,22957568,57587712,0.020744653011206537,0.7996963954044137
2132,1.6979515552520752,0.07379515469074249,1.7053310871124268,0.1,22957568,57587712,0.024283198988996446,0.8583815068167707
2133,1.7123901844024658,0.07616717368364334,1.7200069427490234,0.1,22957568,57587712,0.022741666005458683,0.8118518335493171
2134,1.731454849243164,0.07491712272167206,1.738946557044983,0.1,22957568,57587712,0.02160332800121978,0.8761606366236218
2135,1.6661908626556396,0.07438623905181885,1.6736295223236084,0.1,22957568,57587712,0.020995682978536934,0.8562167797282001
2136,1.646606683731079,0.0769185870885849,1.6542985439300537,0.1,22957568,57587712,0.022859407006762922,0.8208300352095695
2137,1.6537142992019653,0.07652707397937775,1.6613670587539673,0.1,22957568,57587712,0.02130526100518182,0.7696951127352373
2138,1.6792927980422974,0.0753287523984909,1.6868256330490112,0.1,22957568,57587712,0.022449339972808957,0.7294661229983995
2139,1.608175277709961,0.07539849728345871,1.6157151460647583,0.1,22957568,57587712,0.024038581002969295,0.7753854197667033
2140,1.7023619413375854,0.07378600537776947,1.7097405195236206,0.1,22957568,57587712,0.02385852503357455,0.8235218756438881
2141,1.628005027770996,0.07486113905906677,1.635491132736206,0.1,22957568,57587712,0.022846542007755488,0.7851016629156741
2142,1.7359325885772705,0.07391062378883362,1.7433236837387085,0.1,22957568,57587712,0.0230296750087291,0.7916927848424851
2143,1.6851593255996704,0.07563431560993195,1.6927227973937988,0.1,22957568,57587712,0.023055693949572742,0.8700337597592271
2144,1.7067198753356934,0.07598178088665009,1.714318037033081,0.1,22957568,57587712,0.020921493007335812,0.7949702542024288
2145,1.7421706914901733,0.07338090986013412,1.7495087385177612,0.1,22957568,57587712,0.023375942022539675,0.8802390384497901
2146,1.6699219942092896,0.07619515061378479,1.6775414943695068,0.1,22957568,57587712,0.022124101989902556,0.8524188967513738
2147,1.6400936841964722,0.07546073198318481,1.6476397514343262,0.1,22957568,57587712,0.020675392996054143,0.8778203447383636
2148,1.692675232887268,0.07387405633926392,1.70006263256073,0.1,22957568,57587712,0.02344865899067372,0.8353535101463908
2149,1.6317639350891113,0.0753781720995903,1.6393017768859863,0.1,22957568,57587712,0.0221613819594495,0.7744202795006881
2150,1.6944677829742432,0.07561607658863068,1.7020293474197388,0.1,22957568,57587712,0.021111619018483907,0.7050322938127912
2151,1.7475223541259766,0.0744418054819107,1.7549664974212646,0.1,22957568,57587712,0.022299420030321926,0.8989737245992808
2152,1.6783007383346558,0.07337132841348648,1.6856378316879272,0.1,22957568,57587712,0.02186455699848011,0.9470327111559954
2153,1.7014775276184082,0.07583844661712646,1.7090613842010498,0.1,22957568,57587712,0.020580225973390043,0.7157073681768572
2154,1.7435777187347412,0.07423625886440277,1.7510013580322266,0.1,22957568,57587712,0.022799224010668695,0.9082582754231986
2155,1.698371410369873,0.07399733364582062,1.7057710886001587,0.1,22957568,57587712,0.022566117986571044,0.8319315150628784
2156,1.6985225677490234,0.07420820742845535,1.7059433460235596,0.1,22957568,57587712,0.02057559695094824,0.7494666450224278
2157,1.6669055223464966,0.07620396465063095,1.6745259761810303,0.1,22957568,57587712,0.023254344996530563,0.762639161197706
2158,1.6820487976074219,0.07403228431940079,1.689452052116394,0.1,22957568,57587712,0.022015658963937312,0.8376076458455016
2159,1.6765657663345337,0.07382611185312271,1.6839483976364136,0.1,22957568,57587712,0.020815334981307387,0.8199977417944263
2160,1.6989294290542603,0.07357040047645569,1.7062864303588867,0.1,22957568,57587712,0.02317260199924931,0.705912618922348
2161,1.7258691787719727,0.07315904647111893,1.733185052871704,0.1,22957568,57587712,0.02223496901569888,0.8152264126802132
2162,1.7017552852630615,0.07330334186553955,1.7090855836868286,0.1,22957568,57587712,0.02295819198479876,0.712156184717201
2163,1.622623324394226,0.07458748668432236,1.630082130432129,0.1,22957568,57587712,0.021687645989004523,0.7542383184235902
2164,1.8148210048675537,0.07457943260669708,1.8222789764404297,0.1,22957568,57587712,0.02223939698887989,0.7815154096320632
2165,1.7264561653137207,0.0744885802268982,1.7339050769805908,0.1,22957568,57587712,0.020140722976066172,0.80572185803051
2166,1.723732352256775,0.0732746496796608,1.7310597896575928,0.1,22957568,57587712,0.01984377799089998,0.751229488850566
2167,1.7490159273147583,0.07452476024627686,1.756468415260315,0.1,22957568,57587712,0.01939440896967426,0.7748940200499833
2168,1.623594880104065,0.07474999874830246,1.6310698986053467,0.1,22957568,57587712,0.019887670991010964,0.8584002772913399
2169,1.7297576665878296,0.07351262867450714,1.7371089458465576,0.1,22957568,57587712,0.021772875974420458,0.7596643850327763
2170,1.692705512046814,0.07552789151668549,1.7002582550048828,0.1,22957568,57587712,0.023170066997408867,0.7498653550687295
2171,1.7017239332199097,0.07501654326915741,1.7092255353927612,0.1,22957568,57587712,0.02267133496934548,0.8280405008333843
2172,1.7259061336517334,0.07578837871551514,1.7334849834442139,0.1,22957568,57587712,0.020802922022994608,0.9572207847143482
2173,1.6994315385818481,0.07413306087255478,1.7068448066711426,0.1,22957568,57587712,0.02254655200522393,0.7337421984919789
2174,1.67271089553833,0.07505474984645844,1.6802163124084473,0.1,22957568,57587712,0.022624225995969027,0.7802320782775861
2175,1.7167478799819946,0.0738227441906929,1.7241301536560059,0.1,22957568,57587712,0.02275217598071322,0.7755648971479976
2176,1.6085999011993408,0.07653012871742249,1.6162528991699219,0.1,22957568,57587712,0.022469477029517293,0.7263051525085299
2177,1.659117341041565,0.07527796924114227,1.6666451692581177,0.1,22957568,57587712,0.02310136897722259,0.7524361936104288
2178,1.7551549673080444,0.0736737847328186,1.7625223398208618,0.1,22957568,57587712,0.02171113999793306,0.8156879900906331
2179,1.6656181812286377,0.0756874531507492,1.6731868982315063,0.1,22957568,57587712,0.021338272956199944,0.7677793343641762
2180,1.6707580089569092,0.07501107454299927,1.6782591342926025,0.1,22957568,57587712,0.021172542998101562,0.7647059758265703
2181,1.740427017211914,0.07384809851646423,1.7478117942810059,0.1,22957568,57587712,0.020870257983915508,0.8122508913207267
2182,1.7148226499557495,0.07401164621114731,1.7222237586975098,0.1,22957568,57587712,0.02180699905147776,0.7807139085646052
2183,1.7655305862426758,0.07526826858520508,1.773057460784912,0.1,22957568,57587712,0.022193171025719494,0.8461326249572155
2184,1.7025985717773438,0.07457353919744492,1.710055947303772,0.1,22957568,57587712,0.020689069002401084,0.7656913764834969
2185,1.759657621383667,0.07491445541381836,1.7671490907669067,0.1,22957568,57587712,0.019940219004638493,0.9093597875999
2186,1.6718004941940308,0.07375922799110413,1.6791764497756958,0.1,22957568,57587712,0.019950048008468002,0.7820276444983153
2187,1.7083841562271118,0.07487908750772476,1.715872049331665,0.1,22957568,57587712,0.019377918040845543,0.8911174376109924
2188,1.7109687328338623,0.07408489286899567,1.7183772325515747,0.1,22957568,57587712,0.019214081985410303,0.9577939599529002
2189,1.743477702140808,0.07441053539514542,1.7509187459945679,0.1,22957568,57587712,0.020316441950853914,0.8165213893562573
2190,1.7235994338989258,0.07494416832923889,1.7310938835144043,0.1,22957568,57587712,0.020987217023503035,0.8995152363169605
2191,1.7146093845367432,0.07265101373195648,1.721874475479126,0.1,22957568,57587712,0.02012974303215742,0.8857017827123719
2192,1.6203714609146118,0.07560192048549652,1.6279315948486328,0.1,22957568,57587712,0.019696274015586823,0.8649460721612845
2193,1.7408733367919922,0.07434951514005661,1.7483083009719849,0.1,22957568,57587712,0.01998789800563827,0.8244343069753888
2194,1.7402455806732178,0.07390241324901581,1.747635841369629,0.1,22957568,57587712,0.01980790199013427,0.7958189187557319
2195,1.6539143323898315,0.07771556079387665,1.6616859436035156,0.1,22957568,57587712,0.02006173599511385,0.8501575784089181
2196,1.7193888425827026,0.0759638249874115,1.726985216140747,0.1,22957568,57587712,0.020174888020846993,0.8713405476119719
2197,1.6623823642730713,0.07484198361635208,1.6698665618896484,0.1,22957568,57587712,0.0196161629864946,0.8014987555603752
2198,1.7065436840057373,0.07439005374908447,1.7139827013015747,0.1,22957568,57587712,0.01966469403123483,0.777969372940026
2199,1.705377221107483,0.075608991086483,1.7129380702972412,0.1,22957568,57587712,0.01954786601709202,0.8011488118357198
2200,1.678106665611267,0.07682701200246811,1.6857893466949463,0.1,22957568,57587712,0.022248684952501208,0.8306045347481671
2201,1.7497191429138184,0.07456260919570923,1.7571754455566406,0.1,22957568,57587712,0.022938835027161986,0.8273157427280545
2202,1.7096883058547974,0.07577022910118103,1.7172653675079346,0.1,22957568,57587712,0.02001360699068755,0.7892513373764698
2203,1.7282912731170654,0.07480477541685104,1.7357717752456665,0.1,22957568,57587712,0.019889285031240433,0.763973158036125
2204,1.6969292163848877,0.07592625170946121,1.704521894454956,0.1,22957568,57587712,0.019810136000160128,0.8021827031025295
2205,1.7379432916641235,0.07605067640542984,1.7455483675003052,0.1,22957568,57587712,0.01952057401649654,0.9366991913922643
2206,1.722705364227295,0.07611841708421707,1.730317234992981,0.1,22957568,57587712,0.01978581101866439,0.8127022466382204
2207,1.6886814832687378,0.07581859827041626,1.696263313293457,0.1,22957568,57587712,0.019357669982127845,0.7470058106917743
2208,1.7209895849227905,0.07604454457759857,1.7285940647125244,0.1,22957568,57587712,0.019975084986072034,0.7697585740673777
2209,1.7171881198883057,0.07747035473585129,1.7249351739883423,0.1,22957568,57587712,0.019996183982584625,0.7966498864921058
2210,1.6930451393127441,0.07523348927497864,1.700568437576294,0.1,22957568,57587712,0.020388948963955045,0.791269521747272
2211,1.663914680480957,0.07670961320400238,1.6715856790542603,0.1,22957568,57587712,0.01972384500550106,0.8916245069817694
2212,1.761614203453064,0.07600392401218414,1.7692146301269531,0.1,22957568,57587712,0.019096432020887733,0.7570890481768665
2213,1.610421061515808,0.07791939377784729,1.6182130575180054,0.1,22957568,57587712,0.019575577054638416,0.7310081352305542
2214,1.7093720436096191,0.07728249579668045,1.7171002626419067,0.1,22957568,57587712,0.01972989598289132,0.8069429768208574
2215,1.6759635210037231,0.07638968527317047,1.6836024522781372,0.1,22957568,57587712,0.019449151994194835,0.8400598868013954
2216,1.7066259384155273,0.07644367218017578,1.7142703533172607,0.1,22957568,57587712,0.019647702982183546,0.8385828587340136
2217,1.743825912475586,0.07522360980510712,1.7513482570648193,0.1,22957568,57587712,0.019131917972117662,0.7881045229341814
2218,1.7518547773361206,0.07606044411659241,1.7594608068466187,0.1,22957568,57587712,0.01949322404107079,0.8266536995243542
2219,1.6758981943130493,0.07769006490707397,1.6836671829223633,0.1,22957568,57587712,0.019718785013537854,0.8472465368941974
2220,1.6600236892700195,0.07415878027677536,1.667439579963684,0.1,22957568,57587712,0.019446015008725226,0.7398500155974419
2221,1.6701560020446777,0.07446497678756714,1.6776025295257568,0.1,22957568,57587712,0.019566139962989837,0.8804770640008305
2222,1.7215795516967773,0.07377192378044128,1.728956699371338,0.1,22957568,57587712,0.019405098981224,0.819926731131714
2223,1.681702733039856,0.07257767021656036,1.6889605522155762,0.1,22957568,57587712,0.019530423043761402,0.8607362517610595
2224,1.7188940048217773,0.07362306863069534,1.7262563705444336,0.1,22957568,57587712,0.019823922018986195,0.8567258591028822
2225,1.6617389917373657,0.07317814230918884,1.66905677318573,0.1,22957568,57587712,0.02022399997804314,0.7784249315321631
2226,1.6534068584442139,0.07488729059696198,1.660895586013794,0.1,22957568,57587712,0.01957921398570761,0.7899029386394282
2227,1.7119035720825195,0.07453107833862305,1.719356656074524,0.1,22957568,57587712,0.019401161989662796,0.8188835061307383
2228,1.78060781955719,0.07547758519649506,1.7881555557250977,0.1,22957568,57587712,0.020073749008588493,0.8121517932374206
2229,1.7564209699630737,0.07396291941404343,1.763817310333252,0.1,22957568,57587712,0.0203437139862217,0.8068789901667374
2230,1.6859915256500244,0.07411637902259827,1.6934031248092651,0.1,22957568,57587712,0.020046978956088424,0.7414530227628405
2231,1.7473102807998657,0.07611992210149765,1.7549222707748413,0.1,22957568,57587712,0.019913449010346085,0.7747748133153833
2232,1.6829545497894287,0.07476365566253662,1.6904308795928955,0.1,22957568,57587712,0.019330048991832882,0.8904907253506293
2233,1.6750820875167847,0.07357445359230042,1.6824395656585693,0.1,22957568,57587712,0.019360396021511406,0.8299523049165487
2234,1.7637934684753418,0.07641349732875824,1.7714347839355469,0.1,22957568,57587712,0.019669223052915186,0.7800038837921942
2235,1.7505656480789185,0.07463380694389343,1.7580289840698242,0.1,22957568,57587712,0.01929517404641956,0.9249089345225429
2236,1.774864912033081,0.07576502859592438,1.7824413776397705,0.1,22957568,57587712,0.01960354996845126,0.8358357615621347
2237,1.740293025970459,0.07433786988258362,1.7477267980575562,0.1,22957568,57587712,0.01940056000603363,0.8841388180573554
2238,1.6837178468704224,0.07573159039020538,1.6912909746170044,0.1,22957568,57587712,0.019429014006163925,0.771255241137022
2239,1.7091882228851318,0.07198892533779144,1.716387152671814,0.1,22957568,57587712,0.01991711597656831,0.8929483746869474
2240,1.6876507997512817,0.0770660787820816,1.6953574419021606,0.1,22957568,57587712,0.020261480007320642,0.7624699960510096
2241,1.705247163772583,0.07687689363956451,1.7129348516464233,0.1,22957568,57587712,0.019676837022416294,0.9765732203804128
2242,1.6865203380584717,0.07463927567005157,1.6939842700958252,0.1,22957568,57587712,0.01954640302574262,0.797319672708085
2243,1.688352346420288,0.07468018680810928,1.6958203315734863,0.1,22957568,57587712,0.01940267498139292,0.7599419575681925
2244,1.6958314180374146,0.07229655236005783,1.7030611038208008,0.1,22957568,57587712,0.019595545018091798,0.9074662367425007
2245,1.7403241395950317,0.07420775294303894,1.7477449178695679,0.1,22957568,57587712,0.019337442005053163,0.8667981667601526
2246,1.685665249824524,0.07352098822593689,1.6930173635482788,0.1,22957568,57587712,0.01936212897999212,0.8283193377783179
2247,1.7344311475753784,0.07572698593139648,1.7420037984848022,0.1,22957568,57587712,0.019499636022374034,0.8384057534427383
2248,1.5949393510818481,0.07553263008594513,1.6024925708770752,0.1,22957568,57587712,0.01927725999848917,0.817365625859425
2249,1.6956285238265991,0.07510240375995636,1.7031387090682983,0.1,22957568,57587712,0.019893902994226664,0.8653264055635858
2250,1.6576282978057861,0.07718490809202194,1.6653467416763306,0.1,22957568,57587712,0.01930065400665626,0.7621075588017676
2251,1.7173736095428467,0.07480624318122864,1.7248542308807373,0.1,22957568,57587712,0.01953290798701346,0.8085844084836729
2252,1.7394132614135742,0.07464942336082458,1.7468781471252441,0.1,22957568,57587712,0.019561651977710426,0.8936179069250428
2253,1.6947563886642456,0.07689513266086578,1.7024458646774292,0.1,22957568,57587712,0.019258093961980194,0.9254066591272747
2254,1.7355207204818726,0.07402452081441879,1.7429231405258179,0.1,22957568,57587712,0.01962020096834749,0.8333779813965285
2255,1.7010936737060547,0.07434561103582382,1.7085282802581787,0.1,22957568,57587712,0.01986941701034084,0.8726919407648892
2256,1.7189397811889648,0.07397791743278503,1.7263375520706177,0.1,22957568,57587712,0.01954470999771729,0.7613413594732307
2257,1.770592451095581,0.07306551933288574,1.7778990268707275,0.1,22957568,57587712,0.019721660995855927,0.7724377632658654
2258,1.6405847072601318,0.07513689249753952,1.648098349571228,0.1,22957568,57587712,0.01942842302378267,0.8113142563355885
2259,1.6943610906600952,0.0736720860004425,1.701728343963623,0.1,22957568,57587712,0.01986687199678272,0.8439340471759181
2260,1.7516636848449707,0.07647109776735306,1.7593108415603638,0.1,22957568,57587712,0.019184336008038372,0.9065705832242623
2261,1.6846325397491455,0.07574781775474548,1.6922073364257812,0.1,22957568,57587712,0.019614360004197806,0.8230495416525362
2262,1.7238532304763794,0.0759623795747757,1.7314494848251343,0.1,22957568,57587712,0.019669543020427227,0.7335093268124613
2263,1.7400400638580322,0.07477661967277527,1.747517704963684,0.1,22957568,57587712,0.019306503992993385,0.8956966890363619
2264,1.6410176753997803,0.07674716413021088,1.6486923694610596,0.1,22957568,57587712,0.01960234803846106,0.9790769220411886
2265,1.692068338394165,0.07627179473638535,1.6996954679489136,0.1,22957568,57587712,0.019153950037434697,0.8326896885040153
2266,1.6704150438308716,0.07476215064525604,1.6778912544250488,0.1,22957568,57587712,0.019835915009025484,0.8409506636902779
2267,1.637449860572815,0.07478374242782593,1.644928216934204,0.1,22957568,57587712,0.020250019035302103,0.898268126523192
2268,1.7020689249038696,0.07477640360593796,1.7095465660095215,0.1,22957568,57587712,0.01953166601015255,0.8231995910840211
2269,1.6461704969406128,0.07549701631069183,1.6537201404571533,0.1,22957568,57587712,0.01993224397301674,0.7497866370601902
2270,1.7024929523468018,0.07558079063892365,1.7100510597229004,0.1,22957568,57587712,0.02019428397761658,0.8173348719132811
2271,1.6422703266143799,0.07665561884641647,1.6499358415603638,0.1,22957568,57587712,0.01973479602020234,0.8072966412798278
2272,1.6873750686645508,0.07627001404762268,1.6950020790100098,0.1,22957568,57587712,0.019637463032267988,0.8545080238560764
2273,1.6801879405975342,0.07649364322423935,1.6878373622894287,0.1,22957568,57587712,0.019357008975930512,0.8672383230573787
2274,1.7494840621948242,0.07451383024454117,1.756935477256775,0.1,22957568,57587712,0.019504875992424786,0.9029674848615717
2275,1.7713983058929443,0.07259347289800644,1.7786576747894287,0.1,22957568,57587712,0.01930825802264735,0.8700482661974656
2276,1.7506002187728882,0.07388667017221451,1.7579889297485352,0.1,22957568,57587712,0.0196290269959718,0.8430504444313991
2277,1.669074535369873,0.07267142832279205,1.6763416528701782,0.1,22957568,57587712,0.019604402012191713,0.7135330990412335
2278,1.6950788497924805,0.0758751779794693,1.7026664018630981,0.1,22957568,57587712,0.019431156979408115,0.8593338534884112
2279,1.6577141284942627,0.07419310510158539,1.6651334762573242,0.1,22957568,57587712,0.019580267020501196,0.8753123205539183
2280,1.6734009981155396,0.0731317549943924,1.6807141304016113,0.1,22957568,57587712,0.019536805048119277,0.8504424906245647
2281,1.694542646408081,0.0732315182685852,1.701865792274475,0.1,22957568,57587712,0.019464529992546886,0.7837917341462852
2282,1.6429890394210815,0.07460589706897736,1.6504496335983276,0.1,22957568,57587712,0.019632143958006054,0.7181714405858518
2283,1.7181854248046875,0.07393000274896622,1.7255784273147583,0.1,22957568,57587712,0.019543737987987697,0.7539756741412559
2284,1.7210361957550049,0.0737268403172493,1.728408932685852,0.1,22957568,57587712,0.019518120039720088,0.7422644524106236
2285,1.6676675081253052,0.07482262700796127,1.6751497983932495,0.1,22957568,57587712,0.020202900981530547,0.777956848655575
2286,1.677564024925232,0.0747857466340065,1.6850426197052002,0.1,22957568,57587712,0.01930815796367824,0.80780316923564
2287,1.6753005981445312,0.07769937068223953,1.6830705404281616,0.1,22957568,57587712,0.019764041004236788,0.8832107227968946
2288,1.743399739265442,0.07490254938602448,1.7508900165557861,0.1,22957568,57587712,0.019444913021288812,0.7886840561498314
2289,1.6818571090698242,0.07309387624263763,1.68916654586792,0.1,22957568,57587712,0.01947052200557664,0.8145658192237171
2290,1.6983592510223389,0.07458318769931793,1.7058175802230835,0.1,22957568,57587712,0.019847246003337204,0.8050327551086719
2291,1.6780956983566284,0.07510030269622803,1.685605764389038,0.1,22957568,57587712,0.019539831031579524,0.7772573845959206
2292,1.6943814754486084,0.07429294288158417,1.7018107175827026,0.1,22957568,57587712,0.01982244901591912,0.8360898096064847
2293,1.692428708076477,0.07337592542171478,1.6997662782669067,0.1,22957568,57587712,0.019476021989248693,0.750372179979069
2294,1.6881219148635864,0.0739874392747879,1.6955206394195557,0.1,22957568,57587712,0.01959687698399648,0.9242167453117347
2295,1.697326898574829,0.07320262491703033,1.704647183418274,0.1,22957568,57587712,0.019592909957282245,0.9140050348505088
2296,1.6463245153427124,0.07502500712871552,1.6538270711898804,0.1,22957568,57587712,0.01992172497557476,0.7272328729038159
2297,1.6470623016357422,0.0741785317659378,1.6544800996780396,0.1,22957568,57587712,0.020094166975468397,0.7158112660251251
2298,1.6876212358474731,0.07478900253772736,1.69510018825531,0.1,22957568,57587712,0.019436458009295166,0.8416960566433134
2299,1.6720856428146362,0.07652933895587921,1.6797385215759277,0.1,22957568,57587712,0.02004292100900784,0.8115093528665615
2300,1.7218767404556274,0.07522664964199066,1.7293994426727295,0.1,22957568,57587712,0.022495476994663477,0.7914457580732626
2301,1.7321771383285522,0.07570504397153854,1.7397476434707642,0.1,22957568,57587712,0.02117658097995445,0.6927272324138659
2302,1.7231879234313965,0.07496079057455063,1.7306840419769287,0.1,22957568,57587712,0.021269195014610887,0.8805333392712598
2303,1.6985729932785034,0.07545143365859985,1.706118106842041,0.1,22957568,57587712,0.020146666036453098,0.7667598512447095
2304,1.706196904182434,0.07578262686729431,1.7137751579284668,0.1,22957568,57587712,0.020394399005454034,0.778793475445659
2305,1.680342435836792,0.07536153495311737,1.6878786087036133,0.1,22957568,57587712,0.020888192986603826,0.7869391039944735
2306,1.6801972389221191,0.07463757693767548,1.687661051750183,0.1,22957568,57587712,0.01994718302739784,0.7685418450153213
2307,1.7441576719284058,0.07222242653369904,1.7513799667358398,0.1,22957568,57587712,0.019587811024393886,0.7238677954918722
2308,1.691802740097046,0.07599696516990662,1.6994024515151978,0.1,22957568,57587712,0.019756325986236334,0.854746574767697
2309,1.6263021230697632,0.0766264796257019,1.6339647769927979,0.1,22957568,57587712,0.01982024504104629,0.7748279651234367
2310,1.7207216024398804,0.07532370835542679,1.728253960609436,0.1,22957568,57587712,0.019548497977666557,0.9485500769167973
2311,1.710288405418396,0.07602091133594513,1.7178905010223389,0.1,22957568,57587712,0.020125075010582805,0.8611734470007628
2312,1.7537667751312256,0.07701081037521362,1.7614678144454956,0.1,22957568,57587712,0.019804816984105855,0.9247601038189692
2313,1.6650282144546509,0.07652907073497772,1.6726810932159424,0.1,22957568,57587712,0.01967821002472192,0.8510506822669957
2314,1.6429531574249268,0.07579352706670761,1.6505324840545654,0.1,22957568,57587712,0.020509574038442224,0.8240704113403206
2315,1.6217851638793945,0.07524802535772324,1.6293100118637085,0.1,22957568,57587712,0.020607518032193184,0.8821784583370665
2316,1.7097663879394531,0.0744536891579628,1.7172117233276367,0.1,22957568,57587712,0.019773226988036186,0.9293861450068047
2317,1.6924996376037598,0.07394339144229889,1.6998939514160156,0.1,22957568,57587712,0.019894985016435385,0.9664107941225151
2318,1.699093222618103,0.07317987084388733,1.7064112424850464,0.1,22957568,57587712,0.019880448002368212,0.7746317670653224
2319,1.699913501739502,0.0724058523774147,1.7071540355682373,0.1,22957568,57587712,0.019603249966166914,0.8014520405540605
2320,1.7476975917816162,0.07359566539525986,1.7550572156906128,0.1,22957568,57587712,0.020323555974755436,0.8665186274373736
2321,1.6674126386642456,0.07382898777723312,1.6747955083847046,0.1,22957568,57587712,0.019955958996433765,0.8154128646560757
2322,1.7299059629440308,0.07478800415992737,1.7373847961425781,0.1,22957568,57587712,0.019472775980830193,0.8475758321290467
2323,1.628277063369751,0.07625341415405273,1.6359024047851562,0.1,22957568,57587712,0.019839330983813852,0.826724890907997
2324,1.6783721446990967,0.0760343074798584,1.6859755516052246,0.1,22957568,57587712,0.0196654669707641,0.7446064695218171
2325,1.7242969274520874,0.07533039152622223,1.7318300008773804,0.1,22957568,57587712,0.019246603013016284,0.8474231206562625
2326,1.667435884475708,0.07439734041690826,1.6748756170272827,0.1,22957568,57587712,0.019584063964430243,0.774139677575441
2327,1.745526671409607,0.07553239166736603,1.753079891204834,0.1,22957568,57587712,0.02084601402748376,0.83311986819386
2328,1.6470623016357422,0.07616008073091507,1.6546783447265625,0.1,22957568,57587712,0.022164097987115383,0.8020159464679333
2329,1.7077983617782593,0.07400499284267426,1.7151988744735718,0.1,22957568,57587712,0.02207404002547264,0.883447595074928
2330,1.6798781156539917,0.07525244355201721,1.6874033212661743,0.1,22957568,57587712,0.01986167300492525,0.7854549049161896
2331,1.7247493267059326,0.07584717869758606,1.732334017753601,0.1,22957568,57587712,0.019945790991187096,0.7878314165108868
2332,1.6886086463928223,0.07448840141296387,1.6960574388504028,0.1,22957568,57587712,0.01942947501083836,0.8363624832629647
2333,1.6618062257766724,0.07405532896518707,1.669211745262146,0.1,22957568,57587712,0.019841806031763554,0.8487476513486789
2334,1.7649095058441162,0.07421614974737167,1.7723311185836792,0.1,22957568,57587712,0.01900096400640905,0.9663161118572972
2335,1.7255628108978271,0.07440343499183655,1.7330031394958496,0.1,22957568,57587712,0.020362620009109378,0.889382115146239
2336,1.6386314630508423,0.07579712569713593,1.6462111473083496,0.1,22957568,57587712,0.01951759000075981,0.7418458992228039
2337,1.6744638681411743,0.07693053781986237,1.6821569204330444,0.1,22957568,57587712,0.01924746501026675,0.9170022811165283
2338,1.6990585327148438,0.07513867318630219,1.706572413444519,0.1,22957568,57587712,0.019712344044819474,0.9861939090025004
2339,1.690175175666809,0.07515230029821396,1.6976903676986694,0.1,22957568,57587712,0.019065985979977995,0.7800254225727958
2340,1.711192011833191,0.07328500598669052,1.7185205221176147,0.1,22957568,57587712,0.019573904981371015,0.9365911086631376
2341,1.7357233762741089,0.07348712533712387,1.7430720329284668,0.1,22957568,57587712,0.01977228600298986,1.0975655560097
2342,1.6802388429641724,0.072188600897789,1.6874576807022095,0.1,22957568,57587712,0.019557134015485644,0.753690483943838
2343,1.6213395595550537,0.07376878708600998,1.6287164688110352,0.1,22957568,57587712,0.019907968991901726,0.8868518508935963
2344,1.6737608909606934,0.07317055016756058,1.6810779571533203,0.1,22957568,57587712,0.01922048401320353,0.9492743307924665
2345,1.7192518711090088,0.07248526811599731,1.726500391960144,0.1,22957568,57587712,0.019422352022957057,0.8180198318897491
2346,1.6649527549743652,0.07341655343770981,1.6722943782806396,0.1,22957568,57587712,0.01944415201433003,0.7196495046927598
2347,1.7045742273330688,0.07449489831924438,1.7120237350463867,0.1,22957568,57587712,0.019235562009271234,0.9408252974916239
2348,1.7119224071502686,0.0727781429886818,1.7192002534866333,0.1,22957568,57587712,0.019946531974710524,0.963066876503274
2349,1.7182453870773315,0.07442882657051086,1.7256882190704346,0.1,22957568,57587712,0.0201325899688527,0.7928363983931773
2350,1.671757459640503,0.07459940016269684,1.6792174577713013,0.1,22957568,57587712,0.020472684991545975,0.9154293892751628
2351,1.6585761308670044,0.07398506999015808,1.6659746170043945,0.1,22957568,57587712,0.019686745945364237,0.8054438844737885
2352,1.6763827800750732,0.07479940354824066,1.6838626861572266,0.1,22957568,57587712,0.019462266995105892,0.7514058271022616
2353,1.6862314939498901,0.07576703280210495,1.6938081979751587,0.1,22957568,57587712,0.01954541204031557,0.7683122492230584
2354,1.7370203733444214,0.07526184618473053,1.7445465326309204,0.1,22957568,57587712,0.019889526010956615,0.7836350835744194
2355,1.732028841972351,0.07421335577964783,1.739450216293335,0.1,22957568,57587712,0.019650829024612904,0.7594546817492945
2356,1.6940604448318481,0.07465296983718872,1.7015256881713867,0.1,22957568,57587712,0.019607878988608718,0.7551685278486336
2357,1.6903845071792603,0.07516016066074371,1.6979005336761475,0.1,22957568,57587712,0.01933049998478964,0.9128154701089393
2358,1.6485334634780884,0.07403413206338882,1.65593683719635,0.1,22957568,57587712,0.01943171996390447,0.7942864191161255
2359,1.679868459701538,0.07597970962524414,1.6874663829803467,0.1,22957568,57587712,0.019449140992946923,0.7366937743993103
2360,1.6648921966552734,0.0768154039978981,1.6725736856460571,0.1,22957568,57587712,0.019461315008811653,0.784014065175589
2361,1.6569914817810059,0.07622519135475159,1.664613962173462,0.1,22957568,57587712,0.019990062981378287,0.8232706865734251
2362,1.6685492992401123,0.07711365818977356,1.6762607097625732,0.1,22957568,57587712,0.019893543038051575,0.8173211060823834
2363,1.6466691493988037,0.07535998523235321,1.6542052030563354,0.1,22957568,57587712,0.019644867978058755,0.7751990922493519
2364,1.6726356744766235,0.07425466179847717,1.6800611019134521,0.1,22957568,57587712,0.01947546104202047,0.9367550691982223
2365,1.6735568046569824,0.07422107458114624,1.6809788942337036,0.1,22957568,57587712,0.020092314982321113,0.8746037460669143
2366,1.6517611742019653,0.07532903552055359,1.6592941284179688,0.1,22957568,57587712,0.01981292199343443,0.6875617976296604
2367,1.679474949836731,0.07448165863752365,1.6869231462478638,0.1,22957568,57587712,0.019362200051546097,0.8603941745372771
2368,1.736456036567688,0.07387576997280121,1.7438435554504395,0.1,22957568,57587712,0.019493584986776114,0.8382807032608719
2369,1.7116611003875732,0.07353093475103378,1.7190141677856445,0.1,22957568,57587712,0.019402765028644353,0.8320348588802672
2370,1.6551505327224731,0.07395036518573761,1.6625455617904663,0.1,22957568,57587712,0.019156935974024236,0.8654574144071674
2371,1.6517938375473022,0.07427048683166504,1.6592209339141846,0.1,22957568,57587712,0.0197436930029653,0.7512850556702076
2372,1.7178153991699219,0.07321706414222717,1.7251371145248413,0.1,22957568,57587712,0.019569446973036975,0.8636947265823642
2373,1.605053424835205,0.07524938136339188,1.6125783920288086,0.1,22957568,57587712,0.019468659011181444,0.8301506115752723
2374,1.6738293170928955,0.07532622665166855,1.6813619136810303,0.1,22957568,57587712,0.020396462990902364,0.8439536850933318
2375,1.6285400390625,0.0759098008275032,1.6361310482025146,0.1,22957568,57587712,0.020546002022456378,0.7484740019427772
2376,1.6993789672851562,0.0736798346042633,1.7067469358444214,0.1,22957568,57587712,0.01962979999370873,0.7987653880011197
2377,1.718422532081604,0.07423307001590729,1.7258458137512207,0.1,22957568,57587712,0.019247293996158987,0.8756177090282278
2378,1.7765138149261475,0.07293856143951416,1.783807635307312,0.1,22957568,57587712,0.019308087998069823,0.7722845586072865
2379,1.7035759687423706,0.07345661520957947,1.7109216451644897,0.1,22957568,57587712,0.019711331988219172,0.7227596753495499
2380,1.6688730716705322,0.07302793860435486,1.676175832748413,0.1,22957568,57587712,0.019955429015681148,0.8489644663264957
2381,1.6430093050003052,0.07645054906606674,1.6506543159484863,0.1,22957568,57587712,0.019767597026657313,0.7756498927686108
2382,1.7228307723999023,0.07539737224578857,1.7303705215454102,0.1,22957568,57587712,0.019506428972817957,0.8451436678488164
2383,1.7018458843231201,0.07501194626092911,1.709347128868103,0.1,22957568,57587712,0.01940992899471894,0.8081675568924455
2384,1.623056411743164,0.076120525598526,1.6306685209274292,0.1,22957568,57587712,0.019459341012407094,0.7847875780422869
2385,1.7154650688171387,0.07536604255437851,1.7230017185211182,0.1,22957568,57587712,0.019268103002104908,0.7901440915107014
2386,1.6472561359405518,0.07403980940580368,1.6546601057052612,0.1,22957568,57587712,0.019540612993296236,0.7980251164712655
2387,1.6488139629364014,0.07680541276931763,1.6564944982528687,0.1,22957568,57587712,0.019206908997148275,0.7968164509037204
2388,1.676736831665039,0.0746842622756958,1.6842052936553955,0.1,22957568,57587712,0.01999857899500057,0.8088880358633391
2389,1.6501892805099487,0.07368417084217072,1.657557725906372,0.1,22957568,57587712,0.020114585990086198,0.7398103680853282
2390,1.665372371673584,0.07363872230052948,1.6727362871170044,0.1,22957568,57587712,0.019347922992892563,0.8407682152323219
2391,1.6192681789398193,0.07374932616949081,1.6266430616378784,0.1,22957568,57587712,0.01961378997657448,0.805753418670528
2392,1.6673009395599365,0.07524741441011429,1.674825668334961,0.1,22957568,57587712,0.01952809002250433,0.860056012948254
2393,1.683669090270996,0.07472868263721466,1.691141963005066,0.1,22957568,57587712,0.02000048302579671,0.7682576899325432
2394,1.693390130996704,0.07327251136302948,1.7007173299789429,0.1,22957568,57587712,0.020061407005414367,0.7896800757985223
2395,1.725993275642395,0.07418130338191986,1.733411431312561,0.1,22957568,57587712,0.020511057984549552,0.810601476589997
2396,1.6632986068725586,0.07282781600952148,1.670581340789795,0.1,22957568,57587712,0.019755343964789063,0.8437067891737435
2397,1.6904529333114624,0.0749344676733017,1.6979464292526245,0.1,22957568,57587712,0.01938143599545583,0.9711204030076953
2398,1.6695220470428467,0.07574564218521118,1.6770966053009033,0.1,22957568,57587712,0.019661118974909186,0.7848648858177082
2399,1.6769299507141113,0.07303126901388168,1.6842330694198608,0.1,22957568,57587712,0.01958082802593708,1.0492477115412886
2400,1.6927462816238403,0.07527615129947662,1.700273871421814,0.1,22957568,57587712,0.024122089031152427,0.8413598972296679
2401,1.6902990341186523,0.07368598878383636,1.6976675987243652,0.1,22957568,57587712,0.022520655009429902,0.7359526783493698
2402,1.6976580619812012,0.07481782883405685,1.7051398754119873,0.1,22957568,57587712,0.02051619696430862,0.9613045910119766
2403,1.6923359632492065,0.07328156381845474,1.6996641159057617,0.1,22957568,57587712,0.019994801958091557,0.9358287078993528
2404,1.6569467782974243,0.07455691695213318,1.6644024848937988,0.1,22957568,57587712,0.019940441008657217,0.8539343522860713
2405,1.6488094329833984,0.07400667667388916,1.6562100648880005,0.1,22957568,57587712,0.01972148200729862,0.7901559722470506
2406,1.7421907186508179,0.0746445283293724,1.7496551275253296,0.1,22957568,57587712,0.020002848003059626,0.9524505862313508
2407,1.7016972303390503,0.07451671361923218,1.70914888381958,0.1,22957568,57587712,0.01962944003753364,0.8271728632213028
2408,1.6993629932403564,0.07220306992530823,1.7065832614898682,0.1,22957568,57587712,0.019628967973403633,0.8454604051519783
2409,1.7282992601394653,0.07340264320373535,1.7356395721435547,0.1,22957568,57587712,0.01977856905432418,0.8404734718272885
2410,1.7252393960952759,0.07225321233272552,1.7324646711349487,0.1,22957568,57587712,0.019672108988743275,0.989766715933605
2411,1.6291821002960205,0.07465063780546188,1.63664710521698,0.1,22957568,57587712,0.019969505025073886,0.8164052406595974
2412,1.6799476146697998,0.07396694272756577,1.6873443126678467,0.1,22957568,57587712,0.019714559020940214,0.8892236009705607
2413,1.7134042978286743,0.07609039545059204,1.7210133075714111,0.1,22957568,57587712,0.019988561049103737,1.1316184418436284
2414,1.6829264163970947,0.07634992897510529,1.6905614137649536,0.1,22957568,57587712,0.019902770000044256,0.9064953484971516
2415,1.7263200283050537,0.07420510053634644,1.7337405681610107,0.1,22957568,57587712,0.019941682985518128,0.9324233759580499
2416,1.7214336395263672,0.07407613098621368,1.7288413047790527,0.1,22957568,57587712,0.019920322985854,0.9620607430294099
2417,1.72639000415802,0.07420851290225983,1.7338109016418457,0.1,22957568,57587712,0.01981800200883299,0.8739462011940786
2418,1.6695935726165771,0.0748375803232193,1.677077293395996,0.1,22957568,57587712,0.01984990102937445,0.8876887811199773
2419,1.6479883193969727,0.07547424733638763,1.6555356979370117,0.1,22957568,57587712,0.019685173989273608,0.8691553349586206
2420,1.682398796081543,0.07379811257123947,1.6897785663604736,0.1,22957568,57587712,0.02008481096709147,0.6989946147329762
2421,1.7476558685302734,0.07333096861839294,1.7549889087677002,0.1,22957568,57587712,0.019800558977294713,0.8706018736765602
2422,1.660125494003296,0.07293244451284409,1.6674187183380127,0.1,22957568,57587712,0.01980657101375982,0.8091359648752939
2423,1.6600658893585205,0.07383669912815094,1.6674495935440063,0.1,22957568,57587712,0.019798325025476515,0.7994144062627612
2424,1.6865226030349731,0.07507535815238953,1.6940301656723022,0.1,22957568,57587712,0.019884877023287117,1.0618201180795956
2425,1.7167786359786987,0.07492607086896896,1.724271297454834,0.1,22957568,57587712,0.019626002991572022,0.8212781742060383
2426,1.7343132495880127,0.07332681864500046,1.7416459321975708,0.1,22957568,57587712,0.01991197804454714,0.8507073069038397
2427,1.6589034795761108,0.07618553191423416,1.6665220260620117,0.1,22957568,57587712,0.019572363002225757,0.8737197365983193
2428,1.6257878541946411,0.07411642372608185,1.6331994533538818,0.1,22957568,57587712,0.019674954004585743,0.8433297881999294
2429,1.665443778038025,0.07411689311265945,1.6728554964065552,0.1,22957568,57587712,0.01960892096394673,0.7791025273557536
2430,1.6702899932861328,0.07274382561445236,1.6775643825531006,0.1,22957568,57587712,0.020427801995538175,0.8668288931498316
2431,1.650384545326233,0.07447133958339691,1.6578316688537598,0.1,22957568,57587712,0.01982994400896132,0.8000653877318297
2432,1.7221897840499878,0.07383368909358978,1.729573130607605,0.1,22957568,57587712,0.019655999029055238,0.7875178155783888
2433,1.7245385646820068,0.07399749755859375,1.731938362121582,0.1,22957568,57587712,0.019637293997220695,0.7072626717188872
2434,1.5938713550567627,0.07517845928668976,1.6013891696929932,0.1,22957568,57587712,0.01965610997285694,0.8301883206256538
2435,1.7262142896652222,0.07345470786094666,1.7335597276687622,0.1,22957568,57587712,0.020438882987946272,0.7894744892124417
2436,1.6763900518417358,0.07475090771913528,1.6838651895523071,0.1,22957568,57587712,0.019847586983814836,0.8599444615756446
2437,1.6804089546203613,0.07614602148532867,1.688023567199707,0.1,22957568,57587712,0.02039008098654449,0.9460495490453218
2438,1.702325463294983,0.07305151224136353,1.7096306085586548,0.1,22957568,57587712,0.020350406994111836,0.8098838409201822
2439,1.6993252038955688,0.07419456541538239,1.70674467086792,0.1,22957568,57587712,0.019939980003982782,0.9507590343791888
2440,1.7334263324737549,0.0755344107747078,1.740979790687561,0.1,22957568,57587712,0.019803764997050166,0.9263633306536059
2441,1.671352505683899,0.07430015504360199,1.6787824630737305,0.1,22957568,57587712,0.01995246298611164,0.7603051886515245
2442,1.673705816268921,0.07446424663066864,1.6811522245407104,0.1,22957568,57587712,0.019462116004433483,0.7456111594495404
2443,1.7073562145233154,0.07439450174570084,1.714795708656311,0.1,22957568,57587712,0.019837697967886925,0.9566707640346138
2444,1.6927149295806885,0.0750807449221611,1.7002229690551758,0.1,22957568,57587712,0.01938650500960648,0.8554888230490004
2445,1.6667400598526,0.07446976006031036,1.6741870641708374,0.1,22957568,57587712,0.020783938001841307,0.76445635951177
2446,1.6918764114379883,0.07408832013607025,1.6992852687835693,0.1,22957568,57587712,0.019740507006645203,0.8701265702389961
2447,1.7293474674224854,0.0741201862692833,1.7367595434188843,0.1,22957568,57587712,0.019621264014858752,0.8794467267890695
2448,1.6738425493240356,0.07514321804046631,1.6813569068908691,0.1,22957568,57587712,0.01983228896278888,0.8721619196187366
2449,1.659475326538086,0.07441135495901108,1.6669164896011353,0.1,22957568,57587712,0.019514744984917343,0.7991234432967429
2450,1.654739260673523,0.0740811824798584,1.6621474027633667,0.1,22957568,57587712,0.019916875986382365,0.7965824654730436
2451,1.7152009010314941,0.07355958223342896,1.7225568294525146,0.1,22957568,57587712,0.01978545100428164,0.7580070068650859
2452,1.667352318763733,0.07380147278308868,1.6747324466705322,0.1,22957568,57587712,0.019568094983696938,0.7692850881582218
2453,1.6818171739578247,0.07404227554798126,1.6892213821411133,0.1,22957568,57587712,0.019703498051967472,0.7805729840172808
2454,1.659641981124878,0.07358594238758087,1.6670005321502686,0.1,22957568,57587712,0.020159200008492917,0.8233886021457277
2455,1.727936029434204,0.07289263606071472,1.7352253198623657,0.1,22957568,57587712,0.01976460200967267,0.7933222844443043
2456,1.6564785242080688,0.07275322824716568,1.663753867149353,0.1,22957568,57587712,0.019570208969525993,0.8102727249369196
2457,1.6665186882019043,0.07366000860929489,1.673884630203247,0.1,22957568,57587712,0.01945705694379285,0.7213180086397294
2458,1.696291208267212,0.07339667528867722,1.7036309242248535,0.1,22957568,57587712,0.019786271965131164,0.7991789448813099
2459,1.653602123260498,0.07388272881507874,1.6609903573989868,0.1,22957568,57587712,0.019443992991000414,0.784933288028571
2460,1.6186290979385376,0.07531460374593735,1.6261605024337769,0.1,22957568,57587712,0.020547084975987673,0.7876896815908033
2461,1.6237601041793823,0.07611379027366638,1.6313714981079102,0.1,22957568,57587712,0.01974531600717455,0.7677760737534927
2462,1.68281888961792,0.07369928807020187,1.6901887655258179,0.1,22957568,57587712,0.01970130403060466,0.8596564256703769
2463,1.6451828479766846,0.07367624342441559,1.652550458908081,0.1,22957568,57587712,0.019851584977004677,0.7141761664661852
2464,1.6382992267608643,0.07512223720550537,1.6458114385604858,0.1,22957568,57587712,0.019766555982641876,0.7652805083578703
2465,1.7036381959915161,0.07462634146213531,1.7111008167266846,0.1,22957568,57587712,0.01980677101528272,0.7591657885191879
2466,1.6479084491729736,0.0753127932548523,1.6554397344589233,0.1,22957568,57587712,0.020107723015826195,0.8148649409386649
2467,1.636468768119812,0.07444266974925995,1.6439130306243896,0.1,22957568,57587712,0.019493835978209972,0.8632346341501905
2468,1.6422079801559448,0.07450679689645767,1.6496586799621582,0.1,22957568,57587712,0.019736710004508495,0.7387816211732461
2469,1.6240217685699463,0.07680812478065491,1.6317025423049927,0.1,22957568,57587712,0.0197809929959476,0.7903008330505518
2470,1.6307320594787598,0.07706376910209656,1.6384384632110596,0.1,22957568,57587712,0.019787435012403876,0.8162435654341526
2471,1.6956809759140015,0.07590547204017639,1.703271508216858,0.1,22957568,57587712,0.01999412098666653,0.8366922858232221
2472,1.644380807876587,0.07593692094087601,1.6519745588302612,0.1,22957568,57587712,0.01974961400264874,0.743707312493438
2473,1.6889126300811768,0.07573450356721878,1.6964861154556274,0.1,22957568,57587712,0.020097755012102425,0.9289984750730523
2474,1.7127363681793213,0.0730307474732399,1.7200394868850708,0.1,22957568,57587712,0.019761856994591653,0.7831312497319822
2475,1.7330896854400635,0.07423173636198044,1.7405128479003906,0.1,22957568,57587712,0.020633978012483567,0.8230550032335318
2476,1.638574481010437,0.0742139145731926,1.645995855331421,0.1,22957568,57587712,0.020033825014252216,0.8262928693814795
2477,1.725868582725525,0.0744648426771164,1.733315110206604,0.1,22957568,57587712,0.019510185986291617,0.9172292782978635
2478,1.7285865545272827,0.07346906512975693,1.7359334230422974,0.1,22957568,57587712,0.019941974023822695,0.7329909673143791
2479,1.6717082262039185,0.0728510320186615,1.6789933443069458,0.1,22957568,57587712,0.01941600098507479,0.8706350383945931
2480,1.6368696689605713,0.07352890074253082,1.644222617149353,0.1,22957568,57587712,0.019888273964170367,0.8663022391334735
2481,1.6683666706085205,0.07423659414052963,1.6757903099060059,0.1,22957568,57587712,0.019652121991384774,0.786807663928186
2482,1.683651089668274,0.07414953410625458,1.691066026687622,0.1,22957568,57587712,0.01938843901734799,0.8638458515248293
2483,1.6271075010299683,0.07586820423603058,1.6346943378448486,0.1,22957568,57587712,0.019861242966726422,0.9878964154219587
2484,1.6614487171173096,0.07358935475349426,1.6688076257705688,0.1,22957568,57587712,0.019731771026272327,0.8345128127797106
2485,1.6477034091949463,0.07432658225297928,1.6551361083984375,0.1,22957568,57587712,0.01985466096084565,0.8704883409282107
2486,1.6889944076538086,0.07395868748426437,1.6963902711868286,0.1,22957568,57587712,0.019953756011091173,0.9131990217526011
2487,1.6383593082427979,0.07448339462280273,1.6458076238632202,0.1,22957568,57587712,0.019269847020041198,0.8891395719027999
2488,1.6196365356445312,0.0734449103474617,1.6269810199737549,0.1,22957568,57587712,0.020380544010549784,0.7629585926802301
2489,1.6796070337295532,0.07460442930459976,1.6870675086975098,0.1,22957568,57587712,0.019258585991337895,0.7519363144347827
2490,1.6772629022598267,0.07599207758903503,1.6848621368408203,0.1,22957568,57587712,0.02039911801693961,0.8448773365989921
2491,1.6315244436264038,0.07623138278722763,1.6391476392745972,0.1,22957568,57587712,0.019791882950812578,0.9893361972251522
2492,1.7581850290298462,0.07443325966596603,1.7656283378601074,0.1,22957568,57587712,0.019510778016410768,0.828181745807072
2493,1.6778969764709473,0.0752798393368721,1.6854249238967896,0.1,22957568,57587712,0.019674794981256127,0.794321742806575
2494,1.6925723552703857,0.07324869930744171,1.6998971700668335,0.1,22957568,57587712,0.01961038401350379,0.9955591898272355
2495,1.6222503185272217,0.07507412135601044,1.6297577619552612,0.1,22957568,57587712,0.0197784390184097,0.854120195250172
2496,1.6818227767944336,0.07580432295799255,1.6894031763076782,0.1,22957568,57587712,0.01971345697529614,0.7923169023896823
2497,1.6488912105560303,0.0762273445725441,1.6565139293670654,0.1,22957568,57587712,0.019426429993472993,0.9829333759007806
2498,1.6304798126220703,0.0744008868932724,1.6379199028015137,0.1,22957568,57587712,0.019694691989570856,0.7935840929796679
2499,1.6785246133804321,0.07651430368423462,1.686176061630249,0.1,22957568,57587712,0.020222057006321847,0.8274032205019354
2500,1.668722152709961,0.07587625086307526,1.6763098239898682,0.1,22957568,57587712,0.02295744203729555,0.9364881960723932
2501,1.6949541568756104,0.07395347952842712,1.7023495435714722,0.1,22957568,57587712,0.020701795001514256,1.1011172788408954
2502,1.7684993743896484,0.07416805624961853,1.7759162187576294,0.1,22957568,57587712,0.020294614019803703,0.7752000066252585
2503,1.7215412855148315,0.07470808178186417,1.729012131690979,0.1,22957568,57587712,0.020250441040843725,0.7760982792593193
2504,1.7082284688949585,0.07301017642021179,1.715529441833496,0.1,22957568,57587712,0.020086072967387736,1.0978805637833204
2505,1.6272485256195068,0.07693753391504288,1.6349422931671143,0.1,22957568,57587712,0.02064465801231563,0.9404866871087156
2506,1.6774753332138062,0.07278032600879669,1.68475341796875,0.1,22957568,57587712,0.021143800986465067,0.8613954517449899
2507,1.6834137439727783,0.07342753559350967,1.6907564401626587,0.1,22957568,57587712,0.020463819964788854,0.7967174281436629
2508,1.713361144065857,0.07177020609378815,1.7205381393432617,0.1,22957568,57587712,0.01992119604256004,0.7175085356116644
2509,1.7015239000320435,0.07442016899585724,1.7089658975601196,0.1,22957568,57587712,0.020089981029741466,0.7553977584594206
2510,1.7000503540039062,0.07319898158311844,1.7073702812194824,0.1,22957568,57587712,0.02060159802203998,0.8024709108496373
2511,1.651229739189148,0.07490193843841553,1.6587198972702026,0.1,22957568,57587712,0.01961034396663308,0.7331906974588213
2512,1.7205263376235962,0.07281528413295746,1.727807879447937,0.1,22957568,57587712,0.01952565595274791,0.7949114841089158
2513,1.6443067789077759,0.07472628355026245,1.6517794132232666,0.1,22957568,57587712,0.02056827599881217,0.7458962225941985
2514,1.6138768196105957,0.07623672485351562,1.6215004920959473,0.1,22957568,57587712,0.019655038020573556,0.8621350390979076
2515,1.7120487689971924,0.07386168837547302,1.7194349765777588,0.1,22957568,57587712,0.019627777044661343,0.8852877731964067
2516,1.6161683797836304,0.07389310002326965,1.623557686805725,0.1,22957568,57587712,0.019766296027228236,0.8878131093548874
2517,1.7171788215637207,0.07528236508369446,1.724707007408142,0.1,22957568,57587712,0.019493987027090043,0.790045273948186
2518,1.688478946685791,0.07440894097089767,1.6959198713302612,0.1,22957568,57587712,0.019936674972996116,0.7609750858448795
2519,1.6997681856155396,0.07440652698278427,1.7072088718414307,0.1,22957568,57587712,0.02072759298607707,0.8077273656840328
2520,1.7006893157958984,0.07514213025569916,1.7082035541534424,0.1,22957568,57587712,0.02091310900868848,0.8582926658385082
2521,1.6647812128067017,0.07486569881439209,1.6722677946090698,0.1,22957568,57587712,0.02008560299873352,0.7674418000099871
2522,1.6532753705978394,0.07377701997756958,1.6606531143188477,0.1,22957568,57587712,0.019818613945972174,0.7998276600119235
2523,1.7096219062805176,0.07337508350610733,1.7169593572616577,0.1,22957568,57587712,0.01970573200378567,0.7583951414968193
2524,1.7001385688781738,0.07569745928049088,1.7077083587646484,0.1,22957568,57587712,0.01979829597985372,0.7393146871291297
2525,1.6825873851776123,0.07410227507352829,1.6899975538253784,0.1,22957568,57587712,0.02078519103815779,0.8444000800146454
2526,1.6663585901260376,0.07551561295986176,1.673910140991211,0.1,22957568,57587712,0.01956044096732512,0.8210918008836227
2527,1.6621520519256592,0.07395961135625839,1.6695480346679688,0.1,22957568,57587712,0.019457668997347355,0.7737047931940663
2528,1.6789313554763794,0.07414082437753677,1.6863454580307007,0.1,22957568,57587712,0.019628598995041102,0.9054947648950538
2529,1.6230254173278809,0.07518995553255081,1.6305444240570068,0.1,22957568,57587712,0.01960145798511803,0.7792455038877387
2530,1.6274348497390747,0.07339666038751602,1.6347745656967163,0.1,22957568,57587712,0.01969952101353556,0.7880319783726482
2531,1.6461524963378906,0.07435624301433563,1.6535881757736206,0.1,22957568,57587712,0.019659626996144652,0.9152351661727731
2532,1.6788537502288818,0.07373645156621933,1.6862274408340454,0.1,22957568,57587712,0.019614442018792033,0.7575872928717198
2533,1.6728622913360596,0.07385316491127014,1.6802476644515991,0.1,22957568,57587712,0.01982993498677388,0.8529363874414709
2534,1.6731948852539062,0.0730392262339592,1.6804988384246826,0.1,22957568,57587712,0.02006876200903207,0.9024233056552241
2535,1.6453301906585693,0.07308018952608109,1.6526381969451904,0.1,22957568,57587712,0.019970727968029678,0.8198267361814995
2536,1.7218037843704224,0.07261890918016434,1.7290656566619873,0.1,22957568,57587712,0.020096583000849932,0.7951370894515518
2537,1.7131465673446655,0.07410450279712677,1.7205569744110107,0.1,22957568,57587712,0.019950208952650428,0.9262969504418209
2538,1.727028489112854,0.07347353547811508,1.7343758344650269,0.1,22957568,57587712,0.020108476048335433,0.9393780418638404
2539,1.5774222612380981,0.07524286210536957,1.5849465131759644,0.1,22957568,57587712,0.019773298990912735,0.7429804929051649
2540,1.661179780960083,0.07320855557918549,1.6685006618499756,0.1,22957568,57587712,0.02049862500280142,0.8193848184220475
2541,1.642506718635559,0.07409206032752991,1.6499159336090088,0.1,22957568,57587712,0.01942634000442922,0.7941778773715424
2542,1.675471305847168,0.07496902346611023,1.682968258857727,0.1,22957568,57587712,0.019553909020032734,0.7619099338965444
2543,1.6462315320968628,0.07426000386476517,1.6536575555801392,0.1,22957568,57587712,0.01976943202316761,0.7538681343657619
2544,1.7227165699005127,0.07368996739387512,1.7300856113433838,0.1,22957568,57587712,0.01960661797784269,0.9104661407333914
2545,1.671608805656433,0.07313688844442368,1.6789225339889526,0.1,22957568,57587712,0.01982951397076249,0.8053653806581422
2546,1.6277045011520386,0.0746736228466034,1.635171890258789,0.1,22957568,57587712,0.01937599596567452,0.7779652402375341
2547,1.6320183277130127,0.07570389658212662,1.639588713645935,0.1,22957568,57587712,0.0196596669848077,0.8314035735557173
2548,1.6129001379013062,0.0746489092707634,1.620365023612976,0.1,22957568,57587712,0.019686828018166125,0.8431280443334793
2549,1.6150269508361816,0.07378487288951874,1.6224054098129272,0.1,22957568,57587712,0.0195524959708564,0.8389869904307106
2550,1.7063100337982178,0.07399535924196243,1.7137095928192139,0.1,22957568,57587712,0.019709779997356236,0.7760517659431653
2551,1.635179877281189,0.07445234060287476,1.642625093460083,0.1,22957568,57587712,0.01987172302324325,0.8299368647068672
2552,1.6538572311401367,0.07541176676750183,1.6613984107971191,0.1,22957568,57587712,0.01979649200802669,0.81323456638681
2553,1.6916611194610596,0.07332511991262436,1.6989936828613281,0.1,22957568,57587712,0.0198325400124304,0.8544883790357051
2554,1.6479902267456055,0.07279514521360397,1.655269742012024,0.1,22957568,57587712,0.01993353897705674,0.9410850035188819
2555,1.6664106845855713,0.07282845675945282,1.6736935377120972,0.1,22957568,57587712,0.020344546996057034,0.8875851169419957
2556,1.7065777778625488,0.0723390281200409,1.7138116359710693,0.1,22957568,57587712,0.01957351603778079,0.8342849359587724
2557,1.7353088855743408,0.07179049402475357,1.742487907409668,0.1,22957568,57587712,0.02022193797165528,0.8848653002756072
2558,1.6951905488967896,0.07172423601150513,1.7023630142211914,0.1,22957568,57587712,0.01966950501082465,0.7717832010621872
2559,1.703073263168335,0.07141485810279846,1.7102147340774536,0.1,22957568,57587712,0.019663323007989675,0.8651720522394977
2560,1.6898999214172363,0.07230184972286224,1.6971300840377808,0.1,22957568,57587712,0.019875389989465475,0.8808924135422824
2561,1.6427252292633057,0.07256623357534409,1.6499818563461304,0.1,22957568,57587712,0.020198343030642718,0.7705253925912128
2562,1.7702394723892212,0.07249277830123901,1.7774887084960938,0.1,22957568,57587712,0.02001085301162675,0.8727397822889174
2563,1.6725120544433594,0.07426657527685165,1.6799386739730835,0.1,22957568,57587712,0.02000652503920719,0.8355772482256864
2564,1.6665698289871216,0.07460848242044449,1.6740306615829468,0.1,22957568,57587712,0.019628407957497984,0.8500856765306816
2565,1.6154425144195557,0.07544472813606262,1.6229870319366455,0.1,22957568,57587712,0.01985592395067215,0.9139970795792092
2566,1.6546849012374878,0.07433483749628067,1.6621184349060059,0.1,22957568,57587712,0.019494496984407306,0.8232320006019278
2567,1.6459474563598633,0.07592170685529709,1.6535396575927734,0.1,22957568,57587712,0.019596297992393374,0.9625796198358487
2568,1.5994517803192139,0.07589016109704971,1.6070407629013062,0.1,22957568,57587712,0.019652914023026824,0.8967650384508776
2569,1.6527411937713623,0.07485996186733246,1.6602271795272827,0.1,22957568,57587712,0.019683832011651248,0.991920193912612
2570,1.6708288192749023,0.07341285049915314,1.678170084953308,0.1,22957568,57587712,0.020129924989305437,0.7634718077926421
2571,1.6774144172668457,0.0747377872467041,1.684888243675232,0.1,22957568,57587712,0.019713186949957162,0.8886740921344584
2572,1.6756848096847534,0.07247370481491089,1.6829321384429932,0.1,22957568,57587712,0.020771364972461015,0.9685548643920019
2573,1.7627331018447876,0.07370197772979736,1.7701033353805542,0.1,22957568,57587712,0.020025360980071127,0.9195327295106703
2574,1.6857880353927612,0.07579734921455383,1.6933677196502686,0.1,22957568,57587712,0.020348734979052097,0.8020799917036815
2575,1.659838080406189,0.07535131275653839,1.6673731803894043,0.1,22957568,57587712,0.019604293047450483,0.8394089576027228
2576,1.6442532539367676,0.07835574448108673,1.6520888805389404,0.1,22957568,57587712,0.019328317022882402,0.8892583056081862
2577,1.6518474817276,0.07496445626020432,1.659343957901001,0.1,22957568,57587712,0.019590376992709935,0.8355897583480713
2578,1.6431413888931274,0.07530505955219269,1.6506718397140503,0.1,22957568,57587712,0.019597791018895805,0.7820183225027755
2579,1.75005304813385,0.07369031012058258,1.7574220895767212,0.1,22957568,57587712,0.019481442985124886,0.7958695242426159
2580,1.6512885093688965,0.07331974804401398,1.6586204767227173,0.1,22957568,57587712,0.019787435012403876,0.7711029715220482
2581,1.689988136291504,0.07299038767814636,1.6972872018814087,0.1,22957568,57587712,0.01951372396433726,0.771171173934028
2582,1.7001968622207642,0.07202103734016418,1.7073990106582642,0.1,22957568,57587712,0.019637104007415473,0.866777333941887
2583,1.6231672763824463,0.0727749764919281,1.6304447650909424,0.1,22957568,57587712,0.019783037016168237,0.8525141936866611
2584,1.6099269390106201,0.07428522408008575,1.617355465888977,0.1,22957568,57587712,0.019736381014809012,0.7909627793112047
2585,1.6700472831726074,0.07259954512119293,1.6773072481155396,0.1,22957568,57587712,0.020253285998478532,0.8238275868679512
2586,1.599437952041626,0.07242181897163391,1.606680154800415,0.1,22957568,57587712,0.01954733597813174,0.7862373180593605
2587,1.600260853767395,0.07310399413108826,1.6075712442398071,0.1,22957568,57587712,0.01971160405082628,0.7855944858241278
2588,1.6232692003250122,0.07350713014602661,1.6306198835372925,0.1,22957568,57587712,0.019646482018288225,0.7180017407874728
2589,1.615967035293579,0.07460854202508926,1.6234278678894043,0.1,22957568,57587712,0.01943586894776672,0.7948947066526013
2590,1.7066372632980347,0.07388234883546829,1.7140254974365234,0.1,22957568,57587712,0.020878113980870694,0.7929072717568927
2591,1.7164173126220703,0.07322707772254944,1.7237399816513062,0.1,22957568,57587712,0.025718193966895342,0.8755695589234542
2592,1.630602240562439,0.07531096041202545,1.6381332874298096,0.1,22957568,57587712,0.021241243986878544,0.8090523569632827
2593,1.7187801599502563,0.07377640902996063,1.726157784461975,0.1,22957568,57587712,0.023306684975977987,0.8292733053864496
2594,1.637587547302246,0.07370942085981369,1.64495849609375,0.1,22957568,57587712,0.022723275003954768,0.7475679473674092
2595,1.6650452613830566,0.07298203557729721,1.6723434925079346,0.1,22957568,57587712,0.022474238998256624,0.9598296811831514
2596,1.628204345703125,0.07378502190113068,1.6355828046798706,0.1,22957568,57587712,0.02480822301004082,0.7898921284614924
2597,1.6473723649978638,0.07412365078926086,1.6547846794128418,0.1,22957568,57587712,0.02600381796946749,0.7942787687778207
2598,1.6138321161270142,0.07450274378061295,1.6212823390960693,0.1,22957568,57587712,0.022451677010394633,0.840433546028227
2599,1.6339584589004517,0.07258785516023636,1.6412172317504883,0.1,22957568,57587712,0.023277821019291878,0.7621853649782455
2600,1.6750495433807373,0.07317661494016647,1.682367205619812,0.1,22957568,57587712,0.024007575993891805,0.7438875642722275
2601,1.6173200607299805,0.07193205505609512,1.6245132684707642,0.1,22957568,57587712,0.021308108989614993,0.7155772899136909
2602,1.6815401315689087,0.07241317629814148,1.688781499862671,0.1,22957568,57587712,0.02042086998699233,0.8631095319233031
2603,1.6859147548675537,0.07183582335710526,1.6930983066558838,0.1,22957568,57587712,0.020405130984727293,0.7965220507160842
2604,1.6260329484939575,0.07341945171356201,1.6333749294281006,0.1,22957568,57587712,0.020220124977640808,0.7874611574712966
2605,1.6958491802215576,0.07367400825023651,1.703216552734375,0.1,22957568,57587712,0.02081974595785141,0.7843360939469485
2606,1.7425223588943481,0.07390130311250687,1.7499125003814697,0.1,22957568,57587712,0.019825156952720135,0.8200682999655454
2607,1.664202332496643,0.07521246373653412,1.6717236042022705,0.1,22957568,57587712,0.019766866986174136,0.8225635022337556
2608,1.6680512428283691,0.07282105833292007,1.6753333806991577,0.1,22957568,57587712,0.019800911017227918,0.8454867872384934
2609,1.6302382946014404,0.0733962133526802,1.6375778913497925,0.1,22957568,57587712,0.019994091999251395,0.7553339422283798
2610,1.6525287628173828,0.07434722036123276,1.6599634885787964,0.1,22957568,57587712,0.020469210983719677,0.7830177934114523
2611,1.7003666162490845,0.07238305360078812,1.7076048851013184,0.1,22957568,57587712,0.02016547304810956,0.8932369584158399
2612,1.6674091815948486,0.07197465002536774,1.6746066808700562,0.1,22957568,57587712,0.020137540996074677,0.7545392095712445
2613,1.630239725112915,0.0740533173084259,1.6376450061798096,0.1,22957568,57587712,0.019535564992111176,0.8041884652781996
2614,1.7038514614105225,0.07474835216999054,1.711326241493225,0.1,22957568,57587712,0.02005704998737201,0.879880560685239
2615,1.7064002752304077,0.07403047382831573,1.7138032913208008,0.1,22957568,57587712,0.020009651023428887,0.7851556417580877
2616,1.6867578029632568,0.0736098513007164,1.6941187381744385,0.1,22957568,57587712,0.019495510030537844,0.9138473670126606
2617,1.6590677499771118,0.07416221499443054,1.666483998298645,0.1,22957568,57587712,0.0197510679718107,0.7273877621685914
2618,1.7137609720230103,0.0738280713558197,1.7211437225341797,0.1,22957568,57587712,0.019340661005117,0.8405306361120952
2619,1.662057876586914,0.07421516627073288,1.6694793701171875,0.1,22957568,57587712,0.01971647300524637,0.7421744766433835
2620,1.6404197216033936,0.07266111671924591,1.6476858854293823,0.1,22957568,57587712,0.020362662035040557,0.7505669567793386
2621,1.6825852394104004,0.07082565873861313,1.689667820930481,0.1,22957568,57587712,0.019552055979147553,0.7705116262435204
2622,1.653010606765747,0.07303597033023834,1.6603142023086548,0.1,22957568,57587712,0.019799068046268076,0.7893332078467259
2623,1.7083972692489624,0.0727429911494255,1.7156715393066406,0.1,22957568,57587712,0.019416641967836767,0.8344148337652748
2624,1.719188928604126,0.0727529227733612,1.7264642715454102,0.1,22957568,57587712,0.020696796011179686,0.8206915893495343
2625,1.6166889667510986,0.07174630463123322,1.6238635778427124,0.1,22957568,57587712,0.02098536497214809,0.7766167544615616
2626,1.7091162204742432,0.0729808360338211,1.7164143323898315,0.1,22957568,57587712,0.020635852008126676,0.8234851991525257
2627,1.6379083395004272,0.07271468639373779,1.6451797485351562,0.1,22957568,57587712,0.020182173990178853,0.8674347001681281
2628,1.7381607294082642,0.07151192426681519,1.745311975479126,0.1,22957568,57587712,0.020024137978907675,0.93106236078367
2629,1.6856238842010498,0.07256254553794861,1.6928801536560059,0.1,22957568,57587712,0.01960546599002555,0.8428088670891264
2630,1.6355011463165283,0.07416471838951111,1.6429176330566406,0.1,22957568,57587712,0.019407544983550906,0.7291762157593945
2631,1.739720344543457,0.07193012535572052,1.7469133138656616,0.1,22957568,57587712,0.019666479958686978,0.9282052914689196
2632,1.662218451499939,0.07225567102432251,1.669443964958191,0.1,22957568,57587712,0.01978313800645992,0.8396561235260529
2633,1.6399003267288208,0.07209204882383347,1.6471095085144043,0.1,22957568,57587712,0.019194607040844858,0.818267164042285
2634,1.6834189891815186,0.07257255166769028,1.690676212310791,0.1,22957568,57587712,0.01999150699703023,0.8258680124845403
2635,1.663612723350525,0.07202932238578796,1.6708157062530518,0.1,22957568,57587712,0.02044314198428765,0.8190058336455605
2636,1.5945284366607666,0.07486218959093094,1.6020146608352661,0.1,22957568,57587712,0.019472045998554677,0.8504829522830843
2637,1.6980581283569336,0.07285484671592712,1.7053436040878296,0.1,22957568,57587712,0.01997892395593226,0.7721321281130603
2638,1.6714956760406494,0.07404115796089172,1.6788997650146484,0.1,22957568,57587712,0.01931321999290958,0.8674233084830604
2639,1.6086130142211914,0.07297630608081818,1.6159106492996216,0.1,22957568,57587712,0.019751708954572678,0.7794336874321203
2640,1.6486728191375732,0.07351260632276535,1.6560240983963013,0.1,22957568,57587712,0.020072889979928732,0.753711245402179
2641,1.5713025331497192,0.07328999042510986,1.5786315202713013,0.1,22957568,57587712,0.019427612947765738,0.767109575460216
2642,1.6724250316619873,0.07242728769779205,1.6796677112579346,0.1,22957568,57587712,0.01976421196013689,0.783622384792019
2643,1.6609227657318115,0.07326461374759674,1.668249249458313,0.1,22957568,57587712,0.019314081000629812,0.8580906114765242
2644,1.6621434688568115,0.07290613651275635,1.6694340705871582,0.1,22957568,57587712,0.020117673964705318,0.8290670219595067
2645,1.654807686805725,0.07221732288599014,1.6620293855667114,0.1,22957568,57587712,0.02005650900537148,0.8254627232189521
2646,1.676268219947815,0.07330547273159027,1.6835987567901611,0.1,22957568,57587712,0.02002840704517439,0.8054256040891434
2647,1.6484962701797485,0.07538042962551117,1.6560343503952026,0.1,22957568,57587712,0.019950009998865426,0.8654462269176026
2648,1.631353497505188,0.07464945316314697,1.6388185024261475,0.1,22957568,57587712,0.019260900968220085,0.7928008391968766
2649,1.6119740009307861,0.07472798973321915,1.6194467544555664,0.1,22957568,57587712,0.019728887011297047,0.7780974231841783
2650,1.6709918975830078,0.07279058545827866,1.678270936012268,0.1,22957568,57587712,0.020958987006451935,0.8160620823456513
2651,1.6756230592727661,0.07173579931259155,1.682796597480774,0.1,22957568,57587712,0.019429235951974988,0.9384109885873589
2652,1.631419062614441,0.07194775342941284,1.6386138200759888,0.1,22957568,57587712,0.019761407049372792,0.7914992892758257
2653,1.6951335668563843,0.0744798332452774,1.702581524848938,0.1,22957568,57587712,0.019522491027601063,0.8923518761238377
2654,1.5921157598495483,0.07349884510040283,1.5994656085968018,0.1,22957568,57587712,0.020732493023388088,0.7866108443112213
2655,1.6766823530197144,0.07481510937213898,1.6841638088226318,0.1,22957568,57587712,0.01986137399217114,0.8590257582872849
2656,1.6957383155822754,0.07230766117572784,1.7029690742492676,0.1,22957568,57587712,0.01936255197506398,0.799341898380497
2657,1.6985750198364258,0.0716419517993927,1.7057392597198486,0.1,22957568,57587712,0.019752220017835498,0.9480655738615915
2658,1.703802466392517,0.07252885401248932,1.7110553979873657,0.1,22957568,57587712,0.019328628026414663,0.8325461450238948
2659,1.6899696588516235,0.07428641617298126,1.69739830493927,0.1,22957568,57587712,0.019833041005767882,0.8721370073051815
2660,1.7163676023483276,0.07382416725158691,1.7237499952316284,0.1,22957568,57587712,0.019811981997918338,0.8377139824303526
2661,1.7198272943496704,0.07284177094697952,1.7271114587783813,0.1,22957568,57587712,0.019426792045123875,0.891589421528964
2662,1.5772851705551147,0.07383470982313156,1.5846686363220215,0.1,22957568,57587712,0.019835075014270842,0.8300204320626131
2663,1.7258937358856201,0.0720038041472435,1.7330940961837769,0.1,22957568,57587712,0.019479110022075474,0.8668065564251033
2664,1.741101622581482,0.0735582560300827,1.748457431793213,0.1,22957568,57587712,0.01990317302988842,0.8840488091490895
2665,1.5848439931869507,0.07337862998247147,1.5921818017959595,0.1,22957568,57587712,0.020575029018800706,0.8129308032288735
2666,1.6187525987625122,0.0733586847782135,1.6260885000228882,0.1,22957568,57587712,0.019374274008441716,0.7939193947970579
2667,1.6979360580444336,0.07269404828548431,1.7052054405212402,0.1,22957568,57587712,0.020346370991319418,0.8446827828564424
2668,1.6366060972213745,0.07389605045318604,1.643995761871338,0.1,22957568,57587712,0.01936716999625787,0.925020441720676
2669,1.6184253692626953,0.07353442162275314,1.6257787942886353,0.1,22957568,57587712,0.019563517009373754,0.7423839217512546
2670,1.6362448930740356,0.07426364719867706,1.6436712741851807,0.1,22957568,57587712,0.01970265799900517,0.819783182960319
2671,1.6475329399108887,0.07401388883590698,1.654934287071228,0.1,22957568,57587712,0.01955200597876683,0.8733045006676797
2672,1.5979969501495361,0.07394307851791382,1.605391263961792,0.1,22957568,57587712,0.019919563026633114,1.0239564994797263
2673,1.6942017078399658,0.07173284888267517,1.7013750076293945,0.1,22957568,57587712,0.01960382197285071,0.7905150646284111
2674,1.6595381498336792,0.07445976138114929,1.6669840812683105,0.1,22957568,57587712,0.020187254005577415,0.8123734186109574
2675,1.7377310991287231,0.07341500371694565,1.745072603225708,0.1,22957568,57587712,0.020427022012881935,0.8533184258772095
2676,1.7431987524032593,0.07368645817041397,1.7505674362182617,0.1,22957568,57587712,0.02175329194869846,0.8568049774230329
2677,1.7509177923202515,0.07400259375572205,1.7583180665969849,0.1,22957568,57587712,0.02160848001949489,0.896310822150552
2678,1.5805861949920654,0.07413332164287567,1.5879995822906494,0.1,22957568,57587712,0.020675367035437375,0.8493315012111159
2679,1.6962693929672241,0.07517364621162415,1.7037867307662964,0.1,22957568,57587712,0.02002369798719883,0.8105457095847312
2680,1.755906343460083,0.07521630823612213,1.763427972793579,0.1,22957568,57587712,0.020457699021790177,0.8817083992138918
2681,1.6709325313568115,0.07440726459026337,1.6783732175827026,0.1,22957568,57587712,0.019758302019909024,0.7801767993315852
2682,1.6543103456497192,0.07492822408676147,1.661803126335144,0.1,22957568,57587712,0.019931014045141637,0.75482690732608
2683,1.6762995719909668,0.07232607901096344,1.6835322380065918,0.1,22957568,57587712,0.019791053025983274,0.8750825425942144
2684,1.5994420051574707,0.074034184217453,1.6068453788757324,0.1,22957568,57587712,0.020017805974930525,0.7811067738692051
2685,1.7038320302963257,0.07312669605016708,1.7111446857452393,0.1,22957568,57587712,0.01936948497314006,0.7880618064080028
2686,1.6681632995605469,0.07300674915313721,1.6754639148712158,0.1,22957568,57587712,0.01987402798840776,0.8890807686395307
2687,1.680335283279419,0.0726000964641571,1.687595248222351,0.1,22957568,57587712,0.019851916993502527,0.8324651780889214
2688,1.671034812927246,0.07277034223079681,1.678311824798584,0.1,22957568,57587712,0.02100407099351287,0.7638322564016703
2689,1.6522955894470215,0.07248850166797638,1.6595444679260254,0.1,22957568,57587712,0.024410529993474483,0.7873429146503964
2690,1.6802006959915161,0.07239770889282227,1.6874405145645142,0.1,22957568,57587712,0.02018037997186184,0.8529591544453514
2691,1.70508873462677,0.07424844801425934,1.7125135660171509,0.1,22957568,57587712,0.01994693500455469,0.8136282114799945
2692,1.6382876634597778,0.07413783669471741,1.6457014083862305,0.1,22957568,57587712,0.01990677899448201,0.7250681259924528
2693,1.5394370555877686,0.07389805465936661,1.5468268394470215,0.1,22957568,57587712,0.019770805025473237,0.7164865764099588
2694,1.6894925832748413,0.07559183984994888,1.697051763534546,0.1,22957568,57587712,0.02006317104678601,0.7779526890630093
2695,1.680124282836914,0.07411593198776245,1.6875358819961548,0.1,22957568,57587712,0.020218632009346038,0.7815002891988508
2696,1.6609598398208618,0.07425715029239655,1.6683855056762695,0.1,22957568,57587712,0.02004276297520846,0.7673101978748675
2697,1.688743233680725,0.07421913743019104,1.6961652040481567,0.1,22957568,57587712,0.01970937999431044,0.8175879902830828
2698,1.6713979244232178,0.072897769510746,1.6786876916885376,0.1,22957568,57587712,0.01960731897270307,0.8111592349091432
2699,1.6928784847259521,0.0727945938706398,1.7001579999923706,0.1,22957568,57587712,0.0198869519517757,0.8031947950702383
2700,1.698245882987976,0.07385855913162231,1.7056317329406738,0.1,22957568,57587712,0.02402375702513382,0.7384220448215302
2701,1.6175999641418457,0.07296444475650787,1.6248964071273804,0.1,22957568,57587712,0.02181883400771767,0.7658541029494124
2702,1.668784737586975,0.07393334060907364,1.6761780977249146,0.1,22957568,57587712,0.02004454704001546,0.8000469339882764
2703,1.6767197847366333,0.07158617675304413,1.6838784217834473,0.1,22957568,57587712,0.01993535301880911,0.7665195338248354
2704,1.6381508111953735,0.07197197526693344,1.6453479528427124,0.1,22957568,57587712,0.02006316202459857,0.8156583685567386
2705,1.6578543186187744,0.07350720465183258,1.6652050018310547,0.1,22957568,57587712,0.019889538001734763,0.8318425426291731
2706,1.6938892602920532,0.07240338623523712,1.7011295557022095,0.1,22957568,57587712,0.0200658569810912,0.7420952298525278
2707,1.6515220403671265,0.07138756662607193,1.6586607694625854,0.1,22957568,57587712,0.019557066028937697,0.760992615920547
2708,1.6307117938995361,0.0736246183514595,1.638074278831482,0.1,22957568,57587712,0.019769481965340674,0.9310533228005183
2709,1.7049224376678467,0.07233278453350067,1.7121556997299194,0.1,22957568,57587712,0.019830085977446288,0.8808461688212366
2710,1.6409293413162231,0.07124131172895432,1.648053526878357,0.1,22957568,57587712,0.02163844701135531,0.8469797848059709
2711,1.5836092233657837,0.0722995400428772,1.590839147567749,0.1,22957568,57587712,0.020870210020802915,0.734417029474254
2712,1.6887261867523193,0.070834681391716,1.6958096027374268,0.1,22957568,57587712,0.019866845046635717,0.905966022680089
2713,1.6817463636398315,0.07199279963970184,1.6889456510543823,0.1,22957568,57587712,0.01986190496245399,0.8176847397171028
2714,1.67168390750885,0.07269451767206192,1.6789534091949463,0.1,22957568,57587712,0.019850433978717774,0.843123664765896
2715,1.6789617538452148,0.07189631462097168,1.686151385307312,0.1,22957568,57587712,0.020542607991956174,0.8634179196612651
2716,1.6632158756256104,0.07345309853553772,1.6705611944198608,0.1,22957568,57587712,0.019995284965261817,0.96940574191
2717,1.6958849430084229,0.07145392149686813,1.7030303478240967,0.1,22957568,57587712,0.019622357038315386,0.7637802789035347
2718,1.6329360008239746,0.07249145209789276,1.6401851177215576,0.1,22957568,57587712,0.01992351096123457,0.8865539170957514
2719,1.669048547744751,0.07300132513046265,1.6763486862182617,0.1,22957568,57587712,0.01964746497105807,0.8004115066454737
2720,1.6697591543197632,0.0725785568356514,1.6770169734954834,0.1,22957568,57587712,0.019490952021442354,0.8786477219148815
2721,1.656672477722168,0.07099314033985138,1.6637717485427856,0.1,22957568,57587712,0.020143391971942037,0.8837362875810237
2722,1.6021479368209839,0.07178798317909241,1.609326720237732,0.1,22957568,57587712,0.01961575500899926,0.7411002126793556
2723,1.6847519874572754,0.07444345951080322,1.6921963691711426,0.1,22957568,57587712,0.019667342014145106,0.9553313630661858
2724,1.5858975648880005,0.07363459467887878,1.5932610034942627,0.1,22957568,57587712,0.0196658989880234,0.8218694630459044
2725,1.6049940586090088,0.07173210382461548,1.612167239189148,0.1,22957568,57587712,0.019836317980661988,0.80871753453127
2726,1.6291245222091675,0.07360188663005829,1.6364847421646118,0.1,22957568,57587712,0.01996208296623081,0.8893606361945837
2727,1.6882036924362183,0.07329962402582169,1.6955336332321167,0.1,22957568,57587712,0.019593754957895726,0.9028952852290347
2728,1.6608991622924805,0.07358643412590027,1.6682578325271606,0.1,22957568,57587712,0.01980185299180448,0.825091962048866
2729,1.6261351108551025,0.07517162710428238,1.6336523294448853,0.1,22957568,57587712,0.019636243989225477,0.9034541645146462
2730,1.6314271688461304,0.07529181241989136,1.6389563083648682,0.1,22957568,57587712,0.020215516968164593,0.7701729999577558
2731,1.681860327720642,0.07371275871992111,1.6892316341400146,0.1,22957568,57587712,0.019825506955385208,0.7662348686574235
2732,1.602874994277954,0.07472629100084305,1.6103476285934448,0.1,22957568,57587712,0.019641063001472503,0.7989375181919034
2733,1.657186508178711,0.07223819196224213,1.6644103527069092,0.1,22957568,57587712,0.01977027498651296,0.8045064600662672
2734,1.6634011268615723,0.07242340594530106,1.6706434488296509,0.1,22957568,57587712,0.019960650999564677,0.8402514965372165
2735,1.5529807806015015,0.07424714416265488,1.5604054927825928,0.1,22957568,57587712,0.020125728973653167,0.832712997945119
2736,1.6613909006118774,0.07325595617294312,1.668716549873352,0.1,22957568,57587712,0.01990432501770556,0.7594127398137885
2737,1.580345869064331,0.07569612562656403,1.5879155397415161,0.1,22957568,57587712,0.019601228006649762,0.7476341235895794
2738,1.6602712869644165,0.07311030477285385,1.6675822734832764,0.1,22957568,57587712,0.019727424019947648,0.7907300993676212
2739,1.676434874534607,0.07364924252033234,1.6837997436523438,0.1,22957568,57587712,0.0197080280049704,0.8420569356608303
2740,1.6209990978240967,0.07319015264511108,1.6283180713653564,0.1,22957568,57587712,0.019687869993504137,0.7747957199206588
2741,1.653722882270813,0.07332736998796463,1.661055564880371,0.1,22957568,57587712,0.0198222910403274,0.7531562977119381
2742,1.6120166778564453,0.07237302511930466,1.6192539930343628,0.1,22957568,57587712,0.01957484899321571,0.7687947942295406
2743,1.549673080444336,0.0751180648803711,1.5571849346160889,0.1,22957568,57587712,0.01967451599193737,0.7644003579611008
2744,1.6942254304885864,0.07252732664346695,1.701478123664856,0.1,22957568,57587712,0.019640011014416814,0.8368649618900216
2745,1.629653811454773,0.0726349800825119,1.6369173526763916,0.1,22957568,57587712,0.020819917030166835,0.8053662658257947
2746,1.65109384059906,0.0716162770986557,1.6582554578781128,0.1,22957568,57587712,0.02129101799800992,0.7517953291140258
2747,1.6885323524475098,0.07194048166275024,1.6957263946533203,0.1,22957568,57587712,0.020981138048227876,0.7550863372678039
2748,1.7230072021484375,0.07341214269399643,1.7303484678268433,0.1,22957568,57587712,0.020010322972666472,1.014948507119248
2749,1.6413966417312622,0.07262447476387024,1.648659110069275,0.1,22957568,57587712,0.020571783010382205,0.8171523063905232
2750,1.63451087474823,0.07282795011997223,1.6417937278747559,0.1,22957568,57587712,0.019879708997905254,0.8249408140344379
2751,1.6523072719573975,0.07057332992553711,1.6593645811080933,0.1,22957568,57587712,0.020005003025289625,0.7120505652672716
2752,1.6405730247497559,0.07118241488933563,1.647691249847412,0.1,22957568,57587712,0.019792334991507232,0.7918056919793827
2753,1.6521185636520386,0.0710110142827034,1.6592196226119995,0.1,22957568,57587712,0.019696336006745696,0.7455753161822278
2754,1.6269927024841309,0.07066497206687927,1.634059190750122,0.1,22957568,57587712,0.019296096987091005,0.7418699744356665
2755,1.6431372165679932,0.07231669127941132,1.6503689289093018,0.1,22957568,57587712,0.019970928959082812,0.772834932759255
2756,1.6675983667373657,0.07288230210542679,1.6748865842819214,0.1,22957568,57587712,0.020002128032501787,0.805296413686124
2757,1.6466152667999268,0.07174229621887207,1.6537895202636719,0.1,22957568,57587712,0.019506241020280868,0.748310398308555
2758,1.6096272468566895,0.0718383714556694,1.6168110370635986,0.1,22957568,57587712,0.019776146044023335,0.7969973860463384
2759,1.6513434648513794,0.0729544535279274,1.6586389541625977,0.1,22957568,57587712,0.019315744983032346,0.7840373398390228
2760,1.6373847723007202,0.07225009799003601,1.644609808921814,0.1,22957568,57587712,0.0205426579923369,0.7764027223761917
2761,1.6769232749938965,0.07440230995416641,1.6843634843826294,0.1,22957568,57587712,0.019692708970978856,0.7645523110036953
2762,1.633050560951233,0.07399177551269531,1.6404497623443604,0.1,22957568,57587712,0.019516300002578646,0.8381316744508891
2763,1.6308790445327759,0.07415025681257248,1.6382941007614136,0.1,22957568,57587712,0.019919782993383706,0.8116864315056065
2764,1.7161085605621338,0.07360351085662842,1.7234688997268677,0.1,22957568,57587712,0.0193189510027878,0.9570224004939679
2765,1.7235115766525269,0.07258658856153488,1.730770230293274,0.1,22957568,57587712,0.019992268993519247,0.8419180457200384
2766,1.6505818367004395,0.0739491879940033,1.657976746559143,0.1,22957568,57587712,0.019846355949994177,0.9126886694393118
2767,1.639192819595337,0.07280829548835754,1.6464736461639404,0.1,22957568,57587712,0.019476144982036203,0.7923232170777736
2768,1.6025065183639526,0.0754469782114029,1.6100512742996216,0.1,22957568,57587712,0.019547517993487418,0.8222424270157688
2769,1.5872400999069214,0.07383611798286438,1.5946236848831177,0.1,22957568,57587712,0.019527190015651286,0.8810437275944106
2770,1.6446672677993774,0.07462885975837708,1.652130126953125,0.1,22957568,57587712,0.019627697998657823,0.7677186621522976
2771,1.6732677221298218,0.07333043962717056,1.6806007623672485,0.1,22957568,57587712,0.019728737010154873,0.9557906001589953
2772,1.640619158744812,0.07128386944532394,1.64774751663208,0.1,22957568,57587712,0.019565641996450722,0.7634219295048011
2773,1.5750527381896973,0.0756055936217308,1.5826133489608765,0.1,22957568,57587712,0.019714349997229874,0.7735981832731024
2774,1.652435541152954,0.07413825392723083,1.6598494052886963,0.1,22957568,57587712,0.020494739001151174,0.8229061319370559
2775,1.648237943649292,0.07484090328216553,1.6557220220565796,0.1,22957568,57587712,0.020400943991262466,0.8916471579979023
2776,1.600343942642212,0.07343624532222748,1.6076875925064087,0.1,22957568,57587712,0.02014634700026363,0.7962890161759179
2777,1.6277776956558228,0.07370555400848389,1.635148286819458,0.1,22957568,57587712,0.019835556973703206,0.7598086492471564
2778,1.6624385118484497,0.07280283421278,1.6697187423706055,0.1,22957568,57587712,0.020290638029109687,0.8447431942113497
2779,1.6068496704101562,0.07384225726127625,1.6142338514328003,0.1,22957568,57587712,0.019944981031585485,0.7898808358143752
2780,1.7185872793197632,0.0737001821398735,1.7259572744369507,0.1,22957568,57587712,0.019665458996314555,0.810420377133938
2781,1.7452772855758667,0.07238151878118515,1.752515435218811,0.1,22957568,57587712,0.019800179987214506,0.8572038131748875
2782,1.613952398300171,0.07269874215126038,1.6212222576141357,0.1,22957568,57587712,0.019701236044056714,0.8197034928384664
2783,1.6309159994125366,0.07216515392065048,1.6381325721740723,0.1,22957568,57587712,0.019919683982152492,0.778030995067955
2784,1.6416866779327393,0.07306907325983047,1.6489936113357544,0.1,22957568,57587712,0.01958719198592007,0.9174884220814463
2785,1.5881693363189697,0.07497632503509521,1.5956670045852661,0.1,22957568,57587712,0.020078140019904822,0.8372666774807006
2786,1.5799962282180786,0.07256412506103516,1.5872526168823242,0.1,22957568,57587712,0.019916346995159984,0.8391689917298769
2787,1.6487866640090942,0.07381002604961395,1.6561676263809204,0.1,22957568,57587712,0.01940729602938518,0.8108969607871781
2788,1.611626386642456,0.07364490628242493,1.6189908981323242,0.1,22957568,57587712,0.01961274998029694,0.8341363170676267
2789,1.6500256061553955,0.07232043147087097,1.6572576761245728,0.1,22957568,57587712,0.0190834510140121,0.8904764269110079
2790,1.658375859260559,0.07325723022222519,1.6657016277313232,0.1,22957568,57587712,0.02052368299337104,0.8383327726779728
2791,1.645674228668213,0.0729968249797821,1.6529738903045654,0.1,22957568,57587712,0.019646744010969996,0.8250118909770865
2792,1.648830771446228,0.07331255078315735,1.6561620235443115,0.1,22957568,57587712,0.019404860970098525,0.8102575256576413
2793,1.6494375467300415,0.07397371530532837,1.6568349599838257,0.1,22957568,57587712,0.019912781019229442,0.8154465020646143
2794,1.6663269996643066,0.07142334431409836,1.6734693050384521,0.1,22957568,57587712,0.01940802700119093,0.8142472102061752
2795,1.6265292167663574,0.0724799782037735,1.6337772607803345,0.1,22957568,57587712,0.020281740988139063,0.7772576734970834
2796,1.6798679828643799,0.07313993573188782,1.6871819496154785,0.1,22957568,57587712,0.019805900985375047,0.8789959018732943
2797,1.6311700344085693,0.07178404927253723,1.6383484601974487,0.1,22957568,57587712,0.02019646199187264,0.8137872310544754
2798,1.7017959356307983,0.07156816124916077,1.708952784538269,0.1,22957568,57587712,0.020456127007491887,0.8232303919974489
2799,1.6482025384902954,0.07265745848417282,1.655468225479126,0.1,22957568,57587712,0.020104509021621197,0.8619180434412022
2800,1.6157258749008179,0.07263675332069397,1.622989535331726,0.1,22957568,57587712,0.024415690975729376,0.8667190104310097
2801,1.6801950931549072,0.07363392412662506,1.6875585317611694,0.1,22957568,57587712,0.023040910018607974,0.8129256731632888
2802,1.6768163442611694,0.07276870310306549,1.6840932369232178,0.1,22957568,57587712,0.020452910976018757,0.8299238102539523
2803,1.6034127473831177,0.07377152144908905,1.6107898950576782,0.1,22957568,57587712,0.020341983996331692,0.8211351437280889
2804,1.6677459478378296,0.07233871519565582,1.67497980594635,0.1,22957568,57587712,0.020033365988638252,0.9241967939507394
2805,1.6289652585983276,0.07348887622356415,1.6363141536712646,0.1,22957568,57587712,0.020203475025482476,0.7897684900063228
2806,1.6246538162231445,0.0733528807759285,1.6319891214370728,0.1,22957568,57587712,0.01953353197313845,0.8350759137579584
2807,1.679937481880188,0.07141987979412079,1.6870794296264648,0.1,22957568,57587712,0.019922800012864172,0.9414061776041586
2808,1.6948082447052002,0.07203051447868347,1.7020113468170166,0.1,22957568,57587712,0.019557275983970612,0.7510334838830476
2809,1.6063213348388672,0.07159247994422913,1.613480567932129,0.1,22957568,57587712,0.019775464956182986,0.771281823295513
2810,1.6088086366653442,0.07437543570995331,1.616246223449707,0.1,22957568,57587712,0.02003908803453669,0.8569428291003147
2811,1.6201375722885132,0.07315723598003387,1.627453327178955,0.1,22957568,57587712,0.01939551398390904,0.8289224004082894
2812,1.698174238204956,0.07308707386255264,1.7054829597473145,0.1,22957568,57587712,0.019713928981218487,0.8224370614287381
2813,1.608481764793396,0.07257232815027237,1.6157389879226685,0.1,22957568,57587712,0.019558729021809995,0.7912017186040083
2814,1.5956419706344604,0.07434320449829102,1.6030763387680054,0.1,22957568,57587712,0.02025349799077958,0.8644270208887104
2815,1.6559466123580933,0.07267087697982788,1.6632137298583984,0.1,22957568,57587712,0.019850996031891555,0.8113205374338581
2816,1.6741397380828857,0.07056204974651337,1.6811959743499756,0.1,22957568,57587712,0.01935992803191766,0.9172989894407833
2817,1.6438465118408203,0.07266645133495331,1.6511131525039673,0.1,22957568,57587712,0.01982326403958723,0.810388434120867
2818,1.700992226600647,0.07228744029998779,1.7082209587097168,0.1,22957568,57587712,0.019450937979854643,0.904485309258725
2819,1.6756027936935425,0.0720704048871994,1.682809829711914,0.1,22957568,57587712,0.019617839949205518,0.7242655946920373
2820,1.6478826999664307,0.07258857786655426,1.6551415920257568,0.1,22957568,57587712,0.02035085001261905,0.8139218135028709
2821,1.6455025672912598,0.07328596711158752,1.6528311967849731,0.1,22957568,57587712,0.01925984997069463,0.7751015422400593
2822,1.6288056373596191,0.073160320520401,1.6361216306686401,0.1,22957568,57587712,0.01966232300037518,0.7877441195681155
2823,1.6855632066726685,0.07168316841125488,1.692731499671936,0.1,22957568,57587712,0.019473759981337935,0.7728187108272178
2824,1.6701719760894775,0.07325024902820587,1.6774970293045044,0.1,22957568,57587712,0.0198155990219675,0.8796040423836164
2825,1.6506187915802002,0.0729169100522995,1.6579104661941528,0.1,22957568,57587712,0.020408298005349934,0.8535542558209229
2826,1.6119675636291504,0.07317858189344406,1.6192854642868042,0.1,22957568,57587712,0.019921778002753854,0.8858776007337088
2827,1.6064077615737915,0.07348966598510742,1.613756775856018,0.1,22957568,57587712,0.01971412997227162,0.8028774980730776
2828,1.6780428886413574,0.0728112980723381,1.6853240728378296,0.1,22957568,57587712,0.019605787005275488,0.8581272324123899
2829,1.6566013097763062,0.07224871218204498,1.6638262271881104,0.1,22957568,57587712,0.019697509007528424,0.88205734513526
2830,1.6808953285217285,0.07219269871711731,1.6881146430969238,0.1,22957568,57587712,0.02008423098595813,0.8872921302180217
2831,1.7511286735534668,0.07225929200649261,1.7583545446395874,0.1,22957568,57587712,0.01943817298160866,0.8213769778968881
2832,1.6841833591461182,0.07217786461114883,1.6914011240005493,0.1,22957568,57587712,0.019640001002699137,0.9036795818811229
2833,1.6029574871063232,0.07272594422101974,1.6102300882339478,0.1,22957568,57587712,0.019500589987728745,0.7625830052646788
2834,1.6146682500839233,0.07100559026002884,1.621768832206726,0.1,22957568,57587712,0.019740308984182775,0.7535297080574208
2835,1.7331883907318115,0.07340314239263535,1.7405287027359009,0.1,22957568,57587712,0.020775704993866384,0.8849728731901008
2836,1.629982590675354,0.07417373359203339,1.6373999118804932,0.1,22957568,57587712,0.01944499701494351,0.8771262588714579
2837,1.599619746208191,0.07253547012805939,1.6068732738494873,0.1,22957568,57587712,0.01975307200336829,0.8592233895360786
2838,1.5986703634262085,0.07282326370477676,1.6059527397155762,0.1,22957568,57587712,0.019441018986981362,0.7625621056838866
2839,1.728022813796997,0.07103053480386734,1.7351258993148804,0.1,22957568,57587712,0.019754995999392122,0.808082849992389
2840,1.6942155361175537,0.07059867680072784,1.70127534866333,0.1,22957568,57587712,0.020513213996309787,0.8277129119744997
2841,1.6189637184143066,0.07500959932804108,1.6264647245407104,0.1,22957568,57587712,0.019265881972387433,0.8479403886373175
2842,1.692050576210022,0.07247570157051086,1.6992981433868408,0.1,22957568,57587712,0.01980963902315125,0.8314294531520995
2843,1.713789701461792,0.0728611946105957,1.7210757732391357,0.1,22957568,57587712,0.019523653958458453,0.8706978920196896
2844,1.722029447555542,0.07256009429693222,1.729285478591919,0.1,22957568,57587712,0.019601078995037824,0.8451953211439545
2845,1.6326580047607422,0.07493244111537933,1.6401512622833252,0.1,22957568,57587712,0.019921999017242342,0.8023620421805608
2846,1.6515592336654663,0.07367151975631714,1.6589263677597046,0.1,22957568,57587712,0.019937397039029747,0.8292287991406465
2847,1.6011435985565186,0.0750705897808075,1.6086506843566895,0.1,22957568,57587712,0.020027616003062576,0.8436368707421926
2848,1.677516222000122,0.07366577535867691,1.6848827600479126,0.1,22957568,57587712,0.01968314201803878,0.8459060101027286
2849,1.694547176361084,0.07353757321834564,1.7019009590148926,0.1,22957568,57587712,0.019836268038488925,0.7670462140244488
2850,1.6688942909240723,0.07214951515197754,1.6761091947555542,0.1,22957568,57587712,0.02000426297308877,0.7810540688217261
2851,1.6346783638000488,0.07266891747713089,1.641945242881775,0.1,22957568,57587712,0.019620384962763637,0.8797566537393527
2852,1.6287131309509277,0.07504018396139145,1.6362171173095703,0.1,22957568,57587712,0.01992764900205657,0.8201720809388626
2853,1.7361400127410889,0.07059445977210999,1.7431994676589966,0.1,22957568,57587712,0.019742883974686265,1.0609488765821977
2854,1.6973612308502197,0.07207232713699341,1.7045685052871704,0.1,22957568,57587712,0.019982361001893878,0.7354174550056957
2855,1.65873122215271,0.07204441726207733,1.6659356355667114,0.1,22957568,57587712,0.021073270996566862,0.7840603158914903
2856,1.6346089839935303,0.070794478058815,1.6416884660720825,0.1,22957568,57587712,0.019589096948038787,0.7648819960014521
2857,1.692345142364502,0.07290230691432953,1.69963538646698,0.1,22957568,57587712,0.019851375953294337,0.8172477274297156
2858,1.678692102432251,0.07234582304954529,1.6859266757965088,0.1,22957568,57587712,0.019468120008241385,0.7969996253657128
2859,1.672111988067627,0.07497353851795197,1.6796092987060547,0.1,22957568,57587712,0.019832180987577885,0.8178290371703748
2860,1.647032618522644,0.072045236825943,1.654237151145935,0.1,22957568,57587712,0.019676619966048747,0.8398843537817208
2861,1.6889889240264893,0.07152433693408966,1.6961413621902466,0.1,22957568,57587712,0.01997028896585107,0.8424379703381163
2862,1.6979166269302368,0.072577565908432,1.7051743268966675,0.1,22957568,57587712,0.01991759001975879,0.8751613666336755
2863,1.6136857271194458,0.07293254882097244,1.6209789514541626,0.1,22957568,57587712,0.019504748983308673,0.784099757921589
2864,1.6151679754257202,0.07333531975746155,1.6225014925003052,0.1,22957568,57587712,0.020644308999180794,0.7559106939447523
2865,1.572974443435669,0.0719834715127945,1.5801727771759033,0.1,22957568,57587712,0.02172856603283435,0.6921638826142668
2866,1.6576327085494995,0.0716417133808136,1.6647968292236328,0.1,22957568,57587712,0.020567846018821,0.7714251997384487
2867,1.6491516828536987,0.0716843381524086,1.6563200950622559,0.1,22957568,57587712,0.019851977995131165,0.714371645962059
2868,1.6026461124420166,0.07252299785614014,1.6098984479904175,0.1,22957568,57587712,0.019848992000333965,0.7281523838466283
2869,1.625706672668457,0.072561115026474,1.6329628229141235,0.1,22957568,57587712,0.019688563013914973,0.7620819957701209
2870,1.6606647968292236,0.07180599868297577,1.667845368385315,0.1,22957568,57587712,0.02041944902157411,0.7762063212990936
2871,1.5806843042373657,0.07354306429624557,1.5880385637283325,0.1,22957568,57587712,0.019791974977124482,0.7669062255530535
2872,1.6517293453216553,0.07209119945764542,1.6589384078979492,0.1,22957568,57587712,0.02010173402959481,0.7411032470931654
2873,1.662088394165039,0.0727464035153389,1.669363021850586,0.1,22957568,57587712,0.019570150005165488,0.7794801960834238
2874,1.6749649047851562,0.07122194766998291,1.6820870637893677,0.1,22957568,57587712,0.019622156978584826,0.7584072528195416
2875,1.671327829360962,0.07182015478610992,1.6785098314285278,0.1,22957568,57587712,0.019728756975382566,0.7678090426139549
2876,1.6488659381866455,0.07091546058654785,1.6559574604034424,0.1,22957568,57587712,0.020366940996609628,0.8018227517895439
2877,1.6732314825057983,0.07010716199874878,1.6802421808242798,0.1,22957568,57587712,0.019871644966769964,0.7993066041296014
2878,1.6427826881408691,0.0717046931385994,1.6499531269073486,0.1,22957568,57587712,0.021707415988203138,0.737669987056964
2879,1.683287262916565,0.07272815704345703,1.6905601024627686,0.1,22957568,57587712,0.02415441197808832,0.8310724022178604
2880,1.6472570896148682,0.07453559339046478,1.6547106504440308,0.1,22957568,57587712,0.019779681984800845,0.7838339258129905
2881,1.6093651056289673,0.07247163355350494,1.6166123151779175,0.1,22957568,57587712,0.019776145985815674,0.7554587481499649
2882,1.6897988319396973,0.07351155579090118,1.6971499919891357,0.1,22957568,57587712,0.019788918958511204,0.8594383704733033
2883,1.6162112951278687,0.07277590781450272,1.6234889030456543,0.1,22957568,57587712,0.019714911992195994,0.7981743755460835
2884,1.6984280347824097,0.0736800879240036,1.7057960033416748,0.1,22957568,57587712,0.019975848961621523,0.8989102700353174
2885,1.693979024887085,0.07471244782209396,1.701450228691101,0.1,22957568,57587712,0.020157217979431152,0.9320147302445618
2886,1.5894027948379517,0.07236151397228241,1.5966389179229736,0.1,22957568,57587712,0.019810178957413882,0.7298029773023577
2887,1.5874977111816406,0.07366912066936493,1.5948646068572998,0.1,22957568,57587712,0.01973629102576524,0.8000014956349903
2888,1.5853861570358276,0.07374175637960434,1.5927603244781494,0.1,22957568,57587712,0.019640593032818288,0.8391145750284155
2889,1.6985214948654175,0.07353688031435013,1.7058751583099365,0.1,22957568,57587712,0.01999446505215019,0.8998545595430345
2890,1.6014533042907715,0.07271513342857361,1.60872483253479,0.1,22957568,57587712,0.019551906967535615,0.8017826179395589
2891,1.6624647378921509,0.07158038020133972,1.669622778892517,0.1,22957568,57587712,0.01981033995980397,0.8395842841686189
2892,1.7161082029342651,0.07035958766937256,1.7231441736221313,0.1,22957568,57587712,0.0200276059913449,0.8900935096714162
2893,1.6593097448349,0.07078258693218231,1.6663880348205566,0.1,22957568,57587712,0.019585098954848945,0.7378099266978446
2894,1.6990739107131958,0.07199084758758545,1.7062729597091675,0.1,22957568,57587712,0.02009473100770265,0.8762299873088576
2895,1.7090346813201904,0.07161678373813629,1.7161964178085327,0.1,22957568,57587712,0.019527821976225823,0.9918212196056635
2896,1.6343650817871094,0.07288578152656555,1.6416536569595337,0.1,22957568,57587712,0.020220837031956762,0.8012261473469544
2897,1.670629620552063,0.07194104790687561,1.677823781967163,0.1,22957568,57587712,0.02005624899175018,0.7734290635449282
2898,1.6512367725372314,0.0728926882147789,1.658526062965393,0.1,22957568,57587712,0.019813705992419273,0.8114741034110651
2899,1.6412512063980103,0.07213954627513885,1.6484651565551758,0.1,22957568,57587712,0.020294135028962046,0.7124878131032267
2900,1.5995761156082153,0.07229539006948471,1.606805682182312,0.1,22957568,57587712,0.02416910999454558,0.8334211580897525
2901,1.6436245441436768,0.07239513844251633,1.6508640050888062,0.1,22957568,57587712,0.02504340501036495,0.7855586832945718
2902,1.6199257373809814,0.07265593111515045,1.6271913051605225,0.1,22957568,57587712,0.021237829001620412,0.8351789089151291
2903,1.6278207302093506,0.0714859664440155,1.6349693536758423,0.1,22957568,57587712,0.02010028198128566,0.7613461401133633
2904,1.6482980251312256,0.07276174426078796,1.6555742025375366,0.1,22957568,57587712,0.019958646968007088,0.8364147702676152
2905,1.6380157470703125,0.07175926864147186,1.6451916694641113,0.1,22957568,57587712,0.0203164360136725,0.733432520505075
2906,1.6239336729049683,0.0726165622472763,1.631195306777954,0.1,22957568,57587712,0.019963176047895104,0.9400965947144779
2907,1.5946868658065796,0.07183310389518738,1.6018701791763306,0.1,22957568,57587712,0.019996438990347087,0.7449901268761594
2908,1.6696101427078247,0.07282005250453949,1.6768921613693237,0.1,22957568,57587712,0.01979435101384297,0.7497720745646599
2909,1.6205817461013794,0.0725853443145752,1.627840280532837,0.1,22957568,57587712,0.019757400965318084,0.8654700228209844
2910,1.636489748954773,0.0727921575307846,1.6437689065933228,0.1,22957568,57587712,0.019482057017739862,0.8153667168480412
2911,1.6397663354873657,0.07226575911045074,1.6469929218292236,0.1,22957568,57587712,0.019627237983513623,0.7859447589090328
2912,1.6051428318023682,0.07272594422101974,1.6124154329299927,0.1,22957568,57587712,0.01996805495582521,0.7751216947729213
2913,1.577775001525879,0.0739692971110344,1.5851719379425049,0.1,22957568,57587712,0.01951879501575604,0.9078595657809955
2914,1.7029615640640259,0.07269233465194702,1.710230827331543,0.1,22957568,57587712,0.019709922024048865,0.7965825525197403
2915,1.6167104244232178,0.07281402498483658,1.623991847038269,0.1,22957568,57587712,0.01965238497359678,0.8669179685826931
2916,1.6148121356964111,0.07388503849506378,1.622200608253479,0.1,22957568,57587712,0.019723267992958426,0.7829227092388473
2917,1.673309564590454,0.07187049835920334,1.6804965734481812,0.1,22957568,57587712,0.020007569051813334,0.8381465882522557
2918,1.7000905275344849,0.07185924053192139,1.707276463508606,0.1,22957568,57587712,0.01923355204053223,0.9002477981308216
2919,1.6212081909179688,0.07090456038713455,1.6282986402511597,0.1,22957568,57587712,0.019656633026897907,0.8770151457624056
2920,1.6468721628189087,0.07102780044078827,1.6539748907089233,0.1,22957568,57587712,0.020240104000549763,0.8175460464686882
2921,1.619417667388916,0.07115998864173889,1.6265336275100708,0.1,22957568,57587712,0.019654729985632002,0.9434868543124709
2922,1.6052902936935425,0.07308691740036011,1.6125990152359009,0.1,22957568,57587712,0.019731041975319386,0.8766536901360785
2923,1.600064992904663,0.07240502536296844,1.6073055267333984,0.1,22957568,57587712,0.019623321015387774,0.7902537691330244
2924,1.6273393630981445,0.0725913867354393,1.6345984935760498,0.1,22957568,57587712,0.020383773022331297,0.9434336364101794
2925,1.624001383781433,0.0718604177236557,1.6311874389648438,0.1,22957568,57587712,0.019634932978078723,0.8907069473553788
2926,1.6173899173736572,0.07211053371429443,1.6246010065078735,0.1,22957568,57587712,0.01966921699931845,1.0097916152881665
2927,1.6495929956436157,0.07319004088640213,1.6569119691848755,0.1,22957568,57587712,0.020120450004469603,0.9061249829023018
2928,1.597615361213684,0.0711035430431366,1.60472571849823,0.1,22957568,57587712,0.019534243969246745,0.8096106557056788
2929,1.6083574295043945,0.07303627580404282,1.6156610250473022,0.1,22957568,57587712,0.01956820802297443,0.8292165896861234
2930,1.669913411140442,0.0717320516705513,1.677086591720581,0.1,22957568,57587712,0.019626556953880936,0.8974316631400888
2931,1.6700434684753418,0.07309995591640472,1.6773535013198853,0.1,22957568,57587712,0.0196089840028435,0.7558933154734049
2932,1.6778373718261719,0.07132668793201447,1.6849700212478638,0.1,22957568,57587712,0.01975827303249389,0.7981605053752463
2933,1.6087775230407715,0.07327210903167725,1.6161047220230103,0.1,22957568,57587712,0.019394923991058022,0.8980346553265729
2934,1.6947721242904663,0.07116510719060898,1.7018886804580688,0.1,22957568,57587712,0.01957152399700135,0.8166940384745075
2935,1.6579291820526123,0.07203266024589539,1.6651324033737183,0.1,22957568,57587712,0.02004409796791151,0.7456828018344693
2936,1.5829873085021973,0.07147587835788727,1.590134859085083,0.1,22957568,57587712,0.019939170975703746,0.7382514915940996
2937,1.6796934604644775,0.0704335942864418,1.686736822128296,0.1,22957568,57587712,0.020016966969706118,0.8836018863503055
2938,1.670185923576355,0.07102161645889282,1.6772880554199219,0.1,22957568,57587712,0.019563399022445083,0.8631156675709802
2939,1.709704041481018,0.07195349037647247,1.7168993949890137,0.1,22957568,57587712,0.01965713402023539,0.7871150078406295
2940,1.6030999422073364,0.07155566662549973,1.610255479812622,0.1,22957568,57587712,0.02003342699026689,0.7949394825223115
2941,1.6932812929153442,0.07164113223552704,1.7004454135894775,0.1,22957568,57587712,0.019704341946635395,0.8223898720160391
2942,1.5809046030044556,0.07133720815181732,1.5880383253097534,0.1,22957568,57587712,0.020535045012366027,0.7528624590405205
2943,1.6583459377288818,0.0716399997472763,1.6655099391937256,0.1,22957568,57587712,0.019543150963727385,0.747959150542826
2944,1.576558232307434,0.07148613780736923,1.5837068557739258,0.1,22957568,57587712,0.019568137999158353,0.8195440000172477
2945,1.6159892082214355,0.07384117692708969,1.62337327003479,0.1,22957568,57587712,0.019548790995031595,0.854046145030372
2946,1.6552070379257202,0.07216425240039825,1.6624234914779663,0.1,22957568,57587712,0.01970340998377651,0.7929121351276687
2947,1.6890020370483398,0.07141745090484619,1.6961437463760376,0.1,22957568,57587712,0.02024812897434458,0.8341760232137271
2948,1.6047543287277222,0.0725536048412323,1.6120096445083618,0.1,22957568,57587712,0.01963664504000917,0.8723568535759928
2949,1.6976349353790283,0.07239657640457153,1.7048746347427368,0.1,22957568,57587712,0.019856416969560087,0.861247947420466
2950,1.6260944604873657,0.07021763920783997,1.6331162452697754,0.1,22957568,57587712,0.020174540986772627,0.7577835187803853
2951,1.5816377401351929,0.07407079637050629,1.5890448093414307,0.1,22957568,57587712,0.019678913988173008,0.7757681996509653
2952,1.613526701927185,0.07322217524051666,1.6208488941192627,0.1,22957568,57587712,0.01994560402818024,0.919765363189535
2953,1.675595998764038,0.07094384729862213,1.6826903820037842,0.1,22957568,57587712,0.019614504009950906,0.9194581861614308
2954,1.6401922702789307,0.07108117640018463,1.647300362586975,0.1,22957568,57587712,0.019720000971574336,0.869446812189263
2955,1.6576709747314453,0.07064388692378998,1.6647353172302246,0.1,22957568,57587712,0.019646775035653263,0.7564465053252784
2956,1.596996545791626,0.07285358011722565,1.6042819023132324,0.1,22957568,57587712,0.019530597026459873,0.8273854336271131
2957,1.6685309410095215,0.07180347293615341,1.6757112741470337,0.1,22957568,57587712,0.02154285996221006,0.8946439170346489
2958,1.6515388488769531,0.07122988253831863,1.6586618423461914,0.1,22957568,57587712,0.02127749298233539,0.9153347277756105
2959,1.6437629461288452,0.06993169337511063,1.6507561206817627,0.1,22957568,57587712,0.020101293979678303,0.7767719912379949
2960,1.6904453039169312,0.0705152079463005,1.697496771812439,0.1,22957568,57587712,0.019612219999544322,0.7967065055217969
2961,1.59866464138031,0.07203751057386398,1.6058683395385742,0.1,22957568,57587712,0.019926787994336337,0.8283680064144121
2962,1.6291711330413818,0.07134971022605896,1.6363060474395752,0.1,22957568,57587712,0.019832913007121533,0.7597748791010316
2963,1.7169880867004395,0.07181160151958466,1.7241692543029785,0.1,22957568,57587712,0.0195193060208112,0.9064615068878766
2964,1.6230361461639404,0.07199526578187943,1.6302356719970703,0.1,22957568,57587712,0.019776707980781794,0.8529074975486072
2965,1.6086442470550537,0.07143344730138779,1.6157876253128052,0.1,22957568,57587712,0.020396685984451324,0.9058289389765086
2966,1.6322427988052368,0.0717863067984581,1.6394214630126953,0.1,22957568,57587712,0.019977623014710844,0.7728609621725184
2967,1.6867446899414062,0.07012435793876648,1.693757176399231,0.1,22957568,57587712,0.020117704989388585,0.8676731803435916
2968,1.6155197620391846,0.07056224346160889,1.6225759983062744,0.1,22957568,57587712,0.0197139399824664,0.8315846096104609
2969,1.6713474988937378,0.07075061649084091,1.6784225702285767,0.1,22957568,57587712,0.020014572015497833,0.8254235949462554
2970,1.6305440664291382,0.06996852904558182,1.6375409364700317,0.1,22957568,57587712,0.019952386035583913,0.9085398053321527
2971,1.641667366027832,0.06999140232801437,1.648666501045227,0.1,22957568,57587712,0.019975739996880293,0.8708591575372495
2972,1.6599713563919067,0.0700131505727768,1.6669726371765137,0.1,22957568,57587712,0.020366180047858506,0.8716656808021089
2973,1.5782768726348877,0.07073212414979935,1.5853500366210938,0.1,22957568,57587712,0.019724099023733288,0.8155310836691564
2974,1.6307437419891357,0.07146143913269043,1.6378898620605469,0.1,22957568,57587712,0.019879640021827072,0.8118148258628178
2975,1.6213570833206177,0.07073509693145752,1.6284306049346924,0.1,22957568,57587712,0.01960201101610437,0.8833172446638757
2976,1.6397813558578491,0.07330751419067383,1.6471121311187744,0.1,22957568,57587712,0.01997989701339975,0.7917390067764098
2977,1.6018762588500977,0.07284079492092133,1.609160304069519,0.1,22957568,57587712,0.020343686977867037,0.7859665346536371
2978,1.6991721391677856,0.07246123254299164,1.7064182758331299,0.1,22957568,57587712,0.020245383959263563,0.9165224025722802
2979,1.5788713693618774,0.07186411321163177,1.5860577821731567,0.1,22957568,57587712,0.020392809994518757,0.727137852187579
2980,1.6404075622558594,0.0741959735751152,1.6478271484375,0.1,22957568,57587712,0.020284747995901853,0.8337998386345926
2981,1.656622052192688,0.07299097627401352,1.6639211177825928,0.1,22957568,57587712,0.019578776962589473,0.7882027582107785
2982,1.624585747718811,0.07048562169075012,1.6316343545913696,0.1,22957568,57587712,0.0199304050183855,0.7949044985641829
2983,1.6319646835327148,0.0715455412864685,1.639119267463684,0.1,22957568,57587712,0.019522282003890723,0.8484714076038863
2984,1.6764650344848633,0.07171794027090073,1.6836367845535278,0.1,22957568,57587712,0.019959930039476603,0.8029279137737859
2985,1.6836960315704346,0.07144585251808167,1.6908406019210815,0.1,22957568,57587712,0.019427384017035365,0.8589671563225472
2986,1.6048308610916138,0.07169252634048462,1.6120001077651978,0.1,22957568,57587712,0.020505350024905056,0.7857705893133117
2987,1.6028847694396973,0.07164493948221207,1.6100492477416992,0.1,22957568,57587712,0.02088241500314325,0.8480244989214155
2988,1.6098601818084717,0.0716172456741333,1.617021918296814,0.1,22957568,57587712,0.020349428988993168,0.7262832263054698
2989,1.6345199346542358,0.07296916097402573,1.6418168544769287,0.1,22957568,57587712,0.019829116004984826,0.8637137639893464
2990,1.6294935941696167,0.073666051030159,1.6368602514266968,0.1,22957568,57587712,0.01997197198215872,0.8153950583755724
2991,1.6201527118682861,0.07060878723859787,1.6272135972976685,0.1,22957568,57587712,0.019631366012617946,0.7923329323087941
2992,1.7105251550674438,0.07154732197523117,1.7176798582077026,0.1,22957568,57587712,0.019628631009254605,0.7918334691766018
2993,1.686623454093933,0.07032225281000137,1.6936557292938232,0.1,22957568,57587712,0.01943346601910889,0.8535056545219563
2994,1.7049431800842285,0.07109811156988144,1.7120529413223267,0.1,22957568,57587712,0.019873878976795822,0.7903115871039162
2995,1.6638879776000977,0.07081766426563263,1.6709697246551514,0.1,22957568,57587712,0.020182206004392356,0.8724665977949653
2996,1.6052122116088867,0.07107469439506531,1.6123197078704834,0.1,22957568,57587712,0.019613803015090525,0.9835366496712993
2997,1.5883289575576782,0.07295822352170944,1.5956248044967651,0.1,22957568,57587712,0.019578437029849738,0.733204454472537
2998,1.5694555044174194,0.07137154042720795,1.5765926837921143,0.1,22957568,57587712,0.019556646002456546,0.8496928244867729
2999,1.6681698560714722,0.07250308245420456,1.6754201650619507,0.1,22957568,57587712,0.02001461200416088,0.9743094888767099
3000,1.6830655336380005,0.07240784168243408,1.690306305885315,0.1,22957568,57587712,0.023654779011849314,0.8166954726678836
3001,1.6516238451004028,0.0706673189997673,1.6586905717849731,0.1,22957568,57587712,0.022285849961917847,0.881150713757982
3002,1.615620493888855,0.06948152184486389,1.6225686073303223,0.1,22957568,57587712,0.020252897986210883,0.7915745927866595
3003,1.6483709812164307,0.07133398950099945,1.6555043458938599,0.1,22957568,57587712,0.01989057002356276,0.7975010260614918
3004,1.7082113027572632,0.07164075970649719,1.7153754234313965,0.1,22957568,57587712,0.01993758900789544,0.906972803174584
3005,1.6055082082748413,0.07259341329336166,1.6127675771713257,0.1,22957568,57587712,0.019726013008039445,0.8014220651671091
3006,1.5898483991622925,0.0733320564031601,1.5971815586090088,0.1,22957568,57587712,0.020268427033443004,0.816509073158631
3007,1.6514281034469604,0.07344161719083786,1.6587722301483154,0.1,22957568,57587712,0.01991191098932177,1.000416948339258
3008,1.6729130744934082,0.07170380651950836,1.6800835132598877,0.1,22957568,57587712,0.019817192980553955,0.8341062757449883
3009,1.589388132095337,0.0712393969297409,1.5965120792388916,0.1,22957568,57587712,0.020433996978681535,0.887708400803202
3010,1.6269490718841553,0.0723811611533165,1.6341872215270996,0.1,22957568,57587712,0.019634902011603117,0.8694371839948573
3011,1.6517115831375122,0.06944999098777771,1.6586565971374512,0.1,22957568,57587712,0.01994701602961868,0.8486627402943646
3012,1.5992259979248047,0.070049948990345,1.6062309741973877,0.1,22957568,57587712,0.019703752011992037,0.8710741386483247
3013,1.6077709197998047,0.07231184840202332,1.615002155303955,0.1,22957568,57587712,0.019594697980210185,0.8092098629436782
3014,1.607278823852539,0.07091115415096283,1.6143699884414673,0.1,22957568,57587712,0.019843132002279162,0.7203495650650383
3015,1.5963400602340698,0.07185684144496918,1.6035257577896118,0.1,22957568,57587712,0.019855394959449768,0.7455288516593394
3016,1.6311229467391968,0.07178392261266708,1.6383013725280762,0.1,22957568,57587712,0.019843272981233895,0.8422397854668542
3017,1.7346445322036743,0.07146347314119339,1.7417908906936646,0.1,22957568,57587712,0.019734219007659703,0.8731519385993087
3018,1.588797926902771,0.07159824669361115,1.5959577560424805,0.1,22957568,57587712,0.01984851196175441,0.7683919528381535
3019,1.6262353658676147,0.07135584950447083,1.6333709955215454,0.1,22957568,57587712,0.01994299900252372,0.8925272541651715
3020,1.6264101266860962,0.07276098430156708,1.6336861848831177,0.1,22957568,57587712,0.01970173802692443,0.8091331240907922
3021,1.6698436737060547,0.06861380487680435,1.676705002784729,0.1,22957568,57587712,0.01964147505350411,0.7940273631080903
3022,1.6577751636505127,0.07046182453632355,1.6648213863372803,0.1,22957568,57587712,0.019463272008579224,0.7717283994421318
3023,1.596626877784729,0.07016339898109436,1.6036431789398193,0.1,22957568,57587712,0.019811162957921624,0.8564417972035154
3024,1.6383023262023926,0.0713973268866539,1.645442008972168,0.1,22957568,57587712,0.019900408980902284,0.8873263671982828
3025,1.6044284105300903,0.07195834815502167,1.6116242408752441,0.1,22957568,57587712,0.019671401008963585,0.850539420773532
3026,1.6278245449066162,0.07192183285951614,1.635016679763794,0.1,22957568,57587712,0.01966950698988512,0.7727541343919605
3027,1.6312097311019897,0.07216376811265945,1.6384260654449463,0.1,22957568,57587712,0.019667513959575444,0.8085128125867621
3028,1.6251331567764282,0.07311007380485535,1.632444143295288,0.1,22957568,57587712,0.019732926040887833,0.8574204346352381
3029,1.7286347150802612,0.07298380881547928,1.7359330654144287,0.1,22957568,57587712,0.02038276201346889,0.9154233644408055
3030,1.6722880601882935,0.07093702256679535,1.6793817281723022,0.1,22957568,57587712,0.02024781802901998,0.9437224653890257
3031,1.6676020622253418,0.07276885211467743,1.6748789548873901,0.1,22957568,57587712,0.019606399000622332,1.035454043070577
3032,1.5587419271469116,0.07241842150688171,1.565983772277832,0.1,22957568,57587712,0.019510209967847914,0.970180121585763
3033,1.6495107412338257,0.07077164202928543,1.6565879583358765,0.1,22957568,57587712,0.020361311035230756,0.875401740710608
3034,1.551082968711853,0.0724797174334526,1.5583308935165405,0.1,22957568,57587712,0.019934693002142012,0.7760278206631464
3035,1.6670920848846436,0.07154911756515503,1.6742470264434814,0.1,22957568,57587712,0.01971381000475958,0.9448564230296805
3036,1.6769896745681763,0.070946604013443,1.6840842962265015,0.1,22957568,57587712,0.0196496500284411,0.8869339388984572
3037,1.7357792854309082,0.0717143565416336,1.742950677871704,0.1,22957568,57587712,0.019539253960829228,0.9477677353325872
3038,1.592444658279419,0.07085936516523361,1.599530577659607,0.1,22957568,57587712,0.01958635199116543,0.8464315935322589
3039,1.6547296047210693,0.0735669955611229,1.6620862483978271,0.1,22957568,57587712,0.020217160985339433,0.9327611425466131
3040,1.5878242254257202,0.07246309518814087,1.595070481300354,0.1,22957568,57587712,0.02021119004348293,0.8484255780195993
3041,1.590024709701538,0.07198219001293182,1.597222924232483,0.1,22957568,57587712,0.020205460023134947,0.8595963998656679
3042,1.5954381227493286,0.07391767203807831,1.602829933166504,0.1,22957568,57587712,0.020052042964380234,0.831708113995436
3043,1.6191649436950684,0.07150617241859436,1.6263155937194824,0.1,22957568,57587712,0.019982943020295352,0.8336002565715298
3044,1.675147533416748,0.07197684794664383,1.6823452711105347,0.1,22957568,57587712,0.019817202992271632,0.9074220782388583
3045,1.6677812337875366,0.07229195535182953,1.6750104427337646,0.1,22957568,57587712,0.020264469960238785,0.8167028473534039
3046,1.5918596982955933,0.07343446463346481,1.599203109741211,0.1,22957568,57587712,0.01973871700465679,0.7763180445016565
3047,1.6415103673934937,0.07192850112915039,1.6487032175064087,0.1,22957568,57587712,0.01936839404515922,0.804114470991825
3048,1.641535997390747,0.07296407222747803,1.6488324403762817,0.1,22957568,57587712,0.020361881994176656,0.84311510309116
3049,1.5722179412841797,0.07340426743030548,1.5795583724975586,0.1,22957568,57587712,0.019815590989310294,0.8764353711982633
3050,1.614532470703125,0.07358682155609131,1.6218911409378052,0.1,22957568,57587712,0.019861806998960674,0.7685681267056981
3051,1.6593077182769775,0.07274729013442993,1.666582465171814,0.1,22957568,57587712,0.019854322948958725,0.8057290677917088
3052,1.658038854598999,0.07309573888778687,1.6653484106063843,0.1,22957568,57587712,0.019405534025281668,0.7890866575107598
3053,1.6234766244888306,0.0743160992860794,1.6309082508087158,0.1,22957568,57587712,0.01974816498113796,0.8025343644986284
3054,1.6138321161270142,0.07377135753631592,1.6212092638015747,0.1,22957568,57587712,0.02011204499285668,0.8028602597922645
3055,1.6366369724273682,0.07197652757167816,1.6438345909118652,0.1,22957568,57587712,0.01997378602391109,0.7470642385964376
3056,1.6185698509216309,0.07113025337457657,1.6256828308105469,0.1,22957568,57587712,0.01998742198338732,0.8180090881765066
3057,1.6082440614700317,0.07263001799583435,1.6155070066452026,0.1,22957568,57587712,0.019549934018868953,0.7979638212368011
3058,1.6079111099243164,0.07189400494098663,1.6151005029678345,0.1,22957568,57587712,0.019483429030515254,0.8099075655640268
3059,1.664754867553711,0.07122460007667542,1.671877384185791,0.1,22957568,57587712,0.019801955029834062,0.8410799463056918
3060,1.6445481777191162,0.07386194169521332,1.6519343852996826,0.1,22957568,57587712,0.02036079001845792,0.8082128890874982
3061,1.6298210620880127,0.0711696520447731,1.6369379758834839,0.1,22957568,57587712,0.019701697980053723,0.7554319902701774
3062,1.5913039445877075,0.07286880165338516,1.5985908508300781,0.1,22957568,57587712,0.01921704097185284,0.7557612001016114
3063,1.602418303489685,0.0729001834988594,1.609708309173584,0.1,22957568,57587712,0.019756399968173355,0.7559460469954938
3064,1.6291667222976685,0.07153360545635223,1.6363201141357422,0.1,22957568,57587712,0.019840858003590256,0.8041996049767866
3065,1.5931832790374756,0.07236310094594955,1.6004196405410767,0.1,22957568,57587712,0.01948333904147148,0.8429150411374843
3066,1.6579370498657227,0.07184088230133057,1.665121078491211,0.1,22957568,57587712,0.020286760991439223,0.7966037744671657
3067,1.6306275129318237,0.071861632168293,1.637813687324524,0.1,22957568,57587712,0.019795473024714738,0.7732047108240628
3068,1.6703941822052002,0.07041870057582855,1.6774359941482544,0.1,22957568,57587712,0.01972684497013688,0.7882800454617209
3069,1.6543768644332886,0.07204306125640869,1.6615811586380005,0.1,22957568,57587712,0.020100834022741765,0.7705256864149546
3070,1.6221625804901123,0.07294002175331116,1.629456639289856,0.1,22957568,57587712,0.021477678965311497,0.8160364079501611
3071,1.6846879720687866,0.07218600809574127,1.6919065713882446,0.1,22957568,57587712,0.020766970003023744,0.8771193295542702
3072,1.5659162998199463,0.07268734276294708,1.5731850862503052,0.1,22957568,57587712,0.0198843190446496,0.7574100866127078
3073,1.6367348432540894,0.07122007012367249,1.6438568830490112,0.1,22957568,57587712,0.0198779379716143,0.8393219633707721
3074,1.637337327003479,0.07109498977661133,1.644446849822998,0.1,22957568,57587712,0.01976927398936823,0.771280995733259
3075,1.6145471334457397,0.07233747839927673,1.6217808723449707,0.1,22957568,57587712,0.02050730399787426,0.799799460732335
3076,1.5852789878845215,0.07119803130626678,1.592398762702942,0.1,22957568,57587712,0.02016484399791807,0.7345994164126886
3077,1.6745141744613647,0.06891097128391266,1.6814053058624268,0.1,22957568,57587712,0.019893375982064754,0.7814471769544533
3078,1.5948083400726318,0.07117797434329987,1.6019260883331299,0.1,22957568,57587712,0.019676900992635638,0.7158165285606832
3079,1.6318985223770142,0.07163688540458679,1.6390621662139893,0.1,22957568,57587712,0.020185742992907763,0.8160527461210284
3080,1.6156052350997925,0.07226567715406418,1.6228318214416504,0.1,22957568,57587712,0.019636967044789344,0.7688558116404692
3081,1.6310259103775024,0.07006794214248657,1.6380326747894287,0.1,22957568,57587712,0.02006208198145032,0.7917338827603744
3082,1.6556628942489624,0.07034748792648315,1.662697672843933,0.1,22957568,57587712,0.01991673995507881,0.8202285338947691
3083,1.605012059211731,0.07199357450008392,1.6122114658355713,0.1,22957568,57587712,0.01948261901270598,0.8217696894934071
3084,1.6671652793884277,0.07059385627508163,1.674224615097046,0.1,22957568,57587712,0.020095743995625526,0.7885051461485675
3085,1.6302813291549683,0.07336942851543427,1.6376183032989502,0.1,22957568,57587712,0.0198230340029113,0.8380444575612683
3086,1.6591583490371704,0.07064765691757202,1.666223168373108,0.1,22957568,57587712,0.0199974809656851,0.8424407859779113
3087,1.6648122072219849,0.07053264230489731,1.671865463256836,0.1,22957568,57587712,0.019560203014407307,0.8234215674910906
3088,1.593388319015503,0.07250171154737473,1.600638508796692,0.1,22957568,57587712,0.019592694006860256,0.7814956128359944
3089,1.632133960723877,0.07067824900150299,1.6392017602920532,0.1,22957568,57587712,0.020181685977149755,0.8044494129681777
3090,1.6324609518051147,0.07107122242450714,1.6395680904388428,0.1,22957568,57587712,0.020420982968062162,0.7929149686742745
3091,1.6784931421279907,0.07091248780488968,1.6855844259262085,0.1,22957568,57587712,0.01994261803338304,0.9213314689496918
3092,1.5929299592971802,0.07214614003896713,1.600144624710083,0.1,22957568,57587712,0.019566183967981488,0.9437295693404244
3093,1.620705246925354,0.07210513949394226,1.6279157400131226,0.1,22957568,57587712,0.01971870003035292,0.7438228286461456
3094,1.6868890523910522,0.07090452313423157,1.6939795017242432,0.1,22957568,57587712,0.019625214976258576,0.833928004628145
3095,1.5940577983856201,0.07234757393598557,1.601292610168457,0.1,22957568,57587712,0.019695966970175505,0.8232003062527178
3096,1.6320374011993408,0.06994014978408813,1.6390314102172852,0.1,22957568,57587712,0.020025973964948207,0.8586254803276729
3097,1.665045142173767,0.07246750593185425,1.672291874885559,0.1,22957568,57587712,0.01961152901640162,0.809206837886719
3098,1.646599531173706,0.07214826345443726,1.6538143157958984,0.1,22957568,57587712,0.019627698988188058,0.8114358642631472
3099,1.6241474151611328,0.0705287829041481,1.6312003135681152,0.1,22957568,57587712,0.02018107398180291,0.8289029894794248
3100,1.6270811557769775,0.07198651134967804,1.6342798471450806,0.1,22957568,57587712,0.024268115987069905,0.7997594131340201
3101,1.6264731884002686,0.07209377735853195,1.6336826086044312,0.1,22957568,57587712,0.02191615803167224,0.8867083649786025
3102,1.5933213233947754,0.07100613415241241,1.6004219055175781,0.1,22957568,57587712,0.02048849902348593,0.8425354376423073
3103,1.669988751411438,0.0717223659157753,1.6771609783172607,0.1,22957568,57587712,0.02047853101976216,0.9049661532547474
3104,1.6258525848388672,0.07208171486854553,1.6330608129501343,0.1,22957568,57587712,0.020085836993530393,0.8172273186290426
3105,1.6337311267852783,0.07323434203863144,1.6410545110702515,0.1,22957568,57587712,0.01955184800317511,0.761829893975012
3106,1.6408354043960571,0.07246926426887512,1.6480823755264282,0.1,22957568,57587712,0.020087109005544335,0.9756407440721747
3107,1.6478177309036255,0.07189791649580002,1.6550074815750122,0.1,22957568,57587712,0.02014077897183597,0.8186097572723255
3108,1.6683130264282227,0.07239614427089691,1.6755526065826416,0.1,22957568,57587712,0.020113338017836213,0.8277297751119761
3109,1.6078287363052368,0.07306033372879028,1.6151347160339355,0.1,22957568,57587712,0.019676750991493464,0.9558733654876376
3110,1.5940903425216675,0.071322001516819,1.6012225151062012,0.1,22957568,57587712,0.020731923985294998,0.9384770469426726
3111,1.6107280254364014,0.07199659943580627,1.6179276704788208,0.1,22957568,57587712,0.01954382297117263,0.8177272165307525
3112,1.5901918411254883,0.07275162637233734,1.5974669456481934,0.1,22957568,57587712,0.019751371000893414,0.9234997820354455
3113,1.6884981393814087,0.07200708240270615,1.695698857307434,0.1,22957568,57587712,0.021087849978357553,0.815972800452022
3114,1.641162395477295,0.072064608335495,1.6483688354492188,0.1,22957568,57587712,0.020008952007628977,0.8187504831664545
3115,1.5737022161483765,0.07131175696849823,1.5808334350585938,0.1,22957568,57587712,0.019823435985017568,0.8487305729333027
3116,1.5868759155273438,0.07116501033306122,1.5939924716949463,0.1,22957568,57587712,0.019526350020896643,0.9467979544905901
3117,1.6373167037963867,0.07026814669370651,1.6443434953689575,0.1,22957568,57587712,0.019778190995566547,0.8382430769685677
3118,1.6208767890930176,0.07056646049022675,1.627933382987976,0.1,22957568,57587712,0.019826631003525108,0.7852056138175313
3119,1.660832405090332,0.071811243891716,1.668013572692871,0.1,22957568,57587712,0.019528614007867873,0.8650428383326239
3120,1.6807376146316528,0.07267556339502335,1.6880052089691162,0.1,22957568,57587712,0.01990567904431373,0.9566957190898392
3121,1.6682404279708862,0.07000118494033813,1.6752405166625977,0.1,22957568,57587712,0.019397999974898994,0.7949060634567546
3122,1.639896273612976,0.07075734436511993,1.6469720602035522,0.1,22957568,57587712,0.019582324952352792,0.75380560223837
3123,1.615659475326538,0.06995770335197449,1.6226552724838257,0.1,22957568,57587712,0.01999628805788234,0.9122655377027482
3124,1.6888952255249023,0.06884974986314774,1.6957801580429077,0.1,22957568,57587712,0.019745058962143958,1.0049841870819578
3125,1.656187653541565,0.07009293138980865,1.6631969213485718,0.1,22957568,57587712,0.02037948602810502,0.7725855886544626
3126,1.6889277696609497,0.07218201458454132,1.696146011352539,0.1,22957568,57587712,0.019582565990276635,1.0823765053763525
3127,1.6448118686676025,0.07249703258275986,1.6520615816116333,0.1,22957568,57587712,0.019969879009295255,0.8946578935198413
3128,1.5796799659729004,0.07249017059803009,1.5869289636611938,0.1,22957568,57587712,0.01973334699869156,0.8192393903407763
3129,1.6982088088989258,0.07054401934146881,1.7052632570266724,0.1,22957568,57587712,0.019614054006524384,0.8783693771214474
3130,1.6009204387664795,0.07092247158288956,1.6080126762390137,0.1,22957568,57587712,0.01949489099206403,1.0132960980714252
3131,1.6445740461349487,0.07132318615913391,1.651706337928772,0.1,22957568,57587712,0.019309234048705548,0.8721802922038818
3132,1.6282864809036255,0.07241316884756088,1.6355278491973877,0.1,22957568,57587712,0.019665820989757776,0.9364042093713478
3133,1.5941840410232544,0.07298985123634338,1.6014829874038696,0.1,22957568,57587712,0.019781025999691337,0.81312584710128
3134,1.6296958923339844,0.07286601513624191,1.6369824409484863,0.1,22957568,57587712,0.01946098799817264,0.920326868294887
3135,1.6557046175003052,0.07062533497810364,1.6627671718597412,0.1,22957568,57587712,0.01986439200118184,0.8352894001712219
3136,1.673356533050537,0.0706135481595993,1.6804178953170776,0.1,22957568,57587712,0.02016210899455473,0.795659969647743
3137,1.6264705657958984,0.07235465198755264,1.633705973625183,0.1,22957568,57587712,0.0197402709745802,0.7466484197641232
3138,1.6608901023864746,0.07194274663925171,1.6680843830108643,0.1,22957568,57587712,0.019726905040442944,0.8256997696259518
3139,1.6866543292999268,0.0708809569478035,1.6937423944473267,0.1,22957568,57587712,0.02012568002101034,0.8371350431756887
3140,1.6805808544158936,0.07069455087184906,1.6876503229141235,0.1,22957568,57587712,0.02031699800863862,0.8290122323082758
3141,1.6674327850341797,0.07163087278604507,1.674595832824707,0.1,22957568,57587712,0.02039378200424835,0.8018550510005283
3142,1.639545202255249,0.0716748908162117,1.6467126607894897,0.1,22957568,57587712,0.01986312004737556,0.7626057508429583
3143,1.6227481365203857,0.07121958583593369,1.629870057106018,0.1,22957568,57587712,0.019789262034464628,0.8016074277657501
3144,1.6651755571365356,0.07067925482988358,1.6722434759140015,0.1,22957568,57587712,0.01966058200923726,0.8493454066987476
3145,1.6369491815567017,0.07204331457614899,1.6441534757614136,0.1,22957568,57587712,0.01998986699618399,0.861690079113386
3146,1.6291199922561646,0.07010215520858765,1.6361302137374878,0.1,22957568,57587712,0.019531470024958253,0.7646527533722257
3147,1.6656442880630493,0.06958039849996567,1.6726022958755493,0.1,22957568,57587712,0.020068593963515013,0.7750583733113005
3148,1.677050232887268,0.07183773815631866,1.6842340230941772,0.1,22957568,57587712,0.019548681972082704,0.8504508702213923
3149,1.6284042596817017,0.07225793600082397,1.6356300115585327,0.1,22957568,57587712,0.019612190953921527,0.8860546794922896
3150,1.644901156425476,0.07048172503709793,1.6519492864608765,0.1,22957568,57587712,0.019768873986322433,0.8502137241268029
3151,1.5843448638916016,0.07093756645917892,1.5914386510849,0.1,22957568,57587712,0.019645021995529532,0.8546148558339246
3152,1.6039646863937378,0.06992151588201523,1.6109567880630493,0.1,22957568,57587712,0.019392549991607666,0.7111918946779847
3153,1.6538994312286377,0.0699150338768959,1.6608909368515015,0.1,22957568,57587712,0.02012003998970613,0.7803904002007724
3154,1.6274011135101318,0.07092849910259247,1.6344939470291138,0.1,22957568,57587712,0.019461618969216943,0.8834833670896277
3155,1.6459200382232666,0.07114717364311218,1.6530348062515259,0.1,22957568,57587712,0.021592163015156984,0.8489318603239877
3156,1.6525827646255493,0.07295024394989014,1.6598777770996094,0.1,22957568,57587712,0.019799071014858782,0.958801701284449
3157,1.6267160177230835,0.07129262387752533,1.633845329284668,0.1,22957568,57587712,0.019553540972992778,0.8327895172518858
3158,1.6955150365829468,0.07070167362689972,1.702585220336914,0.1,22957568,57587712,0.019885723013430834,0.9701089829003523
3159,1.6591359376907349,0.07070820778608322,1.66620671749115,0.1,22957568,57587712,0.019847630988806486,0.8785138831744422
3160,1.5804996490478516,0.07423528283834457,1.5879231691360474,0.1,22957568,57587712,0.019862489018123597,0.9131904736961766
3161,1.6302367448806763,0.07177088409662247,1.6374138593673706,0.1,22957568,57587712,0.019642176979687065,0.8184883719829632
3162,1.606732964515686,0.07233790308237076,1.613966703414917,0.1,22957568,57587712,0.019825238967314363,0.7645073356909925
3163,1.5846104621887207,0.0725431889295578,1.591864824295044,0.1,22957568,57587712,0.019936205993872136,0.8553323847546045
3164,1.589258074760437,0.07219722867012024,1.596477746963501,0.1,22957568,57587712,0.019611400028225034,0.803982346832783
3165,1.6417334079742432,0.07337729632854462,1.6490710973739624,0.1,22957568,57587712,0.020085966971237212,0.8395215368587439
3166,1.700250506401062,0.0718357264995575,1.707434058189392,0.1,22957568,57587712,0.019561777007766068,0.8104427249638434
3167,1.663653016090393,0.07128065824508667,1.670781135559082,0.1,22957568,57587712,0.019548381969798356,0.8874926922617422
3168,1.7050691843032837,0.07218664884567261,1.7122879028320312,0.1,22957568,57587712,0.02027065202128142,0.7987627970589689
3169,1.6460391283035278,0.070644311606884,1.6531035900115967,0.1,22957568,57587712,0.01964881899766624,0.8369288683592766
3170,1.6023281812667847,0.07373760640621185,1.6097019910812378,0.1,22957568,57587712,0.020462030021008104,0.7757861480476183
3171,1.6088930368423462,0.07105404138565063,1.615998387336731,0.1,22957568,57587712,0.019317710015457124,0.8695313680866739
3172,1.6398792266845703,0.07108262181282043,1.6469874382019043,0.1,22957568,57587712,0.019510620972141623,0.8565964262016436
3173,1.6175893545150757,0.07130121439695358,1.624719500541687,0.1,22957568,57587712,0.01982166204834357,0.8810571335098273
3174,1.6104694604873657,0.07121219485998154,1.6175906658172607,0.1,22957568,57587712,0.019311518990434706,0.8411621422587576
3175,1.673744797706604,0.0713222473859787,1.6808769702911377,0.1,22957568,57587712,0.01980309799546376,0.93457433624084
3176,1.633136510848999,0.07025778293609619,1.6401622295379639,0.1,22957568,57587712,0.01989135198527947,0.8379165569870722
3177,1.6795356273651123,0.06986872851848602,1.6865224838256836,0.1,22957568,57587712,0.02023509598802775,0.7943162312469976
3178,1.6305688619613647,0.06978240609169006,1.6375471353530884,0.1,22957568,57587712,0.019788411038462073,0.8900123132011365
3179,1.566710114479065,0.07042209804058075,1.5737522840499878,0.1,22957568,57587712,0.01969688996905461,0.8345589824338071
3180,1.6182174682617188,0.06841104477643967,1.6250585317611694,0.1,22957568,57587712,0.01997211400885135,0.8086314727323847
3181,1.7317609786987305,0.07018010318279266,1.7387789487838745,0.1,22957568,57587712,0.019506292999722064,0.9092733017945609
3182,1.6420331001281738,0.07147111743688583,1.6491801738739014,0.1,22957568,57587712,0.01979603397194296,0.7482517261676298
3183,1.6321202516555786,0.07159379869699478,1.6392796039581299,0.1,22957568,57587712,0.02001007500803098,0.8177394880712469
3184,1.6081441640853882,0.07132625579833984,1.61527681350708,0.1,22957568,57587712,0.019590640964452177,0.7899406467807947
3185,1.6840691566467285,0.0739365667104721,1.691462755203247,0.1,22957568,57587712,0.020324572979006916,0.8666842481250379
3186,1.6709092855453491,0.06982959061861038,1.6778922080993652,0.1,22957568,57587712,0.019560072978492826,0.7272746638969043
3187,1.6437463760375977,0.07249031960964203,1.6509953737258911,0.1,22957568,57587712,0.019852450990583748,0.8760133758259551
3188,1.6103988885879517,0.07478278130292892,1.6178771257400513,0.1,22957568,57587712,0.01990723196649924,0.8274972977734638
3189,1.6073099374771118,0.07214927673339844,1.6145248413085938,0.1,22957568,57587712,0.01989503001095727,0.8115513981327838
3190,1.651688814163208,0.07216670364141464,1.6589055061340332,0.1,22957568,57587712,0.019708400999661535,0.7844903008587818
3191,1.6647472381591797,0.0715569481253624,1.6719028949737549,0.1,22957568,57587712,0.01942416001111269,0.8638253131039759
3192,1.6659562587738037,0.07208940386772156,1.673165202140808,0.1,22957568,57587712,0.01975848397705704,0.7839045726936518
3193,1.6258387565612793,0.07318046689033508,1.6331567764282227,0.1,22957568,57587712,0.019992051005829126,0.8887506845903483
3194,1.7095921039581299,0.07269513607025146,1.716861605644226,0.1,22957568,57587712,0.019898166006896645,0.9500313271051485
3195,1.6070327758789062,0.07294629514217377,1.6143274307250977,0.1,22957568,57587712,0.01988433999940753,0.7535029090404886
3196,1.6741725206375122,0.07398860901594162,1.681571364402771,0.1,22957568,57587712,0.019357474986463785,0.8620478891424089
3197,1.6293299198150635,0.07487466931343079,1.6368173360824585,0.1,22957568,57587712,0.01960059901466593,0.9103175487713464
3198,1.6166810989379883,0.07353588938713074,1.6240346431732178,0.1,22957568,57587712,0.020312118984293193,0.8025852191909251
3199,1.6519414186477661,0.07461649179458618,1.6594030857086182,0.1,22957568,57587712,0.01962003600783646,0.8205895023432344
3200,1.6072744131088257,0.07392950356006622,1.6146674156188965,0.1,22957568,57587712,0.02422910404857248,0.813032168871628
3201,1.6200684309005737,0.07122953236103058,1.627191424369812,0.1,22957568,57587712,0.023052994976751506,0.8016403769866235
3202,1.5792006254196167,0.07223183661699295,1.5864237546920776,0.1,22957568,57587712,0.02031854196684435,0.7505184829304697
3203,1.5689870119094849,0.07328346371650696,1.5763154029846191,0.1,22957568,57587712,0.019829687022138387,0.727093932771545
3204,1.6822912693023682,0.0722801610827446,1.6895192861557007,0.1,22957568,57587712,0.02004867698997259,0.8745676919934539
3205,1.6071969270706177,0.0719718337059021,1.6143940687179565,0.1,22957568,57587712,0.020424700051080436,0.8214967664935976
3206,1.6413029432296753,0.07267067581415176,1.6485700607299805,0.1,22957568,57587712,0.019755668996367604,0.7843833045553542
3207,1.604871392250061,0.07111987471580505,1.6119834184646606,0.1,22957568,57587712,0.019817135005723685,0.8030395427626879
3208,1.6748251914978027,0.07164578139781952,1.6819897890090942,0.1,22957568,57587712,0.0197375449934043,0.858991641252519
3209,1.6374493837356567,0.07226160913705826,1.6446754932403564,0.1,22957568,57587712,0.019719411968253553,0.8482455446930643
3210,1.641102910041809,0.07034267485141754,1.6481372117996216,0.1,22957568,57587712,0.019737886963412166,0.7952731818737042
3211,1.5922503471374512,0.07313177734613419,1.599563479423523,0.1,22957568,57587712,0.019618302991148084,0.7342267291288839
3212,1.6068081855773926,0.07172536104917526,1.613980770111084,0.1,22957568,57587712,0.01971618499374017,0.8312700882728155
3213,1.5829265117645264,0.0731930360198021,1.5902458429336548,0.1,22957568,57587712,0.019575472979340702,0.8296767174002349
3214,1.676887035369873,0.07126700133085251,1.6840137243270874,0.1,22957568,57587712,0.019744549004826695,0.8146662894292506
3215,1.6283828020095825,0.06968654692173004,1.6353514194488525,0.1,22957568,57587712,0.019553972000721842,0.8414419999888524
3216,1.6797221899032593,0.07182842493057251,1.686905026435852,0.1,22957568,57587712,0.019501744012814015,0.8832924657780687
3217,1.6537684202194214,0.07115514576435089,1.660883903503418,0.1,22957568,57587712,0.01978211902314797,0.8297471964646451
3218,1.620932698249817,0.07283204793930054,1.6282159090042114,0.1,22957568,57587712,0.01941171701764688,0.7325190422056854
3219,1.6926671266555786,0.07146507501602173,1.6998136043548584,0.1,22957568,57587712,0.01966210501268506,0.8164996075935498
3220,1.5728684663772583,0.07216353714466095,1.5800848007202148,0.1,22957568,57587712,0.02025117602897808,0.9118513110146628
3221,1.625283122062683,0.07091820240020752,1.6323750019073486,0.1,22957568,57587712,0.019657316035591066,0.813247168916362
3222,1.5334882736206055,0.07352869212627411,1.5408411026000977,0.1,22957568,57587712,0.01977820199681446,0.7680969211568215
3223,1.6103938817977905,0.07128556072711945,1.6175224781036377,0.1,22957568,57587712,0.01941952103516087,0.8250341943215554
3224,1.581656813621521,0.07433092594146729,1.5890898704528809,0.1,22957568,57587712,0.01972877001389861,0.7752770797002951
3225,1.5504941940307617,0.07243891060352325,1.5577380657196045,0.1,22957568,57587712,0.019554823986254632,0.779293299273304
3226,1.5763399600982666,0.0726676732301712,1.5836067199707031,0.1,22957568,57587712,0.019650943984743208,0.8151163044548099
3227,1.6963253021240234,0.07059779763221741,1.7033851146697998,0.1,22957568,57587712,0.020174332021269947,0.8466417483021779
3228,1.6539335250854492,0.07032576203346252,1.660966157913208,0.1,22957568,57587712,0.019565033027902246,0.8518042520795447
3229,1.657678484916687,0.0705525353550911,1.6647337675094604,0.1,22957568,57587712,0.019685709034092724,0.8042793126919252
3230,1.6614068746566772,0.0700795128941536,1.668414831161499,0.1,22957568,57587712,0.019859182997606695,0.8748571595633543
3231,1.6236240863800049,0.07207009941339493,1.6308311223983765,0.1,22957568,57587712,0.019900109036825597,0.9725488149603628
3232,1.637845754623413,0.07205422967672348,1.645051121711731,0.1,22957568,57587712,0.01997726398985833,0.9017193988220296
3233,1.648020625114441,0.07225197553634644,1.6552457809448242,0.1,22957568,57587712,0.019777940993662924,0.8887882415938583
3234,1.6513276100158691,0.07100312411785126,1.6584279537200928,0.1,22957568,57587712,0.019699463970027864,0.803771929866188
3235,1.6689563989639282,0.07187636196613312,1.676144003868103,0.1,22957568,57587712,0.020252096990589052,0.8447999935830265
3236,1.6192846298217773,0.0726555660367012,1.6265501976013184,0.1,22957568,57587712,0.019636937999166548,0.772995620693325
3237,1.649705171585083,0.0708748996257782,1.6567926406860352,0.1,22957568,57587712,0.019809440011158586,0.8485570458269585
3238,1.6807364225387573,0.07098305970430374,1.6878347396850586,0.1,22957568,57587712,0.019418389012571424,0.7943097996183726
3239,1.5452690124511719,0.07255028188228607,1.5525240898132324,0.1,22957568,57587712,0.019697550975251943,0.7500792903007237
3240,1.5551241636276245,0.07315058261156082,1.562439203262329,0.1,22957568,57587712,0.019493217987474054,0.7664994093632828
3241,1.6569072008132935,0.07164102792739868,1.6640713214874268,0.1,22957568,57587712,0.019814809958916157,0.8986413192104136
3242,1.6255884170532227,0.07201404124498367,1.6327898502349854,0.1,22957568,57587712,0.019815350999124348,0.813701827002068
3243,1.6071850061416626,0.07218976318836212,1.6144039630889893,0.1,22957568,57587712,0.019473562017083168,0.8801444375811935
3244,1.6315895318984985,0.07204737514257431,1.6387943029403687,0.1,22957568,57587712,0.019564462010748684,0.7786061251700331
3245,1.5421046018600464,0.07259789854288101,1.549364447593689,0.1,22957568,57587712,0.019555205013602972,0.8296891044799278
3246,1.640073537826538,0.07183356583118439,1.647256851196289,0.1,22957568,57587712,0.01982076099375263,0.8993495207068715
3247,1.6452696323394775,0.07308126986026764,1.6525777578353882,0.1,22957568,57587712,0.019963147991802543,0.8280978099161482
3248,1.694857120513916,0.07119913399219513,1.701977014541626,0.1,22957568,57587712,0.01958826696500182,0.8871253483698376
3249,1.6215304136276245,0.07294781506061554,1.6288251876831055,0.1,22957568,57587712,0.019921419967431575,0.8382456798562433
3250,1.6008975505828857,0.07140414416790009,1.6080379486083984,0.1,22957568,57587712,0.02099410502705723,0.7775656987785841
3251,1.6036736965179443,0.07273823022842407,1.6109474897384644,0.1,22957568,57587712,0.020390776975546032,0.8032925860764892
3252,1.647894024848938,0.07230716943740845,1.6551247835159302,0.1,22957568,57587712,0.020172349002677947,0.7717003293352376
3253,1.6610239744186401,0.07146795094013214,1.6681708097457886,0.1,22957568,57587712,0.019470756000373513,0.7977244236240753
3254,1.5239185094833374,0.0729580968618393,1.5312143564224243,0.1,22957568,57587712,0.01993668801151216,0.7828279772881063
3255,1.6707048416137695,0.0711318850517273,1.6778180599212646,0.1,22957568,57587712,0.019660291029140353,0.7946792125413481
3256,1.6085546016693115,0.06995172798633575,1.6155498027801514,0.1,22957568,57587712,0.019558610976673663,0.765031228554245
3257,1.6814309358596802,0.07024993747472763,1.6884559392929077,0.1,22957568,57587712,0.020215440017636865,0.8841609106051356
3258,1.6104220151901245,0.07339368015527725,1.6177613735198975,0.1,22957568,57587712,0.01957252703141421,0.8060908418387446
3259,1.5988554954528809,0.0725867822766304,1.606114149093628,0.1,22957568,57587712,0.01969549700152129,0.7624572173136808
3260,1.5473276376724243,0.07280167192220688,1.5546077489852905,0.1,22957568,57587712,0.01977657899260521,0.7646244824519343
3261,1.6759847402572632,0.07287885993719101,1.6832726001739502,0.1,22957568,57587712,0.019690196961164474,0.8441717133976121
3262,1.6503487825393677,0.07176856696605682,1.657525658607483,0.1,22957568,57587712,0.019864141999278218,0.8162259584824939
3263,1.627885341644287,0.07241225987672806,1.6351265907287598,0.1,22957568,57587712,0.022817966004367918,0.8513295771875352
3264,1.5982917547225952,0.07149352133274078,1.6054410934448242,0.1,22957568,57587712,0.02194219798548147,0.8171113756438655
3265,1.635463833808899,0.071459099650383,1.642609715461731,0.1,22957568,57587712,0.020644681993871927,0.908340105867549
3266,1.62555730342865,0.07156991958618164,1.6327142715454102,0.1,22957568,57587712,0.019570864038541913,0.811061132998698
3267,1.6265597343444824,0.07196852564811707,1.6337566375732422,0.1,22957568,57587712,0.01981496997177601,0.8438599014446385
3268,1.636470913887024,0.07002659142017365,1.6434736251831055,0.1,22957568,57587712,0.019563299953006208,0.9527375642039259
3269,1.5714094638824463,0.07266092300415039,1.5786755084991455,0.1,22957568,57587712,0.019831501005683094,0.9306322173840758
3270,1.6461801528930664,0.07142866402864456,1.6533230543136597,0.1,22957568,57587712,0.019382210972253233,0.8438312586728692
3271,1.5931092500686646,0.07133910059928894,1.6002432107925415,0.1,22957568,57587712,0.019918003003112972,0.8104680362044892
3272,1.5814061164855957,0.07169877737760544,1.5885759592056274,0.1,22957568,57587712,0.019622972002252936,0.874783548579758
3273,1.6425353288650513,0.07093778252601624,1.6496291160583496,0.1,22957568,57587712,0.020059738017152995,0.9048340869386631
3274,1.68927800655365,0.07072791457176208,1.6963508129119873,0.1,22957568,57587712,0.020118908025324345,0.8419674114382812
3275,1.6728782653808594,0.07282841205596924,1.6801611185073853,0.1,22957568,57587712,0.019884319975972176,0.8436371013961511
3276,1.6458148956298828,0.0705752819776535,1.6528724431991577,0.1,22957568,57587712,0.019566996954381466,0.82527883848647
3277,1.667438268661499,0.07122356444597244,1.6745606660842896,0.1,22957568,57587712,0.019834317034110427,0.821023880696103
3278,1.600472331047058,0.07007460296154022,1.6074798107147217,0.1,22957568,57587712,0.02002495399210602,0.775649781525654
3279,1.6579746007919312,0.07125838100910187,1.6651004552841187,0.1,22957568,57587712,0.02064766699913889,0.8067774942642173
3280,1.6684750318527222,0.07124831527471542,1.6755998134613037,0.1,22957568,57587712,0.020355471002403647,0.9556280031828123
3281,1.6028997898101807,0.0713169053196907,1.6100314855575562,0.1,22957568,57587712,0.01980426104273647,0.8699527567066304
3282,1.6066876649856567,0.07001006603240967,1.6136887073516846,0.1,22957568,57587712,0.019713742018211633,0.9079924034303973
3283,1.5687936544418335,0.07080933451652527,1.5758745670318604,0.1,22957568,57587712,0.01946005702484399,0.7245163780447222
3284,1.566534399986267,0.06987632066011429,1.5735220909118652,0.1,22957568,57587712,0.020017440023366362,0.782472361406289
3285,1.6005244255065918,0.07174654304981232,1.6076990365982056,0.1,22957568,57587712,0.019592074037063867,0.8651683814968004
3286,1.701308250427246,0.07215553522109985,1.7085237503051758,0.1,22957568,57587712,0.019506382988765836,0.9206127327849875
3287,1.578757643699646,0.07414037734270096,1.5861716270446777,0.1,22957568,57587712,0.020011748012620956,0.8749557848924562
3288,1.6140490770339966,0.07230313867330551,1.6212793588638306,0.1,22957568,57587712,0.019497466972097754,0.7968082494888691
3289,1.63203763961792,0.072044737637043,1.639242172241211,0.1,22957568,57587712,0.01993418298661709,0.8684265559418528
3290,1.566354513168335,0.07280491292476654,1.5736349821090698,0.1,22957568,57587712,0.019548321957699955,0.8047385528058891
3291,1.6089972257614136,0.07212235033512115,1.6162095069885254,0.1,22957568,57587712,0.019591893011238426,0.8715910744298088
3292,1.61062753200531,0.07008165866136551,1.617635726928711,0.1,22957568,57587712,0.01971623598365113,0.8970866181043098
3293,1.6733454465866089,0.07052476704120636,1.680397868156433,0.1,22957568,57587712,0.019596481986809522,0.8119837262166731
3294,1.6194747686386108,0.07191312313079834,1.6266660690307617,0.1,22957568,57587712,0.01981032098410651,0.8556508860455712
3295,1.6421246528625488,0.07158486545085907,1.6492831707000732,0.1,22957568,57587712,0.020241117978002876,0.8429615813954693
3296,1.579343318939209,0.07252740859985352,1.5865960121154785,0.1,22957568,57587712,0.019751811982132494,0.8739937427773553
3297,1.6753549575805664,0.07272937148809433,1.6826279163360596,0.1,22957568,57587712,0.019713020010385662,0.9526673990289148
3298,1.5778882503509521,0.07330285012722015,1.5852185487747192,0.1,22957568,57587712,0.019704804988577962,0.8353104659124938
3299,1.5355275869369507,0.07343961298465729,1.5428715944290161,0.1,22957568,57587712,0.019770708051510155,0.7536619411130192
3300,1.6035640239715576,0.07246594876050949,1.61081063747406,0.1,22957568,57587712,0.02458908804692328,0.8834684672270102
3301,1.645124077796936,0.07259760797023773,1.652383804321289,0.1,22957568,57587712,0.02346943400334567,0.8808418972926387
3302,1.6079318523406982,0.07142700254917145,1.6150745153427124,0.1,22957568,57587712,0.02034613396972418,0.9125117316869347
3303,1.612833857536316,0.07185333222150803,1.6200191974639893,0.1,22957568,57587712,0.020754967990797013,0.8664560981380642
3304,1.5941545963287354,0.07108006626367569,1.6012625694274902,0.1,22957568,57587712,0.019876867008861154,0.7644536401421822
3305,1.62937593460083,0.07020065188407898,1.636396050453186,0.1,22957568,57587712,0.019861438020598143,0.7126678008640982
3306,1.6004334688186646,0.07270653545856476,1.6077041625976562,0.1,22957568,57587712,0.02013456798158586,0.9079288312965045
3307,1.6662079095840454,0.0723896324634552,1.6734468936920166,0.1,22957568,57587712,0.019550486002117395,0.8707702617346729
3308,1.6069973707199097,0.0732761099934578,1.614324927330017,0.1,22957568,57587712,0.019849145028274506,0.846157362276005
3309,1.6702635288238525,0.07211694121360779,1.6774752140045166,0.1,22957568,57587712,0.01997675298480317,0.9946502365836412
3310,1.6124929189682007,0.0725800171494484,1.6197509765625,0.1,22957568,57587712,0.01980248698964715,0.8649909402767426
3311,1.6919987201690674,0.07120940089225769,1.6991196870803833,0.1,22957568,57587712,0.02007479703752324,0.8623422973878593
3312,1.624657154083252,0.07141276448965073,1.6317983865737915,0.1,22957568,57587712,0.019437535025645047,0.8874607642109893
3313,1.6238768100738525,0.07170616090297699,1.6310473680496216,0.1,22957568,57587712,0.019916932040359825,0.8769281430963326
3314,1.6448692083358765,0.07169134169816971,1.652038335800171,0.1,22957568,57587712,0.02074351697228849,0.9447056659290916
3315,1.5918452739715576,0.07141418755054474,1.5989867448806763,0.1,22957568,57587712,0.020313301996793598,0.7895614399593051
3316,1.5897566080093384,0.07238493859767914,1.5969951152801514,0.1,22957568,57587712,0.02015037799719721,0.8489228357274029
3317,1.6116760969161987,0.07376250624656677,1.6190522909164429,0.1,22957568,57587712,0.01973370899213478,0.8659583775141555
3318,1.6197493076324463,0.07285510003566742,1.6270347833633423,0.1,22957568,57587712,0.019691830966621637,0.8017359756852707
3319,1.6776509284973145,0.06985317915678024,1.6846362352371216,0.1,22957568,57587712,0.019754127017222345,0.7616841997566154
3320,1.5830425024032593,0.07079625874757767,1.590122103691101,0.1,22957568,57587712,0.019305467954836786,0.8303890736364159
3321,1.6704928874969482,0.06970471143722534,1.677463412284851,0.1,22957568,57587712,0.020150097960140556,0.8763563269838907
3322,1.591531753540039,0.06851911544799805,1.5983836650848389,0.1,22957568,57587712,0.019671491987537593,0.7825233177607208
3323,1.603204607963562,0.07099764049053192,1.610304355621338,0.1,22957568,57587712,0.019908907008357346,0.8421916610373852
3324,1.608249545097351,0.0724402591586113,1.6154935359954834,0.1,22957568,57587712,0.01978294103173539,0.910252293284919
3325,1.5861762762069702,0.07188594341278076,1.5933648347854614,0.1,22957568,57587712,0.019397369993384928,0.820679397396894
3326,1.678160309791565,0.06772755086421967,1.684933066368103,0.1,22957568,57587712,0.01977792102843523,0.9075418165453398
3327,1.6471890211105347,0.07325432449579239,1.6545144319534302,0.1,22957568,57587712,0.019413409987464547,0.8743070579288363
3328,1.619323968887329,0.07262130826711655,1.6265860795974731,0.1,22957568,57587712,0.019910830014850944,0.8170112190040069
3329,1.5931854248046875,0.07271361351013184,1.6004568338394165,0.1,22957568,57587712,0.019721004995517433,0.8194518478051358
3330,1.5800641775131226,0.0714791789650917,1.587212085723877,0.1,22957568,57587712,0.020273528003599495,0.7934443981100286
3331,1.6477640867233276,0.07312130928039551,1.655076265335083,0.1,22957568,57587712,0.01980702596483752,0.8054204966016062
3332,1.5897854566574097,0.07465531677007675,1.5972509384155273,0.1,22957568,57587712,0.019616931036580354,0.8621985441896776
3333,1.698133111000061,0.07333828508853912,1.7054669857025146,0.1,22957568,57587712,0.019757924019359052,0.8105984710880253
3334,1.6538029909133911,0.07218605279922485,1.6610215902328491,0.1,22957568,57587712,0.01993078802479431,0.8846471801673389
3335,1.623831033706665,0.07210736721754074,1.6310417652130127,0.1,22957568,57587712,0.019403731974307448,0.8462075956177736
3336,1.6016724109649658,0.07272201776504517,1.6089446544647217,0.1,22957568,57587712,0.01997188397217542,0.7637453638100377
3337,1.6066930294036865,0.07289300858974457,1.6139823198318481,0.1,22957568,57587712,0.019605178968049586,0.8164724597337754
3338,1.6528489589691162,0.07329509407281876,1.6601784229278564,0.1,22957568,57587712,0.019654871022794396,0.9279970788598131
3339,1.6025470495224,0.07354890555143356,1.6099019050598145,0.1,22957568,57587712,0.019611970987170935,0.8237064110436646
3340,1.6823385953903198,0.07284869253635406,1.689623475074768,0.1,22957568,57587712,0.019444177974946797,0.8703705471759046
3341,1.641213297843933,0.07200010865926743,1.6484133005142212,0.1,22957568,57587712,0.020079304988030344,0.7896715711995146
3342,1.609599232673645,0.0697898417711258,1.616578221321106,0.1,22957568,57587712,0.01947088702581823,0.9255961006851345
3343,1.5653562545776367,0.07344197481870651,1.5727005004882812,0.1,22957568,57587712,0.019954040995799005,0.7553823558615724
3344,1.631680965423584,0.07431820034980774,1.6391128301620483,0.1,22957568,57587712,0.019859965017531067,0.9161081128789311
3345,1.6091965436935425,0.0741196796298027,1.6166085004806519,0.1,22957568,57587712,0.020377253007609397,0.8941416300062663
3346,1.574986457824707,0.07529913634061813,1.5825163125991821,0.1,22957568,57587712,0.019971374014858156,0.8016402794704608
3347,1.5691863298416138,0.07403649389743805,1.5765899419784546,0.1,22957568,57587712,0.01951147400541231,0.8667250396179779
3348,1.58919095993042,0.0737028419971466,1.5965611934661865,0.1,22957568,57587712,0.019632550014648587,0.8306495802358057
3349,1.5532867908477783,0.07361236214637756,1.5606480836868286,0.1,22957568,57587712,0.019693412992637604,0.7757533228477268
3350,1.6885284185409546,0.07302668690681458,1.695831060409546,0.1,22957568,57587712,0.01967709301970899,0.8354016742974306
3351,1.5492019653320312,0.07374794781208038,1.5565767288208008,0.1,22957568,57587712,0.019877187034580857,0.849632251134531
3352,1.7115254402160645,0.07131601870059967,1.7186570167541504,0.1,22957568,57587712,0.01932580699212849,0.8366065080608468
3353,1.5834192037582397,0.07172657549381256,1.5905919075012207,0.1,22957568,57587712,0.01970550697296858,0.7786262486898093
3354,1.6745076179504395,0.0716901496052742,1.6816766262054443,0.1,22957568,57587712,0.019699004013091326,0.8373970851267365
3355,1.6469022035598755,0.07180887460708618,1.6540831327438354,0.1,22957568,57587712,0.019602081971243024,0.8566460410569082
3356,1.6142202615737915,0.07259104400873184,1.6214793920516968,0.1,22957568,57587712,0.02080364996800199,0.88423141160782
3357,1.6834702491760254,0.06962718069553375,1.6904330253601074,0.1,22957568,57587712,0.019862520042806864,0.7904407967865911
3358,1.7117316722869873,0.07258392125368118,1.7189900875091553,0.1,22957568,57587712,0.019905770022887737,0.9911583622251268
3359,1.6513537168502808,0.06978718936443329,1.6583324670791626,0.1,22957568,57587712,0.01989412901457399,0.92472658755471
3360,1.6338642835617065,0.07008031755685806,1.6408723592758179,0.1,22957568,57587712,0.020502245984971523,0.7722611906383675
3361,1.5965248346328735,0.07048936933279037,1.6035737991333008,0.1,22957568,57587712,0.019997392024379224,0.8875345135463638
3362,1.625423550605774,0.06987326592206955,1.6324108839035034,0.1,22957568,57587712,0.019635195028968155,0.8490209556666694
3363,1.6316150426864624,0.0711536556482315,1.6387304067611694,0.1,22957568,57587712,0.02004372898954898,0.7855488759103348
3364,1.6215407848358154,0.07214292883872986,1.6287550926208496,0.1,22957568,57587712,0.01981644402258098,0.9434563594824016
3365,1.5946500301361084,0.07109159976243973,1.6017591953277588,0.1,22957568,57587712,0.0193825020105578,0.8763347760501258
3366,1.6086087226867676,0.07509573549032211,1.616118311882019,0.1,22957568,57587712,0.01993257098365575,1.0211792750435789
3367,1.5945346355438232,0.07306305319070816,1.6018409729003906,0.1,22957568,57587712,0.01962403394281864,0.8161403932490159
3368,1.669105887413025,0.07154649496078491,1.6762605905532837,0.1,22957568,57587712,0.019611030002124608,0.7693913953775349
3369,1.5930824279785156,0.07086557894945145,1.6001689434051514,0.1,22957568,57587712,0.019751582003664225,0.7689346299135368
3370,1.6065762042999268,0.07256626337766647,1.6138328313827515,0.1,22957568,57587712,0.01993270101957023,0.8854620663926142
3371,1.590341329574585,0.07329849898815155,1.5976711511611938,0.1,22957568,57587712,0.020139959000516683,0.8220890940446425
3372,1.6769388914108276,0.07237520813941956,1.6841764450073242,0.1,22957568,57587712,0.019547862000763416,0.7914195010026096
3373,1.6291296482086182,0.0726022943854332,1.6363898515701294,0.1,22957568,57587712,0.01996009302092716,0.8195343966831062
3374,1.5893865823745728,0.07146784663200378,1.5965334177017212,0.1,22957568,57587712,0.019666212028823793,0.8247890917175027
3375,1.5662909746170044,0.07177919894456863,1.5734689235687256,0.1,22957568,57587712,0.02006923599401489,0.7470614328842307
3376,1.6301240921020508,0.0725790336728096,1.6373820304870605,0.1,22957568,57587712,0.019902745028957725,0.833104247416676
3377,1.6496825218200684,0.0707925334572792,1.6567617654800415,0.1,22957568,57587712,0.01961858302820474,0.8843197241711273
3378,1.6416221857070923,0.07085072994232178,1.6487072706222534,0.1,22957568,57587712,0.019585901987738907,0.8767498224898403
3379,1.660862684249878,0.07114460319280624,1.6679770946502686,0.1,22957568,57587712,0.01974468003027141,0.824371095676801
3380,1.688922643661499,0.07090599834918976,1.6960132122039795,0.1,22957568,57587712,0.019404712948016822,0.7978243184351728
3381,1.625284194946289,0.07172343134880066,1.6324565410614014,0.1,22957568,57587712,0.01980889996048063,0.8448836948681789
3382,1.6512967348098755,0.07222485542297363,1.6585192680358887,0.1,22957568,57587712,0.019456801004707813,0.7370112466371505
3383,1.580755591392517,0.07464433461427689,1.5882200002670288,0.1,22957568,57587712,0.019897805992513895,0.7476560154617975
3384,1.730991244316101,0.07281044125556946,1.7382723093032837,0.1,22957568,57587712,0.01981867797439918,0.8180920247601681
3385,1.542973518371582,0.07283566147089005,1.5502570867538452,0.1,22957568,57587712,0.01958900800673291,0.8608510735569617
3386,1.6042098999023438,0.0722711831331253,1.6114369630813599,0.1,22957568,57587712,0.019946415966842324,0.7726896111675203
3387,1.5926519632339478,0.07255154848098755,1.5999071598052979,0.1,22957568,57587712,0.019508418045006692,0.7501188904052359
3388,1.689043402671814,0.0718831792473793,1.696231722831726,0.1,22957568,57587712,0.01959189400076866,0.9353438732153165
3389,1.6374634504318237,0.07295889407396317,1.6447592973709106,0.1,22957568,57587712,0.019647077016998082,0.8462779370648258
3390,1.6452163457870483,0.07360850274562836,1.6525771617889404,0.1,22957568,57587712,0.019981942954473197,0.813624520142164
3391,1.6531821489334106,0.07140622287988663,1.6603227853775024,0.1,22957568,57587712,0.019847822026349604,0.8619969474364307
3392,1.6302706003189087,0.07186800241470337,1.6374573707580566,0.1,22957568,57587712,0.019184442004188895,0.910492166019206
3393,1.5855629444122314,0.07310588657855988,1.5928735733032227,0.1,22957568,57587712,0.01992999599315226,0.7672889327127099
3394,1.538173794746399,0.07148474454879761,1.545322299003601,0.1,22957568,57587712,0.02002053603064269,0.7972845044275981
3395,1.5913763046264648,0.07298016548156738,1.5986742973327637,0.1,22957568,57587712,0.01941769802942872,0.8092804872933635
3396,1.6340107917785645,0.0713052749633789,1.6411412954330444,0.1,22957568,57587712,0.02013806498143822,0.909749957306911
3397,1.6310869455337524,0.07199034094810486,1.6382859945297241,0.1,22957568,57587712,0.019320526043884456,0.8432623505607236
3398,1.6616880893707275,0.07193683087825775,1.6688817739486694,0.1,22957568,57587712,0.019684497034177184,0.8646508892057473
3399,1.5731486082077026,0.07053246349096298,1.5802018642425537,0.1,22957568,57587712,0.020004985970444977,0.7134002387536649
3400,1.603529453277588,0.07030188292264938,1.6105595827102661,0.1,22957568,57587712,0.02457164495717734,0.8709097157442702
3401,1.6015697717666626,0.07080428302288055,1.6086502075195312,0.1,22957568,57587712,0.021367023000493646,0.8276704725500633
3402,1.6219346523284912,0.07024289667606354,1.6289589405059814,0.1,22957568,57587712,0.021130601002369076,0.8347461562050495
3403,1.607661247253418,0.06970660388469696,1.6146318912506104,0.1,22957568,57587712,0.020550637040287256,0.7647099441745628
3404,1.619213342666626,0.07000476121902466,1.626213788986206,0.1,22957568,57587712,0.020792357972823083,1.0250911747124358
3405,1.5915199518203735,0.072564035654068,1.5987763404846191,0.1,22957568,57587712,0.02079089597100392,0.7799379528559733
3406,1.6223325729370117,0.07160080224275589,1.6294926404953003,0.1,22957568,57587712,0.020408910990227014,0.8289167424380781
3407,1.5679185390472412,0.07020138204097748,1.5749386548995972,0.1,22957568,57587712,0.02043647301616147,0.7880414188665626
3408,1.5931097269058228,0.07138300687074661,1.6002479791641235,0.1,22957568,57587712,0.02093336294637993,0.7965615261274966
3409,1.6078664064407349,0.07153056561946869,1.61501944065094,0.1,22957568,57587712,0.021464145043864846,0.7689617343035742
3410,1.6696703433990479,0.07067041844129562,1.6767374277114868,0.1,22957568,57587712,0.020935487002134323,0.8911765530002798
3411,1.6924138069152832,0.07023465633392334,1.6994372606277466,0.1,22957568,57587712,0.020719071966595948,0.8369607723464068
3412,1.676483392715454,0.06998210400342941,1.6834815740585327,0.1,22957568,57587712,0.020624564960598946,0.7303461129898686
3413,1.6322565078735352,0.07164589315652847,1.6394211053848267,0.1,22957568,57587712,0.02022502798354253,0.8362659116207397
3414,1.623931884765625,0.0714867115020752,1.6310805082321167,0.1,22957568,57587712,0.0206672249478288,0.8008391933949863
3415,1.5852062702178955,0.0719558596611023,1.5924018621444702,0.1,22957568,57587712,0.020393714017700404,0.8935906258375624
3416,1.6114004850387573,0.07137873023748398,1.6185383796691895,0.1,22957568,57587712,0.020121334004215896,0.7831209721132482
3417,1.5984525680541992,0.07254056632518768,1.6057065725326538,0.1,22957568,57587712,0.020589269988704473,0.871598492394802
3418,1.6543995141983032,0.07181450724601746,1.6615809202194214,0.1,22957568,57587712,0.02013013104442507,1.0244439881686216
3419,1.5831776857376099,0.07326154410839081,1.5905038118362427,0.1,22957568,57587712,0.020210130023770034,0.8331805431505135
3420,1.6620514392852783,0.07255487143993378,1.6693068742752075,0.1,22957568,57587712,0.020215430005919188,0.8301852318088728
3421,1.5810577869415283,0.07127996534109116,1.5881857872009277,0.1,22957568,57587712,0.020170675998087972,0.7852488284311693
3422,1.6443835496902466,0.07098202407360077,1.6514817476272583,0.1,22957568,57587712,0.020358718000352383,0.8780221679457597
3423,1.5592594146728516,0.07089373469352722,1.5663487911224365,0.1,22957568,57587712,0.02011371002299711,1.0146741788290445
3424,1.5368233919143677,0.07265537977218628,1.5440889596939087,0.1,22957568,57587712,0.020645003009121865,0.7864594823429828
3425,1.5962786674499512,0.07220230996608734,1.603498935699463,0.1,22957568,57587712,0.020724561996757984,0.9022046702679888
3426,1.5701888799667358,0.07089494913816452,1.5772783756256104,0.1,22957568,57587712,0.020112658035941422,0.8985011877513522
3427,1.6390776634216309,0.07239308953285217,1.6463170051574707,0.1,22957568,57587712,0.020343318989034742,0.8623400723741546
3428,1.6948763132095337,0.0695306658744812,1.701829433441162,0.1,22957568,57587712,0.02012426999863237,0.809190890973961
3429,1.693726897239685,0.06985731422901154,1.7007126808166504,0.1,22957568,57587712,0.020454618032090366,1.0474505388846287
3430,1.6184717416763306,0.07051695883274078,1.6255234479904175,0.1,22957568,57587712,0.02044766501057893,1.011173718563915
3431,1.6134330034255981,0.0693463683128357,1.6203676462173462,0.1,22957568,57587712,0.020306400023400784,0.7491773576548624
3432,1.6043559312820435,0.07104019075632095,1.6114599704742432,0.1,22957568,57587712,0.02019620395731181,1.0882608734811199
3433,1.6569167375564575,0.07106541842222214,1.6640232801437378,0.1,22957568,57587712,0.020571445988025516,0.8681135074893701
3434,1.644881010055542,0.07156775146722794,1.6520377397537231,0.1,22957568,57587712,0.020491736999247223,0.9553066295292363
3435,1.5734531879425049,0.07102466374635696,1.5805556774139404,0.1,22957568,57587712,0.02023269300116226,0.8735350180914867
3436,1.6510783433914185,0.07171209156513214,1.6582494974136353,0.1,22957568,57587712,0.020242801983840764,1.0839783913886467
3437,1.6853238344192505,0.07223878800868988,1.6925476789474487,0.1,22957568,57587712,0.02014962799148634,0.8635554856518621
3438,1.6038779020309448,0.07214026153087616,1.6110919713974,0.1,22957568,57587712,0.02016507601365447,0.8671011787054409
3439,1.652882695198059,0.07123059034347534,1.660005807876587,0.1,22957568,57587712,0.02029055100865662,0.9465791709418836
3440,1.582993984222412,0.07215607166290283,1.5902096033096313,0.1,22957568,57587712,0.020817616023123264,0.874134689015599
3441,1.6439709663391113,0.07025229930877686,1.650996208190918,0.1,22957568,57587712,0.02041733800433576,0.8646218179534332
3442,1.6017988920211792,0.07053453475236893,1.6088523864746094,0.1,22957568,57587712,0.02018021501135081,0.7946177633113433
3443,1.5141282081604004,0.07375846058130264,1.5215040445327759,0.1,22957568,57587712,0.020844026003032923,0.7536087024450479
3444,1.638871192932129,0.07036952674388885,1.6459081172943115,0.1,22957568,57587712,0.020211012044455856,0.9796385487696986
3445,1.6880981922149658,0.07092219591140747,1.6951904296875,0.1,22957568,57587712,0.020138556021265686,0.8851781699831217
3446,1.623352289199829,0.07045111060142517,1.6303974390029907,0.1,22957568,57587712,0.020314476045314223,0.8004315336803167
3447,1.626837134361267,0.07201717793941498,1.6340388059616089,0.1,22957568,57587712,0.020131552999373525,0.8317440205650828
3448,1.615556240081787,0.07108838856220245,1.6226650476455688,0.1,22957568,57587712,0.020234366005752236,0.9193135257667356
3449,1.6391030550003052,0.07175077497959137,1.6462781429290771,0.1,22957568,57587712,0.020326697966083884,0.7846278843350812
3450,1.6180568933486938,0.07064881920814514,1.625121831893921,0.1,22957568,57587712,0.020133207028266042,0.7871526944230838
3451,1.6832987070083618,0.07141061127185822,1.6904398202896118,0.1,22957568,57587712,0.020228555018547922,0.8227812148409694
3452,1.6349642276763916,0.06874042749404907,1.6418383121490479,0.1,22957568,57587712,0.020161810040008277,0.8900711398468781
3453,1.5780627727508545,0.07109066843986511,1.5851718187332153,0.1,22957568,57587712,0.020424702030140907,0.8636917689924077
3454,1.6680164337158203,0.07070299237966537,1.6750867366790771,0.1,22957568,57587712,0.02012001205002889,0.8368040060934531
3455,1.5601284503936768,0.07090948522090912,1.5672193765640259,0.1,22957568,57587712,0.024381380004342645,0.8362280173214534
3456,1.5751216411590576,0.07226633280515671,1.5823482275009155,0.1,22957568,57587712,0.021932631032541394,0.8199552003565912
3457,1.5838381052017212,0.07160288095474243,1.5909984111785889,0.1,22957568,57587712,0.01989549200516194,0.7695339972170454
3458,1.6334048509597778,0.07064898312091827,1.6404697895050049,0.1,22957568,57587712,0.02015662001213059,0.8575466668944426
3459,1.5640124082565308,0.07175019383430481,1.5711873769760132,0.1,22957568,57587712,0.02034667500993237,0.7450576491624845
3460,1.6134364604949951,0.0721006989479065,1.6206464767456055,0.1,22957568,57587712,0.02032939303899184,0.8746358728683469
3461,1.6128591299057007,0.07175766676664352,1.62003493309021,0.1,22957568,57587712,0.020200262020807713,0.7969164593207321
3462,1.5962421894073486,0.0712985098361969,1.6033720970153809,0.1,22957568,57587712,0.019970562017988414,0.8915838658326475
3463,1.6260385513305664,0.06906164437532425,1.6329447031021118,0.1,22957568,57587712,0.020477038982789963,0.8406688012961527
3464,1.530056357383728,0.07177601009607315,1.5372339487075806,0.1,22957568,57587712,0.020370841026306152,0.8811302992149361
3465,1.5776495933532715,0.0699748620390892,1.5846470594406128,0.1,22957568,57587712,0.020216662960592657,0.7347860625440141
3466,1.6257989406585693,0.07165350019931793,1.6329642534255981,0.1,22957568,57587712,0.020191094954498112,0.8783734001596021
3467,1.609031319618225,0.07041169703006744,1.6160725355148315,0.1,22957568,57587712,0.02008821297204122,0.8246908241855309
3468,1.5785902738571167,0.0706990510225296,1.5856602191925049,0.1,22957568,57587712,0.02029485796811059,0.8079868737077011
3469,1.6202569007873535,0.07185336202383041,1.6274422407150269,0.1,22957568,57587712,0.020081680035218596,0.8812643082651537
3470,1.621886134147644,0.06960692256689072,1.6288468837738037,0.1,22957568,57587712,0.020932710962370038,0.7638604677817064
3471,1.5549306869506836,0.0691356435418129,1.5618442296981812,0.1,22957568,57587712,0.02000251301797107,0.7428857739750866
3472,1.6256221532821655,0.06946071237325668,1.6325682401657104,0.1,22957568,57587712,0.02043653401779011,0.8288432113211601
3473,1.7086730003356934,0.0704900249838829,1.7157219648361206,0.1,22957568,57587712,0.0202570779947564,0.7963830826847801
3474,1.6377449035644531,0.07054661959409714,1.6447995901107788,0.1,22957568,57587712,0.020021657983306795,0.7404149995729566
3475,1.6651625633239746,0.07110153883695602,1.6722726821899414,0.1,22957568,57587712,0.020604236982762814,0.8163789400995465
3476,1.6534433364868164,0.07030588388442993,1.6604739427566528,0.1,22957568,57587712,0.020135711005423218,0.8217474130760928
3477,1.6060619354248047,0.0711832121014595,1.6131802797317505,0.1,22957568,57587712,0.020086789969354868,0.7823505965826626
3478,1.5938308238983154,0.07123668491840363,1.600954532623291,0.1,22957568,57587712,0.020161398977506906,0.802588096423998
3479,1.6486235857009888,0.07200153172016144,1.6558237075805664,0.1,22957568,57587712,0.020122786983847618,0.816540376615119
3480,1.6505540609359741,0.07176841050386429,1.6577309370040894,0.1,22957568,57587712,0.020270553999580443,0.7838620158253716
3481,1.5375603437423706,0.07293957471847534,1.5448542833328247,0.1,22957568,57587712,0.02003236796008423,0.7953152448996696
3482,1.6026995182037354,0.0729345828294754,1.6099929809570312,0.1,22957568,57587712,0.020393834041897207,0.8397962161251491
3483,1.6214823722839355,0.07390827685594559,1.6288732290267944,0.1,22957568,57587712,0.02037244400708005,0.9709657434435889
3484,1.6539000272750854,0.06995410472154617,1.6608954668045044,0.1,22957568,57587712,0.02005768596427515,0.8305601640065994
3485,1.660091519355774,0.07162259519100189,1.6672537326812744,0.1,22957568,57587712,0.021036175021436065,0.9014256210181123
3486,1.5665385723114014,0.07082358747720718,1.5736209154129028,0.1,22957568,57587712,0.020341495983302593,0.7940242210319626
3487,1.6312637329101562,0.07062122225761414,1.638325810432434,0.1,22957568,57587712,0.020171548007056117,0.83446776447828
3488,1.653530240058899,0.07178892195224762,1.6607091426849365,0.1,22957568,57587712,0.02009675797307864,0.8190009016326524
3489,1.5721486806869507,0.06951352953910828,1.5791000127792358,0.1,22957568,57587712,0.020298404968343675,0.8263295403093593
3490,1.6517138481140137,0.07075228542089462,1.658789038658142,0.1,22957568,57587712,0.0205021959845908,0.8463064095353244
3491,1.6621862649917603,0.06996889412403107,1.6691831350326538,0.1,22957568,57587712,0.019950164016336203,0.7735204701822854
3492,1.609640121459961,0.0706249326467514,1.6167025566101074,0.1,22957568,57587712,0.020351423998363316,0.8441155661813559
3493,1.6538516283035278,0.06949713081121445,1.6608012914657593,0.1,22957568,57587712,0.02012884896248579,0.848592980075419
3494,1.659273386001587,0.07033573091030121,1.666306972503662,0.1,22957568,57587712,0.020110232988372445,0.8977821272357308
3495,1.668607473373413,0.0704466700553894,1.6756521463394165,0.1,22957568,57587712,0.02025933301774785,0.8694017968535577
3496,1.6139394044876099,0.07167734205722809,1.6211071014404297,0.1,22957568,57587712,0.019939173012971878,0.9092346882791135
3497,1.599199891090393,0.07121841609477997,1.6063216924667358,0.1,22957568,57587712,0.020296903036069125,0.9330050791236243
3498,1.610962986946106,0.07071173191070557,1.6180341243743896,0.1,22957568,57587712,0.020151590986642987,0.8326486224112829
3499,1.5653425455093384,0.07016198337078094,1.5723587274551392,0.1,22957568,57587712,0.020122326037380844,0.7122536944081819
3500,1.6197091341018677,0.06940154731273651,1.626649260520935,0.1,22957568,57587712,0.02460104099009186,0.8973894173702281
3501,1.6095695495605469,0.07042645663022995,1.616612195968628,0.1,22957568,57587712,0.021957057004328817,0.8496065905678821
3502,1.6260719299316406,0.06994777917861938,1.6330666542053223,0.1,22957568,57587712,0.021088082052301615,0.9009780026400335
3503,1.6572452783584595,0.07085366547107697,1.6643306016921997,0.1,22957568,57587712,0.02059198502684012,0.840253202565909
3504,1.6272526979446411,0.07035330682992935,1.6342880725860596,0.1,22957568,57587712,0.02050297800451517,0.8303995543641297
3505,1.5575132369995117,0.07118115574121475,1.5646313428878784,0.1,22957568,57587712,0.021490023005753756,0.8644598262676094
3506,1.6597208976745605,0.07067567110061646,1.6667884588241577,0.1,22957568,57587712,0.020931629987899214,0.9258864634625845
3507,1.5725418329238892,0.07141895592212677,1.579683780670166,0.1,22957568,57587712,0.02075867698295042,0.8607846372768536
3508,1.6124294996261597,0.07003366202116013,1.619432806968689,0.1,22957568,57587712,0.02033911203034222,0.8375779350472976
3509,1.571245551109314,0.07150539010763168,1.5783960819244385,0.1,22957568,57587712,0.021192778018303216,0.794540087913067
3510,1.6324046850204468,0.07206495851278305,1.6396111249923706,0.1,22957568,57587712,0.02060138201341033,0.9153319452862098
3511,1.5882474184036255,0.0722084790468216,1.595468282699585,0.1,22957568,57587712,0.020472992036957294,0.8608976807022729
3512,1.6176950931549072,0.069194495677948,1.6246145963668823,0.1,22957568,57587712,0.02062117902096361,0.8164872836264295
3513,1.6114622354507446,0.07027234882116318,1.6184895038604736,0.1,22957568,57587712,0.020425783994141966,0.9900519276918317
3514,1.6496814489364624,0.06991733610630035,1.6566731929779053,0.1,22957568,57587712,0.020389385987073183,0.8565993446017325
3515,1.5865719318389893,0.07120226323604584,1.5936921834945679,0.1,22957568,57587712,0.02049683703808114,0.8320837591431612
3516,1.6012918949127197,0.07121087610721588,1.6084129810333252,0.1,22957568,57587712,0.02025525498902425,0.8579912150089106
3517,1.6443374156951904,0.07130716741085052,1.6514681577682495,0.1,22957568,57587712,0.02036295598372817,0.8962477000570355
3518,1.551537275314331,0.07130734622478485,1.5586680173873901,0.1,22957568,57587712,0.02018683700589463,0.8063709448690437
3519,1.673667311668396,0.06972271203994751,1.680639624595642,0.1,22957568,57587712,0.020193990028928965,0.9679087006457842
3520,1.5935033559799194,0.07088585197925568,1.6005918979644775,0.1,22957568,57587712,0.02097282698377967,0.935561190030069
3521,1.6340258121490479,0.07108235359191895,1.6411340236663818,0.1,22957568,57587712,0.020197456993628293,0.8285769624255154
3522,1.6303192377090454,0.0707656741142273,1.6373958587646484,0.1,22957568,57587712,0.02031065901974216,0.9169423413881065
3523,1.673452377319336,0.06989290565252304,1.6804416179656982,0.1,22957568,57587712,0.01997101301094517,0.8561323210596171
3524,1.6008687019348145,0.06884847581386566,1.6077535152435303,0.1,22957568,57587712,0.020379237015731633,0.9275354613128475
3525,1.6667201519012451,0.06986967474222183,1.673707127571106,0.1,22957568,57587712,0.01993521599797532,1.053663678733275
3526,1.6468876600265503,0.06912752985954285,1.653800368309021,0.1,22957568,57587712,0.02021682297345251,0.8126350905236446
3527,1.6034921407699585,0.06835795938968658,1.610327959060669,0.1,22957568,57587712,0.020355703018140048,0.8095130363060125
3528,1.5155611038208008,0.07072551548480988,1.522633671760559,0.1,22957568,57587712,0.019945266016293317,0.751363722894953
3529,1.5333096981048584,0.06978930532932281,1.5402886867523193,0.1,22957568,57587712,0.020508107962086797,0.8704270616075154
3530,1.590547800064087,0.07051259279251099,1.5975990295410156,0.1,22957568,57587712,0.020161489956080914,0.866012971918456
3531,1.6425986289978027,0.07015237212181091,1.649613857269287,0.1,22957568,57587712,0.02027776703471318,0.9697516406799528
3532,1.6039639711380005,0.07137881219387054,1.6111018657684326,0.1,22957568,57587712,0.02038636099314317,0.8515730218807361
3533,1.5671643018722534,0.07018023729324341,1.5741822719573975,0.1,22957568,57587712,0.020035815017763525,0.9199115492282733
3534,1.6634706258773804,0.06992240250110626,1.6704628467559814,0.1,22957568,57587712,0.0203482189681381,0.9543860712513692
3535,1.6195130348205566,0.07085391879081726,1.6265984773635864,0.1,22957568,57587712,0.0209384830086492,0.9338966485078567
3536,1.633445382118225,0.06995034217834473,1.6404404640197754,0.1,22957568,57587712,0.02022112102713436,0.849412928847407
3537,1.6666103601455688,0.07122775167226791,1.673733115196228,0.1,22957568,57587712,0.020109782984945923,1.006909613133401
3538,1.5694679021835327,0.06951984763145447,1.5764198303222656,0.1,22957568,57587712,0.02016845199977979,0.8605044846602231
3539,1.6292457580566406,0.07014167308807373,1.636259913444519,0.1,22957568,57587712,0.02033105696318671,0.9591881738403383
3540,1.6123499870300293,0.06893206387758255,1.6192431449890137,0.1,22957568,57587712,0.020291533030103892,0.855686292025757
3541,1.6697120666503906,0.0686122328042984,1.6765732765197754,0.1,22957568,57587712,0.02022879500873387,0.9306760375073923
3542,1.649548053741455,0.07008542865514755,1.6565566062927246,0.1,22957568,57587712,0.020120032015256584,0.853853403230544
3543,1.6261069774627686,0.07181306183338165,1.6332882642745972,0.1,22957568,57587712,0.02009787003044039,0.8570474648487548
3544,1.6548595428466797,0.07052452862262726,1.661911964416504,0.1,22957568,57587712,0.020298185001593083,0.9894266443862576
3545,1.6003453731536865,0.07156319171190262,1.607501745223999,0.1,22957568,57587712,0.019976834999397397,0.8868947930921459
3546,1.5775010585784912,0.07381916791200638,1.5848829746246338,0.1,22957568,57587712,0.020330856961663812,0.8832424428589699
3547,1.7019000053405762,0.07281383126974106,1.7091814279556274,0.1,22957568,57587712,0.019989017979241908,0.8261408357385026
3548,1.6244350671768188,0.07201234996318817,1.6316362619400024,0.1,22957568,57587712,0.02031266299309209,0.8361205696250333
3549,1.6502259969711304,0.07205359637737274,1.6574313640594482,0.1,22957568,57587712,0.020268729946110398,0.9829741860012189
3550,1.6167945861816406,0.07197456806898117,1.6239920854568481,0.1,22957568,57587712,0.020859003998339176,0.885668362444374
3551,1.5574133396148682,0.07387671619653702,1.5648009777069092,0.1,22957568,57587712,0.020827264990657568,0.8143542459428901
3552,1.5581915378570557,0.07380691170692444,1.5655722618103027,0.1,22957568,57587712,0.020265715022105724,0.8546780876954254
3553,1.6761558055877686,0.07103097438812256,1.6832588911056519,0.1,22957568,57587712,0.020357867993880063,0.9030382657642365
3554,1.5772385597229004,0.06968033313751221,1.5842065811157227,0.1,22957568,57587712,0.020346246019471437,0.8244040188228261
3555,1.60971200466156,0.07084115594625473,1.6167961359024048,0.1,22957568,57587712,0.020195704011712223,0.8970015068594828
3556,1.5698593854904175,0.07181289792060852,1.577040672302246,0.1,22957568,57587712,0.020402210007887334,0.7852227472577888
3557,1.5462920665740967,0.07083535939455032,1.5533756017684937,0.1,22957568,57587712,0.02022445696638897,0.7711440049274612
3558,1.6461740732192993,0.0706910640001297,1.6532431840896606,0.1,22957568,57587712,0.020499381993431598,0.812792947315459
3559,1.6187089681625366,0.07047538459300995,1.6257565021514893,0.1,22957568,57587712,0.02007122104987502,0.8845145659070196
3560,1.5563206672668457,0.07080216705799103,1.5634008646011353,0.1,22957568,57587712,0.020158905012067407,0.7297064551572006
3561,1.6188030242919922,0.07094411551952362,1.6258974075317383,0.1,22957568,57587712,0.020311349944677204,0.8401982398097483
3562,1.6285403966903687,0.06925101578235626,1.6354655027389526,0.1,22957568,57587712,0.02009527600603178,0.8407494975731066
3563,1.6201883554458618,0.06962700933218002,1.6271510124206543,0.1,22957568,57587712,0.020257278985809535,0.7913984749374777
3564,1.6197136640548706,0.07154981791973114,1.6268686056137085,0.1,22957568,57587712,0.019987264997325838,0.8176549540142021
3565,1.6055749654769897,0.07101152837276459,1.6126761436462402,0.1,22957568,57587712,0.02093215100467205,0.808556654103017
3566,1.6272107362747192,0.0707705020904541,1.6342878341674805,0.1,22957568,57587712,0.020247631007805467,0.8374203331074389
3567,1.5848124027252197,0.06993088126182556,1.5918054580688477,0.1,22957568,57587712,0.0200813909759745,0.8438511569450672
3568,1.5647478103637695,0.07200411707162857,1.5719481706619263,0.1,22957568,57587712,0.020460197993088514,0.7397783471856595
3569,1.609873652458191,0.07081221789121628,1.6169549226760864,0.1,22957568,57587712,0.02017076703486964,0.8462313982761177
3570,1.6117355823516846,0.06988991051912308,1.6187245845794678,0.1,22957568,57587712,0.020215731987264007,0.799072101953506
3571,1.6554908752441406,0.0700773298740387,1.6624985933303833,0.1,22957568,57587712,0.02050109504489228,0.7866006662219269
3572,1.6958963871002197,0.07014008611440659,1.7029104232788086,0.1,22957568,57587712,0.02018309000413865,0.8611815143325592
3573,1.6517448425292969,0.0702872946858406,1.6587735414505005,0.1,22957568,57587712,0.020258161006495357,0.8672806870985288
3574,1.6655884981155396,0.06940522789955139,1.6725289821624756,0.1,22957568,57587712,0.02006094198441133,0.7875353989827799
3575,1.604197382926941,0.06907837837934494,1.61110520362854,0.1,22957568,57587712,0.020235688018146902,0.9287850895259563
3576,1.6155660152435303,0.07025528699159622,1.622591495513916,0.1,22957568,57587712,0.020719523017760366,0.7757750963347436
3577,1.5845657587051392,0.07172170281410217,1.591737985610962,0.1,22957568,57587712,0.02008732099784538,0.7958371047913102
3578,1.5542938709259033,0.07137102633714676,1.5614309310913086,0.1,22957568,57587712,0.02028876799158752,0.7591464222734612
3579,1.5951519012451172,0.07149045914411545,1.602301001548767,0.1,22957568,57587712,0.020194782002363354,0.8304913812703645
3580,1.6324621438980103,0.06965994834899902,1.6394281387329102,0.1,22957568,57587712,0.02104029298061505,0.9133011501195302
3581,1.5735454559326172,0.07098416984081268,1.580643892288208,0.1,22957568,57587712,0.02017134800553322,0.9313131780415859
3582,1.6011028289794922,0.0697454959154129,1.6080774068832397,0.1,22957568,57587712,0.020254514005500823,0.8156902999636276
3583,1.6359585523605347,0.06985427439212799,1.6429439783096313,0.1,22957568,57587712,0.020360030990559608,0.8829017120905981
3584,1.5793899297714233,0.07015684992074966,1.586405634880066,0.1,22957568,57587712,0.02018672798294574,0.7590180736992027
3585,1.6355012655258179,0.06973293423652649,1.6424745321273804,0.1,22957568,57587712,0.020406558003742248,0.8925651916602737
3586,1.5921528339385986,0.07118672132492065,1.599271535873413,0.1,22957568,57587712,0.020072263025213033,0.9058146133957338
3587,1.5940853357315063,0.0704931989312172,1.6011346578598022,0.1,22957568,57587712,0.020224208012223244,0.7492827980038387
3588,1.6154776811599731,0.07021315395832062,1.6224989891052246,0.1,22957568,57587712,0.020295941038057208,0.8269320347079643
3589,1.576033353805542,0.0718318298459053,1.5832165479660034,0.1,22957568,57587712,0.02010034502018243,0.7599830297718287
3590,1.613067626953125,0.07068140804767609,1.62013578414917,0.1,22957568,57587712,0.020292645029257983,0.8457683139837217
3591,1.6423773765563965,0.07239177823066711,1.6496165990829468,0.1,22957568,57587712,0.02002816100139171,0.85082956856072
3592,1.6216871738433838,0.07190065085887909,1.6288772821426392,0.1,22957568,57587712,0.020024625002406538,0.8680973014318847
3593,1.5783238410949707,0.06950698792934418,1.585274577140808,0.1,22957568,57587712,0.020321559975855052,0.7865493514046408
3594,1.5731488466262817,0.07044614106416702,1.5801935195922852,0.1,22957568,57587712,0.019999286043457687,0.7642951995018658
3595,1.612632155418396,0.07034748792648315,1.6196669340133667,0.1,22957568,57587712,0.02091108198510483,0.8068874650706613
3596,1.6244784593582153,0.06944350898265839,1.631422758102417,0.1,22957568,57587712,0.02009508601622656,0.7944272284558279
3597,1.5410661697387695,0.06948520988225937,1.5480146408081055,0.1,22957568,57587712,0.020411087025422603,0.8778818169107137
3598,1.6356213092803955,0.06971265375614166,1.6425925493240356,0.1,22957568,57587712,0.020313524000812322,0.8169884538550237
3599,1.5720787048339844,0.07227873057126999,1.5793066024780273,0.1,22957568,57587712,0.020100305031519383,0.8495103225006273
3600,1.5780140161514282,0.07236242294311523,1.5852502584457397,0.1,22957568,57587712,0.022455340018495917,0.8305408831121538
3601,1.645850419998169,0.07275597751140594,1.6531260013580322,0.1,22957568,57587712,0.023242512019351125,0.8607745337513671
3602,1.6187715530395508,0.07064604759216309,1.6258361339569092,0.1,22957568,57587712,0.021072183968499303,0.7975440938410413
3603,1.5966171026229858,0.07083249092102051,1.6037003993988037,0.1,22957568,57587712,0.020723371009808034,0.8483631964330295
3604,1.602516770362854,0.07100299000740051,1.6096171140670776,0.1,22957568,57587712,0.020489463000558317,0.8315695340948344
3605,1.5846846103668213,0.07072249054908752,1.591756820678711,0.1,22957568,57587712,0.02068818500265479,0.7795078267330714
3606,1.649157166481018,0.07045374810695648,1.6562025547027588,0.1,22957568,57587712,0.020548353961203247,0.8589607469174658
3607,1.6167343854904175,0.06990353763103485,1.6237246990203857,0.1,22957568,57587712,0.020408201962709427,0.8272935476904093
3608,1.5928263664245605,0.07204893231391907,1.6000312566757202,0.1,22957568,57587712,0.02053905703360215,0.8876058920703029
3609,1.5578045845031738,0.07211361825466156,1.5650159120559692,0.1,22957568,57587712,0.02054090000456199,0.7894865321826435
3610,1.586448311805725,0.07254429906606674,1.593702793121338,0.1,22957568,57587712,0.020407300035003573,0.7859373271920589
3611,1.6047322750091553,0.07131076604127884,1.611863374710083,0.1,22957568,57587712,0.02050726697780192,0.8234315653716805
3612,1.6534267663955688,0.06887456774711609,1.6603142023086548,0.1,22957568,57587712,0.02049889200134203,0.7581719537981881
3613,1.607579231262207,0.07027985155582428,1.6146072149276733,0.1,22957568,57587712,0.020169085008092225,0.7991726865399118
3614,1.6499617099761963,0.07160939276218414,1.6571226119995117,0.1,22957568,57587712,0.020229166955687106,0.8238676574754531
3615,1.6472837924957275,0.07104170322418213,1.6543879508972168,0.1,22957568,57587712,0.02034390199696645,0.7767527688437205
3616,1.6053776741027832,0.07078662514686584,1.6124563217163086,0.1,22957568,57587712,0.020187578978948295,0.8329424215854739
3617,1.6540049314498901,0.06960499286651611,1.6609654426574707,0.1,22957568,57587712,0.02046383498236537,0.8170541884840605
3618,1.5762611627578735,0.07149863988161087,1.5834109783172607,0.1,22957568,57587712,0.020245246996637434,0.8213432460478441
3619,1.548804759979248,0.07049533724784851,1.555854320526123,0.1,22957568,57587712,0.020149417978245765,0.7659345580804079
3620,1.65243399143219,0.0705503523349762,1.6594890356063843,0.1,22957568,57587712,0.02026436204323545,0.8190270817777245
3621,1.5904901027679443,0.06947536766529083,1.5974376201629639,0.1,22957568,57587712,0.020162812958005816,0.7542449705119877
3622,1.5853708982467651,0.07235252112150192,1.5926061868667603,0.1,22957568,57587712,0.02027628500945866,0.8662643771274328
3623,1.6104331016540527,0.07082796841859818,1.6175159215927124,0.1,22957568,57587712,0.020753287011757493,0.7735456811862871
3624,1.6397686004638672,0.07112261652946472,1.646880865097046,0.1,22957568,57587712,0.02095331100281328,0.8127703640165177
3625,1.6666665077209473,0.07076327502727509,1.6737428903579712,0.1,22957568,57587712,0.020330375991761684,0.8111364248577891
3626,1.5782132148742676,0.06906971335411072,1.5851202011108398,0.1,22957568,57587712,0.02047336398391053,0.7170041884558505
3627,1.6341426372528076,0.0704449862241745,1.6411871910095215,0.1,22957568,57587712,0.020483622036408633,0.8823469475851735
3628,1.5848051309585571,0.0709623321890831,1.591901421546936,0.1,22957568,57587712,0.020283448044210672,0.7784113207701624
3629,1.6711868047714233,0.07019458711147308,1.678206205368042,0.1,22957568,57587712,0.020275824004784226,0.8061354645198692
3630,1.5814933776855469,0.07202252745628357,1.5886956453323364,0.1,22957568,57587712,0.020989939977880567,0.7986023599329954
3631,1.6462147235870361,0.07029925286769867,1.6532446146011353,0.1,22957568,57587712,0.020554804999846965,0.8256352666186488
3632,1.6988887786865234,0.06977597624063492,1.7058663368225098,0.1,22957568,57587712,0.02047578798374161,0.9094010753553563
3633,1.6576130390167236,0.07150547206401825,1.6647635698318481,0.1,22957568,57587712,0.02018116699764505,0.8056555082849615
3634,1.709446907043457,0.07099346816539764,1.7165462970733643,0.1,22957568,57587712,0.020700899010989815,0.8792319679624516
3635,1.7021890878677368,0.06951345503330231,1.709140419960022,0.1,22957568,57587712,0.0224123090156354,0.786896346099212
3636,1.637168049812317,0.07050513476133347,1.6442185640335083,0.1,22957568,57587712,0.023393584007862955,0.8475254445616194
3637,1.5981690883636475,0.0706009715795517,1.605229139328003,0.1,22957568,57587712,0.021178371971473098,0.8566115639876485
3638,1.60146963596344,0.07055027782917023,1.6085246801376343,0.1,22957568,57587712,0.02038795396219939,0.8217427101362257
3639,1.6218163967132568,0.06875115633010864,1.628691554069519,0.1,22957568,57587712,0.02025617699837312,0.8643675616508353
3640,1.562126636505127,0.07053124159574509,1.5691797733306885,0.1,22957568,57587712,0.020467363006900996,0.7931670289369713
3641,1.580775260925293,0.07127554714679718,1.5879027843475342,0.1,22957568,57587712,0.02057707798667252,0.8012450268918794
3642,1.633760929107666,0.07165557891130447,1.640926480293274,0.1,22957568,57587712,0.020153495017439127,0.824243483446656
3643,1.5632448196411133,0.07199189066886902,1.5704439878463745,0.1,22957568,57587712,0.020135472004767507,0.8283307429692384
3644,1.578640341758728,0.07138784974813461,1.585779070854187,0.1,22957568,57587712,0.020244205021299422,0.8092790754274277
3645,1.5897389650344849,0.0713074654340744,1.596869707107544,0.1,22957568,57587712,0.02093991602305323,0.8185583210887152
3646,1.5266399383544922,0.06997208297252655,1.5336371660232544,0.1,22957568,57587712,0.020444430003408343,0.8009458100384704
3647,1.5535986423492432,0.07020991295576096,1.560619592666626,0.1,22957568,57587712,0.020244424988050014,0.8248588147586927
3648,1.5601705312728882,0.07037362456321716,1.567207932472229,0.1,22957568,57587712,0.020235378004144877,0.9202681431963661
3649,1.6108866930007935,0.0691770613193512,1.6178044080734253,0.1,22957568,57587712,0.020240788988303393,0.9195238168909448
3650,1.5421558618545532,0.07077869772911072,1.5492336750030518,0.1,22957568,57587712,0.020379908964969218,0.8084722465929005
3651,1.6048263311386108,0.07208213210105896,1.612034559249878,0.1,22957568,57587712,0.02032366400817409,0.8587676823127963
3652,1.6068365573883057,0.06881840527057648,1.6137183904647827,0.1,22957568,57587712,0.020086229022126645,0.7673949871808082
3653,1.6690694093704224,0.07059219479560852,1.676128625869751,0.1,22957568,57587712,0.020164376008324325,0.8099637603258546
3654,1.5966203212738037,0.0717390924692154,1.6037942171096802,0.1,22957568,57587712,0.02000046899775043,0.8582716481753601
3655,1.6306304931640625,0.0707511454820633,1.6377055644989014,0.1,22957568,57587712,0.020140671986155212,0.8655982885288538
3656,1.576196551322937,0.07058412581682205,1.5832549333572388,0.1,22957568,57587712,0.020070110040251166,0.8029548055657374
3657,1.5787718296051025,0.06981436908245087,1.585753321647644,0.1,22957568,57587712,0.019969040004070848,0.778726869943352
3658,1.5629550218582153,0.07031714916229248,1.5699867010116577,0.1,22957568,57587712,0.020159226027317345,0.7440956208807744
3659,1.6252909898757935,0.06985639780759811,1.6322766542434692,0.1,22957568,57587712,0.020129119977355003,0.8263647515400894
3660,1.633047103881836,0.07105918973684311,1.6401530504226685,0.1,22957568,57587712,0.020773996016941965,0.8017870757865191
3661,1.6337600946426392,0.0696011334657669,1.640720248222351,0.1,22957568,57587712,0.020216704055201262,0.8750162471040903
3662,1.631469964981079,0.07062292844057083,1.638532280921936,0.1,22957568,57587712,0.01985774200875312,0.8503990548517528
3663,1.6687833070755005,0.0696658119559288,1.6757498979568481,0.1,22957568,57587712,0.02026403194759041,0.8285715247733747
3664,1.5580778121948242,0.07165564596652985,1.5652433633804321,0.1,22957568,57587712,0.02012293803272769,0.771672633087575
3665,1.622757911682129,0.0693821832537651,1.6296961307525635,0.1,22957568,57587712,0.020082000992260873,0.8350301713414118
3666,1.585269808769226,0.07220382988452911,1.5924901962280273,0.1,22957568,57587712,0.020199731981847435,0.815192483173135
3667,1.6331617832183838,0.07063358277082443,1.6402251720428467,0.1,22957568,57587712,0.019934225012548268,0.7800828438126276
3668,1.6224393844604492,0.07207977026700974,1.6296473741531372,0.1,22957568,57587712,0.020144227950368077,0.7990223688241374
3669,1.6900614500045776,0.07071568816900253,1.6971330642700195,0.1,22957568,57587712,0.02006306598195806,0.8362760961829743
3670,1.6370344161987305,0.07198464870452881,1.6442328691482544,0.1,22957568,57587712,0.020079687994439155,0.7743182750969189
3671,1.6114386320114136,0.0716848224401474,1.6186071634292603,0.1,22957568,57587712,0.020326749014202505,0.8367110677653424
3672,1.6047136783599854,0.0723545253276825,1.61194908618927,0.1,22957568,57587712,0.020023382967337966,0.7888909286305141
3673,1.6632577180862427,0.07023252546787262,1.670280933380127,0.1,22957568,57587712,0.02023315499536693,0.7799391015963386
3674,1.6214735507965088,0.07010450959205627,1.6284840106964111,0.1,22957568,57587712,0.020162633038125932,0.7928187669512785
3675,1.5372323989868164,0.07207265496253967,1.544439673423767,0.1,22957568,57587712,0.020876056980341673,0.8446788628377448
3676,1.6771175861358643,0.0702047049999237,1.6841380596160889,0.1,22957568,57587712,0.020042728981934488,0.8250735958733967
3677,1.6122499704360962,0.07111659646034241,1.6193616390228271,0.1,22957568,57587712,0.020137665036600083,0.7990602691941902
3678,1.6769728660583496,0.06976950168609619,1.6839498281478882,0.1,22957568,57587712,0.020225539978127927,0.7935412022346658
3679,1.674878478050232,0.06942354142665863,1.6818208694458008,0.1,22957568,57587712,0.019911792944185436,0.7981587086186713
3680,1.49958074092865,0.0712122768163681,1.506701946258545,0.1,22957568,57587712,0.020265505008865148,0.7825608314272401
3681,1.6141321659088135,0.06940077245235443,1.6210722923278809,0.1,22957568,57587712,0.019979049975518137,0.8285767969951626
3682,1.5998516082763672,0.06905923783779144,1.6067575216293335,0.1,22957568,57587712,0.02019583497894928,0.7742580541677478
3683,1.6002476215362549,0.07119782269001007,1.6073673963546753,0.1,22957568,57587712,0.020181697967927903,0.7420236706102806
3684,1.5870027542114258,0.06947655975818634,1.5939503908157349,0.1,22957568,57587712,0.019905180961359292,0.9241675851495276
3685,1.6091350317001343,0.0709410011768341,1.6162291765213013,0.1,22957568,57587712,0.020297184004448354,0.8029719658379639
3686,1.6834502220153809,0.06992959976196289,1.6904431581497192,0.1,22957568,57587712,0.020053307991474867,0.8049002686265505
3687,1.5805127620697021,0.07057124376296997,1.5875698328018188,0.1,22957568,57587712,0.020132185018155724,0.7772972438912396
3688,1.6092512607574463,0.07245132327079773,1.6164964437484741,0.1,22957568,57587712,0.020150821015704423,0.8739740024237451
3689,1.593310832977295,0.0706581100821495,1.6003766059875488,0.1,22957568,57587712,0.01982865802710876,0.8470400421986305
3690,1.5534694194793701,0.07087086886167526,1.5605565309524536,0.1,22957568,57587712,0.02080736798234284,0.77990974307979
3691,1.5553715229034424,0.07024182379245758,1.562395691871643,0.1,22957568,57587712,0.019949815003201365,0.7712355411317457
3692,1.6160908937454224,0.07032033801078796,1.6231229305267334,0.1,22957568,57587712,0.01995066599920392,0.8467997952304185
3693,1.6328328847885132,0.06852962076663971,1.639685869216919,0.1,22957568,57587712,0.02022638195194304,0.8725914891735265
3694,1.594266414642334,0.06974712014198303,1.601241111755371,0.1,22957568,57587712,0.01990554202347994,0.7677008181139682
3695,1.5914226770401,0.07173413038253784,1.5985960960388184,0.1,22957568,57587712,0.020210532005876303,0.8235469075770436
3696,1.5653660297393799,0.07045809179544449,1.5724118947982788,0.1,22957568,57587712,0.020521474012639374,0.7947116899762068
3697,1.5861438512802124,0.07145576179027557,1.5932893753051758,0.1,22957568,57587712,0.020383264985866845,0.8066538299726345
3698,1.6313480138778687,0.07074464112520218,1.6384224891662598,0.1,22957568,57587712,0.020076019980479032,0.8476578668602837
3699,1.6045184135437012,0.06864470988512039,1.6113828420639038,0.1,22957568,57587712,0.02026300097350031,0.7478498861268268
3700,1.6538727283477783,0.06979244947433472,1.6608519554138184,0.1,22957568,57587712,0.024736475024838,0.8273258482717004
3701,1.633300542831421,0.06912169605493546,1.6402126550674438,0.1,22957568,57587712,0.026406979013700038,0.7708906428549591
3702,1.6266181468963623,0.07089497148990631,1.6337076425552368,0.1,22957568,57587712,0.024387654033489525,0.7860131749122747
3703,1.5922142267227173,0.07140987366437912,1.5993552207946777,0.1,22957568,57587712,0.021097360993735492,0.8832841218006139
3704,1.6123193502426147,0.06962175667285919,1.619281530380249,0.1,22957568,57587712,0.020699587010312825,0.8252772373452769
3705,1.593977928161621,0.07060246169567108,1.6010382175445557,0.1,22957568,57587712,0.020564934995491058,0.8400862428520265
3706,1.6296660900115967,0.0706687867641449,1.6367329359054565,0.1,22957568,57587712,0.020227544009685516,0.8430088238178034
3707,1.5948023796081543,0.06887707114219666,1.6016900539398193,0.1,22957568,57587712,0.020261337980628014,0.8172472887609158
3708,1.5711767673492432,0.07052737474441528,1.578229546546936,0.1,22957568,57587712,0.02042150602210313,0.7494241844117979
3709,1.5683715343475342,0.07050812989473343,1.5754224061965942,0.1,22957568,57587712,0.02032389404485002,0.7604790505704865
3710,1.6188167333602905,0.06962118297815323,1.6257787942886353,0.1,22957568,57587712,0.020571847970131785,0.85567125109098
3711,1.5863370895385742,0.07081998884677887,1.593419075012207,0.1,22957568,57587712,0.02040028799092397,0.7578506970215226
3712,1.5575013160705566,0.07049059122800827,1.5645503997802734,0.1,22957568,57587712,0.020320939016528428,0.7235803446449552
3713,1.5883415937423706,0.06964784860610962,1.595306396484375,0.1,22957568,57587712,0.020331338979303837,0.8072964132573833
3714,1.62394118309021,0.06949473917484283,1.6308906078338623,0.1,22957568,57587712,0.020188230031635612,0.8119319839187408
3715,1.6038463115692139,0.06954740732908249,1.610801100730896,0.1,22957568,57587712,0.020225690968800336,0.8048956905742118
3716,1.5503432750701904,0.07127779722213745,1.5574710369110107,0.1,22957568,57587712,0.02027012303005904,0.7724200244778417
3717,1.594491958618164,0.06930695474147797,1.601422667503357,0.1,22957568,57587712,0.020595191977918148,0.6939712792905918
3718,1.6482361555099487,0.06808331608772278,1.655044436454773,0.1,22957568,57587712,0.020298146991990507,0.7863138381002513
3719,1.6281853914260864,0.06796029210090637,1.634981393814087,0.1,22957568,57587712,0.020039993978571147,0.7885964876719828
3720,1.5635401010513306,0.06966516375541687,1.5705065727233887,0.1,22957568,57587712,0.02030288497917354,0.7856232651621924
3721,1.5919363498687744,0.06966391205787659,1.598902702331543,0.1,22957568,57587712,0.020333221997134387,0.7435618498321234
3722,1.6303571462631226,0.06993147730827332,1.63735032081604,0.1,22957568,57587712,0.020285363018047065,0.8105712973121089
3723,1.5752688646316528,0.0690864622592926,1.5821775197982788,0.1,22957568,57587712,0.020094386010896415,0.6977302223658111
3724,1.6249549388885498,0.06941775977611542,1.631896734237671,0.1,22957568,57587712,0.02019113698042929,0.7962769735190338
3725,1.5972269773483276,0.07071410119533539,1.6042983531951904,0.1,22957568,57587712,0.020851000037509948,0.8217122377852139
3726,1.6247090101242065,0.07098926603794098,1.6318079233169556,0.1,22957568,57587712,0.02011936204507947,0.8015958702358357
3727,1.6414802074432373,0.07018250226974487,1.6484984159469604,0.1,22957568,57587712,0.02029734500683844,0.7973173717593355
3728,1.557617425918579,0.06998713314533234,1.564616084098816,0.1,22957568,57587712,0.02000478800619021,0.7123307764451249
3729,1.536468505859375,0.06885997205972672,1.5433545112609863,0.1,22957568,57587712,0.020188531023450196,0.7121025130247135
3730,1.6218445301055908,0.06926459074020386,1.6287709474563599,0.1,22957568,57587712,0.02050566504476592,0.8515511408647568
3731,1.5896655321121216,0.06957483291625977,1.5966230630874634,0.1,22957568,57587712,0.020189452974591404,0.8128200219779252
3732,1.5220844745635986,0.07094528526067734,1.5291789770126343,0.1,22957568,57587712,0.020312053035013378,0.7426985545678843
3733,1.5888210535049438,0.06853847205638885,1.5956748723983765,0.1,22957568,57587712,0.020024525001645088,0.7012004494385907
3734,1.597795844078064,0.0681411474943161,1.6046099662780762,0.1,22957568,57587712,0.019989580032415688,0.766027712265731
3735,1.534687876701355,0.07048507034778595,1.541736364364624,0.1,22957568,57587712,0.02014071203302592,0.8672264115964691
3736,1.5553553104400635,0.06867853552103043,1.562223196029663,0.1,22957568,57587712,0.019922042964026332,0.7901128359202793
3737,1.5778107643127441,0.06944404542446136,1.5847551822662354,0.1,22957568,57587712,0.02021616301499307,0.7908066001529934
3738,1.6280360221862793,0.06882879883050919,1.6349189281463623,0.1,22957568,57587712,0.020203418971505016,0.8495661485605879
3739,1.6091647148132324,0.06938035786151886,1.616102695465088,0.1,22957568,57587712,0.021029533992987126,0.812268192910226
3740,1.686052680015564,0.06990231573581696,1.6930428743362427,0.1,22957568,57587712,0.021222445007879287,0.9393548081123089
3741,1.585660457611084,0.06850709021091461,1.5925111770629883,0.1,22957568,57587712,0.020217935962136835,0.7424032737308602
3742,1.614720344543457,0.07003121078014374,1.6217234134674072,0.1,22957568,57587712,0.020546351035591215,0.8577535492830054
3743,1.662638545036316,0.07034054398536682,1.6696726083755493,0.1,22957568,57587712,0.02022605197271332,0.8134082581654756
3744,1.6419610977172852,0.06963299214839935,1.6489243507385254,0.1,22957568,57587712,0.020186988986097276,0.9061524898568453
3745,1.6937006711959839,0.07059546560049057,1.7007602453231812,0.1,22957568,57587712,0.02015100105199963,0.9531867124436987
3746,1.6790249347686768,0.0686229020357132,1.6858872175216675,0.1,22957568,57587712,0.020355933986138552,0.8124810121078033
3747,1.5866034030914307,0.07030481100082397,1.5936338901519775,0.1,22957568,57587712,0.020198609970975667,0.9129743323212138
3748,1.5731792449951172,0.06867213547229767,1.5800464153289795,0.1,22957568,57587712,0.020106246985960752,0.8033432651831669
3749,1.6103291511535645,0.0690746009349823,1.617236614227295,0.1,22957568,57587712,0.020168574003037065,0.9175266262632921
3750,1.5363847017288208,0.06971284747123718,1.543355941772461,0.1,22957568,57587712,0.020288749015890062,0.8253246564513562
3751,1.5442898273468018,0.0703572928905487,1.5513255596160889,0.1,22957568,57587712,0.020130673015955836,0.7733770115354206
3752,1.5997422933578491,0.0692003145813942,1.6066622734069824,0.1,22957568,57587712,0.020242693019099534,0.8166345603421401
3753,1.6693775653839111,0.0699472576379776,1.6763722896575928,0.1,22957568,57587712,0.02012381999520585,0.8898909751674229
3754,1.6535048484802246,0.07017703354358673,1.6605225801467896,0.1,22957568,57587712,0.02019773900974542,0.7910448844985462
3755,1.6453261375427246,0.07020356506109238,1.6523464918136597,0.1,22957568,57587712,0.020764096989296377,0.8106955710266857
3756,1.6878244876861572,0.07135502994060516,1.6949599981307983,0.1,22957568,57587712,0.020104483992327005,0.871253974500535
3757,1.605989933013916,0.07001888751983643,1.6129918098449707,0.1,22957568,57587712,0.020268239954020828,0.7978627688696694
3758,1.6875431537628174,0.07025119662284851,1.6945682764053345,0.1,22957568,57587712,0.019913627998903394,0.8328094018593563
3759,1.5796400308609009,0.07183614373207092,1.5868237018585205,0.1,22957568,57587712,0.020210421993397176,0.8252773013081103
3760,1.6312980651855469,0.07005015760660172,1.6383030414581299,0.1,22957568,57587712,0.020134800986852497,0.8068440481778646
3761,1.6158506870269775,0.07010503858327866,1.6228611469268799,0.1,22957568,57587712,0.02014535100897774,0.8382975508928473
3762,1.6361843347549438,0.07032173871994019,1.6432164907455444,0.1,22957568,57587712,0.02017536701168865,0.8431157566122541
3763,1.5563303232192993,0.07160261273384094,1.563490629196167,0.1,22957568,57587712,0.0200355050037615,0.7904923765045258
3764,1.6062419414520264,0.06790532171726227,1.6130324602127075,0.1,22957568,57587712,0.020675371983088553,0.7886411558834105
3765,1.5871055126190186,0.06885268539190292,1.5939908027648926,0.1,22957568,57587712,0.020536733034532517,0.7407384899151711
3766,1.630630612373352,0.068526491522789,1.6374832391738892,0.1,22957568,57587712,0.020169244962744415,0.7930098851025105
3767,1.565908670425415,0.06987722218036652,1.5728963613510132,0.1,22957568,57587712,0.020213547977618873,0.9155465962451977
3768,1.6203529834747314,0.06878756731748581,1.6272317171096802,0.1,22957568,57587712,0.020153395016677678,0.7737632531449299
3769,1.6240071058273315,0.06974396109580994,1.6309814453125,0.1,22957568,57587712,0.020368236990179867,0.8337695251450373
3770,1.6341549158096313,0.06980673968791962,1.641135573387146,0.1,22957568,57587712,0.020998405991122127,0.8461374886572562
3771,1.632183313369751,0.06971628963947296,1.6391549110412598,0.1,22957568,57587712,0.020405317016411573,0.9075777877039893
3772,1.5113240480422974,0.07070095837116241,1.518394112586975,0.1,22957568,57587712,0.020140912965871394,0.8156297212972241
3773,1.534189224243164,0.06866611540317535,1.5410557985305786,0.1,22957568,57587712,0.02003458299441263,0.8131421678564574
3774,1.5250710248947144,0.06996402889490128,1.5320674180984497,0.1,22957568,57587712,0.020143767003901303,0.840560362827778
3775,1.5539497137069702,0.07003071159124374,1.5609527826309204,0.1,22957568,57587712,0.01983692398061976,0.8242378088944741
3776,1.5997605323791504,0.06932909786701202,1.6066933870315552,0.1,22957568,57587712,0.020138477033469826,0.8079389662800686
3777,1.6021703481674194,0.07011176645755768,1.609181523323059,0.1,22957568,57587712,0.02005554299103096,0.8862608634860243
3778,1.5264190435409546,0.07123418897390366,1.533542513847351,0.1,22957568,57587712,0.020086720993276685,0.8449229592220533
3779,1.6193833351135254,0.07123060524463654,1.6265064477920532,0.1,22957568,57587712,0.020221752987708896,0.8787993358447538
3780,1.5825409889221191,0.0717400461435318,1.5897150039672852,0.1,22957568,57587712,0.019960004021413624,0.8091385183482052
3781,1.6047290563583374,0.07103671878576279,1.6118327379226685,0.1,22957568,57587712,0.020319827017374337,0.9215784127584115
3782,1.6528559923171997,0.07157813012599945,1.6600137948989868,0.1,22957568,57587712,0.020056164008565247,0.7890347095642292
3783,1.5937860012054443,0.07136587798595428,1.6009225845336914,0.1,22957568,57587712,0.020101670001167804,0.8227804890676461
3784,1.562077283859253,0.07229886949062347,1.5693072080612183,0.1,22957568,57587712,0.02009791199816391,0.7727018262092658
3785,1.568276047706604,0.07315552234649658,1.5755915641784668,0.1,22957568,57587712,0.02070131996879354,0.8460698080016831
3786,1.5626810789108276,0.07257790118455887,1.5699388980865479,0.1,22957568,57587712,0.02016849396750331,0.8625960725127142
3787,1.654420256614685,0.06954284012317657,1.661374568939209,0.1,22957568,57587712,0.020204321015626192,0.8081307700214153
3788,1.5641895532608032,0.07361619174480438,1.5715512037277222,0.1,22957568,57587712,0.02003406296717003,0.8199231698900076
3789,1.568976879119873,0.07135574519634247,1.5761125087738037,0.1,22957568,57587712,0.020314375986345112,0.8159175167212327
3790,1.5622494220733643,0.07101605832576752,1.569351077079773,0.1,22957568,57587712,0.020072114013601094,0.7644429914270993
3791,1.5708192586898804,0.07250073552131653,1.5780693292617798,0.1,22957568,57587712,0.020120624045375735,0.8846486784267604
3792,1.6038590669631958,0.06948234140872955,1.6108072996139526,0.1,22957568,57587712,0.020091710961423814,0.788924156935198
3793,1.557197093963623,0.07064422219991684,1.564261555671692,0.1,22957568,57587712,0.020091490005142987,0.7275850468302797
3794,1.6149656772613525,0.06972719728946686,1.6219383478164673,0.1,22957568,57587712,0.020190886047203094,0.7204956002482059
3795,1.7052607536315918,0.07139237225055695,1.712399959564209,0.1,22957568,57587712,0.02007595100440085,0.8028352590391217
3796,1.6181310415267944,0.07131653279066086,1.62526273727417,0.1,22957568,57587712,0.020253543043509126,0.9143577856775793
3797,1.6419711112976074,0.06932616233825684,1.648903727531433,0.1,22957568,57587712,0.020005419035442173,0.8657585970963453
3798,1.6499922275543213,0.07031284272670746,1.657023549079895,0.1,22957568,57587712,0.02018844202393666,0.828337855887331
3799,1.618633508682251,0.06991716474294662,1.6256252527236938,0.1,22957568,57587712,0.021214840991888195,0.7784918528901199
3800,1.6602329015731812,0.07013766467571259,1.667246699333191,0.1,22957568,57587712,0.024620098993182182,0.9268720560058649
3801,1.530924916267395,0.0718102902173996,1.5381059646606445,0.1,22957568,57587712,0.024120634014252573,0.7663203784779006
3802,1.6313207149505615,0.06973570585250854,1.6382943391799927,0.1,22957568,57587712,0.021210353006608784,0.8381893562239839
3803,1.5531129837036133,0.07006178796291351,1.5601191520690918,0.1,22957568,57587712,0.021376863995101303,0.8328107567104887
3804,1.604520559310913,0.07058382034301758,1.6115789413452148,0.1,22957568,57587712,0.021530410973355174,0.9949531179733311
3805,1.5955911874771118,0.072129026055336,1.6028040647506714,0.1,22957568,57587712,0.022208228998351842,0.8678043707719298
3806,1.6352343559265137,0.07089970260858536,1.6423243284225464,0.1,22957568,57587712,0.020623766002245247,0.8599845293479709
3807,1.6482658386230469,0.06886085867881775,1.6551519632339478,0.1,22957568,57587712,0.020726818998809904,0.8326472124457497
3808,1.498666524887085,0.07020740211009979,1.5056872367858887,0.1,22957568,57587712,0.020769267983268946,0.8446196364470799
3809,1.661024808883667,0.06765111535787582,1.6677899360656738,0.1,22957568,57587712,0.02068652299931273,0.8170282141799777
3810,1.612064242362976,0.06821674108505249,1.61888587474823,0.1,22957568,57587712,0.020709865959361196,0.860159564038257
3811,1.555299162864685,0.06935141980648041,1.5622342824935913,0.1,22957568,57587712,0.02061265503289178,0.7831017251010854
3812,1.6142569780349731,0.06732623279094696,1.6209895610809326,0.1,22957568,57587712,0.020320648967754096,0.8028861101330056
3813,1.5771044492721558,0.06925070285797119,1.5840295553207397,0.1,22957568,57587712,0.020710638025775552,0.7751174472360047
3814,1.5619702339172363,0.06892921775579453,1.5688631534576416,0.1,22957568,57587712,0.020353691012132913,0.8242239834247983
3815,1.583508849143982,0.06924355775117874,1.5904332399368286,0.1,22957568,57587712,0.020418831962160766,0.8114761987985977
3816,1.6031290292739868,0.06966830044984818,1.6100958585739136,0.1,22957568,57587712,0.021284501010086387,0.9037119763718411
3817,1.6171823740005493,0.0700712502002716,1.6241894960403442,0.1,22957568,57587712,0.021450371015816927,0.7943836955760065
3818,1.5720534324645996,0.06889218091964722,1.5789426565170288,0.1,22957568,57587712,0.02243639499647543,0.7710095293276812
3819,1.5753895044326782,0.07031576335430145,1.582421064376831,0.1,22957568,57587712,0.020712050958536565,0.8643760346805925
3820,1.6303527355194092,0.07092860341072083,1.6374455690383911,0.1,22957568,57587712,0.02167707495391369,0.8485218621881735
3821,1.5905508995056152,0.06982792168855667,1.5975337028503418,0.1,22957568,57587712,0.020502618979662657,0.8088980211285833
3822,1.6422439813613892,0.06836755573749542,1.649080753326416,0.1,22957568,57587712,0.02042199799325317,0.8055134560509527
3823,1.508146047592163,0.07054349035024643,1.5152003765106201,0.1,22957568,57587712,0.02035972202429548,0.7727282501519533
3824,1.6373742818832397,0.06979817897081375,1.6443541049957275,0.1,22957568,57587712,0.02022366801975295,0.8694358848968375
3825,1.6179468631744385,0.07024101167917252,1.6249709129333496,0.1,22957568,57587712,0.02026867202948779,0.8165500521227296
3826,1.5791467428207397,0.06905321031808853,1.5860520601272583,0.1,22957568,57587712,0.02027029503369704,0.7305446499323229
3827,1.5738765001296997,0.0691235139966011,1.5807888507843018,0.1,22957568,57587712,0.02028379001421854,0.8443907030170846
3828,1.6214308738708496,0.07009083032608032,1.6284399032592773,0.1,22957568,57587712,0.02011155796935782,0.7667828971541281
3829,1.568434715270996,0.07050210237503052,1.5754848718643188,0.1,22957568,57587712,0.020115866034757346,0.7858381682495756
3830,1.5842154026031494,0.06798845529556274,1.5910142660140991,0.1,22957568,57587712,0.020070271042641252,0.762790764329197
3831,1.6397254467010498,0.06999137997627258,1.6467245817184448,0.1,22957568,57587712,0.02013476105639711,0.9488224829615929
3832,1.666503667831421,0.06960281729698181,1.6734639406204224,0.1,22957568,57587712,0.020257389987818897,0.8777415366479057
3833,1.5911533832550049,0.068367138504982,1.5979901552200317,0.1,22957568,57587712,0.020121796987950802,0.8864780318831834
3834,1.630252718925476,0.06888504326343536,1.637141227722168,0.1,22957568,57587712,0.020158817002084106,0.8958472339368675
3835,1.5381741523742676,0.06944587081670761,1.5451186895370483,0.1,22957568,57587712,0.0210777850006707,0.7525544604575816
3836,1.574447751045227,0.06734047830104828,1.5811817646026611,0.1,22957568,57587712,0.02010193996829912,0.7582294005222724
3837,1.5991889238357544,0.07087928056716919,1.6062768697738647,0.1,22957568,57587712,0.020466710964683443,0.8791211873400003
3838,1.6545544862747192,0.06889364868402481,1.661443829536438,0.1,22957568,57587712,0.020163946028333157,0.8552117622230271
3839,1.5643839836120605,0.0702921450138092,1.5714131593704224,0.1,22957568,57587712,0.020159748033620417,0.8392973971413389
3840,1.5422472953796387,0.06798508763313293,1.5490458011627197,0.1,22957568,57587712,0.020226111984811723,0.8441262618240198
3841,1.636620283126831,0.0685616135597229,1.6434764862060547,0.1,22957568,57587712,0.020020066993311048,0.8224593614535205
3842,1.6343976259231567,0.0682080015540123,1.6412184238433838,0.1,22957568,57587712,0.020185275003314018,0.9976120592590384
3843,1.621693730354309,0.06905733793973923,1.6285994052886963,0.1,22957568,57587712,0.020204411004669964,0.8526253963271003
3844,1.640708327293396,0.06783818453550339,1.6474921703338623,0.1,22957568,57587712,0.02013533201534301,0.884465269477784
3845,1.5724180936813354,0.07079385221004486,1.5794974565505981,0.1,22957568,57587712,0.020110395969823003,0.7866834008162699
3846,1.6079202890396118,0.06982849538326263,1.6149030923843384,0.1,22957568,57587712,0.020239547011442482,0.8099062285923724
3847,1.6285229921340942,0.07092221826314926,1.6356152296066284,0.1,22957568,57587712,0.020104816008824855,0.8643219846201566
3848,1.602642297744751,0.06999669969081879,1.6096419095993042,0.1,22957568,57587712,0.020196035970002413,0.8907636717871433
3849,1.6281248331069946,0.06940475106239319,1.6350653171539307,0.1,22957568,57587712,0.020414685015566647,0.8349824598149985
3850,1.5515297651290894,0.07008830457925797,1.558538556098938,0.1,22957568,57587712,0.020746465015690774,0.981213591467479
3851,1.6610594987869263,0.0704781711101532,1.668107271194458,0.1,22957568,57587712,0.02013859897851944,0.9007847466582782
3852,1.6272164583206177,0.0695670023560524,1.6341731548309326,0.1,22957568,57587712,0.020190025039482862,0.9003036016172695
3853,1.6027796268463135,0.06975037604570389,1.6097546815872192,0.1,22957568,57587712,0.02066213800571859,0.8300758201027173
3854,1.6413666009902954,0.0681009590625763,1.648176670074463,0.1,22957568,57587712,0.020619879011064768,0.8320018177359806
3855,1.6476608514785767,0.06857231259346008,1.6545181274414062,0.1,22957568,57587712,0.020345736003946513,0.8490974104875345
3856,1.6777069568634033,0.0679222047328949,1.6844991445541382,0.1,22957568,57587712,0.02020753698889166,0.8189435447793457
3857,1.5649709701538086,0.0707894116640091,1.572049856185913,0.1,22957568,57587712,0.020110326004214585,0.7466958909945937
3858,1.5929738283157349,0.06835685670375824,1.5998095273971558,0.1,22957568,57587712,0.020104725030250847,0.786439606315553
3859,1.6126000881195068,0.07005596160888672,1.6196056604385376,0.1,22957568,57587712,0.020231210975907743,0.8987765467402659
3860,1.5983877182006836,0.0701739639043808,1.6054050922393799,0.1,22957568,57587712,0.020097892032936215,0.8392010476986299
3861,1.6329412460327148,0.06976494193077087,1.6399177312850952,0.1,22957568,57587712,0.020425294991582632,0.8327674797486048
3862,1.6125632524490356,0.06979165971279144,1.6195423603057861,0.1,22957568,57587712,0.020205995009746403,0.8259131126958823
3863,1.6226685047149658,0.06900375336408615,1.6295689344406128,0.1,22957568,57587712,0.020013144006952643,0.7892777250857227
3864,1.605966567993164,0.06786070764064789,1.6127526760101318,0.1,22957568,57587712,0.020005871017929167,0.7390368092896141
3865,1.6368459463119507,0.0670022964477539,1.643546223640442,0.1,22957568,57587712,0.020889694045763463,0.7831680263213171
3866,1.648093819618225,0.07022219896316528,1.655116081237793,0.1,22957568,57587712,0.020145471033174545,0.8688860984003599
3867,1.5906503200531006,0.06878930330276489,1.5975292921066284,0.1,22957568,57587712,0.019990761997178197,0.8463964206876021
3868,1.5957019329071045,0.06856826692819595,1.6025587320327759,0.1,22957568,57587712,0.020159085979685187,0.7402460721815081
3869,1.5856060981750488,0.06859011203050613,1.5924651622772217,0.1,22957568,57587712,0.020166190981399268,0.7716013302250276
3870,1.5855145454406738,0.06799931824207306,1.5923144817352295,0.1,22957568,57587712,0.01998925005318597,0.8277316867094212
3871,1.6098883152008057,0.0689380019903183,1.6167820692062378,0.1,22957568,57587712,0.02023086097324267,0.8426268069787641
3872,1.6034858226776123,0.0692170113325119,1.6104074716567993,0.1,22957568,57587712,0.020022021024487913,0.909461902999059
3873,1.61573326587677,0.06968938559293747,1.6227022409439087,0.1,22957568,57587712,0.02014914801111445,0.8170536198302386
3874,1.583879828453064,0.0704236701130867,1.590922236442566,0.1,22957568,57587712,0.020116117026191205,0.8597533502690554
3875,1.6098612546920776,0.06977313756942749,1.6168385744094849,0.1,22957568,57587712,0.01999759499449283,0.9021345490701828
3876,1.5770734548568726,0.07131729274988174,1.584205150604248,0.1,22957568,57587712,0.020200293976813555,0.8054405800216642
3877,1.6063941717147827,0.07041357457637787,1.6134355068206787,0.1,22957568,57587712,0.02001923497300595,0.9543130974321161
3878,1.5884209871292114,0.06930992007255554,1.5953519344329834,0.1,22957568,57587712,0.02020078495843336,1.0460373065048987
3879,1.5339499711990356,0.07057534158229828,1.5410075187683105,0.1,22957568,57587712,0.02010120899649337,0.8974223658342048
3880,1.6000947952270508,0.0693218931555748,1.6070269346237183,0.1,22957568,57587712,0.020786801003850996,1.0347609362723489
3881,1.6072407960891724,0.0684886947274208,1.6140896081924438,0.1,22957568,57587712,0.020041526993736625,0.9423536718173104
3882,1.6265512704849243,0.06873209774494171,1.6334245204925537,0.1,22957568,57587712,0.020133770012762398,0.795602017531156
3883,1.6453018188476562,0.06950841844081879,1.6522526741027832,0.1,22957568,57587712,0.020188081020023674,0.9486688579177043
3884,1.6259574890136719,0.06855209916830063,1.632812738418579,0.1,22957568,57587712,0.020299108000472188,0.9044145038907323
3885,1.5566657781600952,0.06904751807451248,1.563570499420166,0.1,22957568,57587712,0.0201628030044958,0.878531281003699
3886,1.5887703895568848,0.06766664981842041,1.5955370664596558,0.1,22957568,57587712,0.022291273984592408,0.8353843567638549
3887,1.6106884479522705,0.06784723699092865,1.6174731254577637,0.1,22957568,57587712,0.021645836997777224,0.8155518458589313
3888,1.5809329748153687,0.06848780810832977,1.5877817869186401,0.1,22957568,57587712,0.02167292794911191,0.9768177859000153
3889,1.6070852279663086,0.06807874143123627,1.6138931512832642,0.1,22957568,57587712,0.023697604017797858,0.8152324997199079
3890,1.5891902446746826,0.06963083893060684,1.5961533784866333,0.1,22957568,57587712,0.025055352016352117,0.753246792770751
3891,1.6246403455734253,0.0693284273147583,1.63157320022583,0.1,22957568,57587712,0.024065310950390995,0.8667874777459704
3892,1.7048333883285522,0.07001331448554993,1.7118346691131592,0.1,22957568,57587712,0.02395807101856917,0.8895740739010387
3893,1.5984857082366943,0.07048292458057404,1.6055339574813843,0.1,22957568,57587712,0.022744541987776756,0.8245479325625095
3894,1.6055080890655518,0.06764896214008331,1.6122729778289795,0.1,22957568,57587712,0.024303367012180388,0.7826076830101354
3895,1.6388005018234253,0.06786100566387177,1.645586609840393,0.1,22957568,57587712,0.023083955980837345,0.9169491572689116
3896,1.5645222663879395,0.06979280710220337,1.5715014934539795,0.1,22957568,57587712,0.024134972016327083,0.9370448212928817
3897,1.6316115856170654,0.0680680125951767,1.638418436050415,0.1,22957568,57587712,0.02454147202661261,0.8683458000647459
3898,1.5819259881973267,0.0694589763879776,1.5888718366622925,0.1,22957568,57587712,0.024265185988042504,0.8359609945361034
3899,1.61397385597229,0.06875322014093399,1.6208491325378418,0.1,22957568,57587712,0.021210042003076524,0.8907839789624098
3900,1.5992379188537598,0.06937956064939499,1.6061758995056152,0.1,22957568,57587712,0.022917906986549497,0.9549975597995476
3901,1.5956193208694458,0.06948910653591156,1.60256826877594,0.1,22957568,57587712,0.02346230502007529,0.8829557477874141
3902,1.5556080341339111,0.0687367171049118,1.5624817609786987,0.1,22957568,57587712,0.020992535981349647,0.9389906908105278
3903,1.5579866170883179,0.06962930411100388,1.5649495124816895,0.1,22957568,57587712,0.020596205024048686,0.8861120932937263
3904,1.622370719909668,0.07010090351104736,1.6293808221817017,0.1,22957568,57587712,0.020683257025666535,0.8357103567125006
3905,1.580034613609314,0.0705847516655922,1.5870931148529053,0.1,22957568,57587712,0.020280664029996842,0.9841293615613336
3906,1.630732536315918,0.07096686214208603,1.6378291845321655,0.1,22957568,57587712,0.0206614569760859,0.7842958699832884
3907,1.5930309295654297,0.07044769823551178,1.6000757217407227,0.1,22957568,57587712,0.02046985802007839,0.796433843187086
3908,1.5904189348220825,0.06992927193641663,1.597411870956421,0.1,22957568,57587712,0.02040532696992159,0.7866799193924001
3909,1.569161057472229,0.07032358646392822,1.5761934518814087,0.1,22957568,57587712,0.020506998000200838,0.8724697121686
3910,1.6278072595596313,0.06968101114034653,1.6347754001617432,0.1,22957568,57587712,0.020450842974241823,0.9191902058054969
3911,1.6084734201431274,0.06916750222444534,1.6153901815414429,0.1,22957568,57587712,0.02043955202680081,0.8235113813891518
3912,1.5685361623764038,0.07008889317512512,1.575545072555542,0.1,22957568,57587712,0.020349191967397928,0.772362678268408
3913,1.5715535879135132,0.07181695103645325,1.5787352323532104,0.1,22957568,57587712,0.020422540022991598,0.8594563143042147
3914,1.534071922302246,0.07091117650270462,1.5411630868911743,0.1,22957568,57587712,0.02029901900095865,0.8383324772854162
3915,1.5860893726348877,0.06959732621908188,1.5930490493774414,0.1,22957568,57587712,0.020839219039771706,0.7942619454544586
3916,1.7161747217178345,0.0680435299873352,1.7229790687561035,0.1,22957568,57587712,0.021537855034694076,0.8801743852975974
3917,1.6108571290969849,0.06827420741319656,1.6176846027374268,0.1,22957568,57587712,0.02141372300684452,0.7667085183642438
3918,1.5424422025680542,0.0680529847741127,1.5492475032806396,0.1,22957568,57587712,0.020695980987511575,0.7947142012988581
3919,1.6040009260177612,0.07066802680492401,1.611067771911621,0.1,22957568,57587712,0.020607906975783408,0.8635855748359559
3920,1.540329933166504,0.07000783830881119,1.5473307371139526,0.1,22957568,57587712,0.02067775698378682,0.7612165927941311
3921,1.674353837966919,0.06894399225711823,1.6812481880187988,0.1,22957568,57587712,0.02077222301159054,0.9295270999406205
3922,1.6002061367034912,0.0670580193400383,1.6069118976593018,0.1,22957568,57587712,0.020767294976394624,0.8582503152643011
3923,1.5222570896148682,0.07024741172790527,1.5292818546295166,0.1,22957568,57587712,0.020518169039860368,0.8119223849049921
3924,1.6183416843414307,0.06832002103328705,1.6251736879348755,0.1,22957568,57587712,0.020219461002852768,0.7772009787009014
3925,1.6469587087631226,0.0684676468372345,1.6538054943084717,0.1,22957568,57587712,0.020372355997096747,0.7743329912418251
3926,1.6043429374694824,0.06872022151947021,1.6112149953842163,0.1,22957568,57587712,0.02016215299954638,0.9076602275315644
3927,1.5804522037506104,0.06876221299171448,1.5873284339904785,0.1,22957568,57587712,0.02019750903127715,0.8813360316412752
3928,1.611033320426941,0.0690661147236824,1.6179399490356445,0.1,22957568,57587712,0.020314997993409634,0.8632543060887404
3929,1.612468957901001,0.0695631206035614,1.6194252967834473,0.1,22957568,57587712,0.02026943303644657,0.8626641308420652
3930,1.6035658121109009,0.06951464712619781,1.6105172634124756,0.1,22957568,57587712,0.020986023999284953,0.8915710180727517
3931,1.5819185972213745,0.06974712014198303,1.5888932943344116,0.1,22957568,57587712,0.02035926200915128,0.8170654967826615
3932,1.5844731330871582,0.0706142708659172,1.5915346145629883,0.1,22957568,57587712,0.020151272998191416,0.7836138851827291
3933,1.5489003658294678,0.07027687877416611,1.555928111076355,0.1,22957568,57587712,0.020265366008970886,0.877402859698138
3934,1.6046037673950195,0.06855601072311401,1.6114593744277954,0.1,22957568,57587712,0.020041937998030335,0.874336876672039
3935,1.5295391082763672,0.06996911764144897,1.5365359783172607,0.1,22957568,57587712,0.020246310043148696,0.7456768296405716
3936,1.5936775207519531,0.0696556568145752,1.6006430387496948,0.1,22957568,57587712,0.020230250025633723,0.7965498178609963
3937,1.5718777179718018,0.06974382698535919,1.5788520574569702,0.1,22957568,57587712,0.020213929004967213,0.7765099311942226
3938,1.5749244689941406,0.069198377430439,1.5818443298339844,0.1,22957568,57587712,0.02034899196587503,0.8474165469987317
3939,1.6532808542251587,0.0701638013124466,1.6602972745895386,0.1,22957568,57587712,0.020315349975135177,0.7981705343788063
3940,1.6877071857452393,0.06848954409360886,1.6945561170578003,0.1,22957568,57587712,0.020433010009583086,0.8270524039780001
3941,1.6174774169921875,0.07081719487905502,1.6245591640472412,0.1,22957568,57587712,0.020149460004176944,0.9438438019754595
3942,1.584793210029602,0.06922666728496552,1.591715931892395,0.1,22957568,57587712,0.02042221900774166,0.8590982107804983
3943,1.5447872877120972,0.06877774000167847,1.5516650676727295,0.1,22957568,57587712,0.020290502987336367,0.8300279214259413
3944,1.5863996744155884,0.06858004629611969,1.5932576656341553,0.1,22957568,57587712,0.020221854036208242,0.7874246861298815
3945,1.6141700744628906,0.07004748284816742,1.6211748123168945,0.1,22957568,57587712,0.021056605968624353,0.8083809154108752
3946,1.5511665344238281,0.07006322592496872,1.5581728219985962,0.1,22957568,57587712,0.020094486011657864,0.7822379133818339
3947,1.493727207183838,0.06972122192382812,1.5006992816925049,0.1,22957568,57587712,0.020384798990562558,0.7532935378638517
3948,1.6558358669281006,0.0697573646903038,1.6628116369247437,0.1,22957568,57587712,0.020447566988877952,0.8064486704778039
3949,1.6007810831069946,0.06893935054540634,1.6076750755310059,0.1,22957568,57587712,0.020265076018404216,0.8302812772804222
3950,1.6434146165847778,0.06999269872903824,1.6504138708114624,0.1,22957568,57587712,0.020310120016802102,0.8386296547569686
3951,1.5321580171585083,0.0712067186832428,1.5392787456512451,0.1,22957568,57587712,0.020239648001734167,0.8001002731642599
3952,1.6085017919540405,0.06959601491689682,1.6154613494873047,0.1,22957568,57587712,0.020310439984314144,0.8633732389852339
3953,1.5865696668624878,0.0683344304561615,1.5934031009674072,0.1,22957568,57587712,0.020323986012954265,0.8398996227656849
3954,1.635083556175232,0.06688641756772995,1.6417721509933472,0.1,22957568,57587712,0.020092191989533603,0.779865248005708
3955,1.5571753978729248,0.0684579610824585,1.5640212297439575,0.1,22957568,57587712,0.020245990017428994,0.918717839743751
3956,1.6310431957244873,0.06657688319683075,1.6377009153366089,0.1,22957568,57587712,0.02014943998074159,0.9475075521184632
3957,1.6149564981460571,0.06690201163291931,1.6216466426849365,0.1,22957568,57587712,0.02021265699295327,0.7955021209827682
3958,1.66053307056427,0.06798529624938965,1.667331576347351,0.1,22957568,57587712,0.020346718025393784,0.8194151385831434
3959,1.617018461227417,0.06878475099802017,1.6238969564437866,0.1,22957568,57587712,0.020396721025463194,0.8686497308580278
3960,1.5944560766220093,0.07026582956314087,1.601482629776001,0.1,22957568,57587712,0.020924799027852714,0.7692942301676517
3961,1.5879136323928833,0.07027097046375275,1.5949407815933228,0.1,22957568,57587712,0.0202036410337314,0.8557973853649566
3962,1.6147798299789429,0.06942816823720932,1.62172269821167,0.1,22957568,57587712,0.020369911973830312,0.9090212337906421
3963,1.6266589164733887,0.06882078945636749,1.6335409879684448,0.1,22957568,57587712,0.020173844997771084,1.037295974890818
3964,1.6151231527328491,0.07016204297542572,1.62213933467865,0.1,22957568,57587712,0.020325828983914107,0.8617301050916348
3965,1.5453747510910034,0.07258216291666031,1.5526329278945923,0.1,22957568,57587712,0.020385090028867126,0.9599522853132275
3966,1.6798787117004395,0.07004927843809128,1.6868836879730225,0.1,22957568,57587712,0.02125330298440531,0.9074902643102998
3967,1.644424557685852,0.06947004050016403,1.6513715982437134,0.1,22957568,57587712,0.0204255249700509,0.8360960728047204
3968,1.5827959775924683,0.07042360305786133,1.5898383855819702,0.1,22957568,57587712,0.020360994967631996,0.8260090818820126
3969,1.597536325454712,0.0702693834900856,1.6045632362365723,0.1,22957568,57587712,0.020424202957656235,0.8888881307236767
3970,1.5482982397079468,0.06895072758197784,1.555193305015564,0.1,22957568,57587712,0.020423622045200318,0.8831020896779189
3971,1.5461399555206299,0.06996026635169983,1.5531359910964966,0.1,22957568,57587712,0.0202352799824439,0.7226965939137785
3972,1.558894157409668,0.06991645693778992,1.5658857822418213,0.1,22957568,57587712,0.020209982991218567,0.8116053061419433
3973,1.5863122940063477,0.07043496519327164,1.5933557748794556,0.1,22957568,57587712,0.020201005041599274,0.8534233791250289
3974,1.6740622520446777,0.06935334205627441,1.680997610092163,0.1,22957568,57587712,0.020347259007394314,0.8889401953338774
3975,1.6065300703048706,0.06837334483861923,1.6133674383163452,0.1,22957568,57587712,0.021014566998928785,0.8456859355185421
3976,1.6091864109039307,0.06814107298851013,1.6160005331039429,0.1,22957568,57587712,0.02027908101445064,0.7671891382159037
3977,1.62125825881958,0.06838083267211914,1.628096342086792,0.1,22957568,57587712,0.021426246967166662,0.8558131233567932
3978,1.6147371530532837,0.06662297248840332,1.6213994026184082,0.1,22957568,57587712,0.021006902970839292,0.9060661761835758
3979,1.5953036546707153,0.06899840384721756,1.6022034883499146,0.1,22957568,57587712,0.021622273023240268,0.8169548925461838
3980,1.5392247438430786,0.06918495148420334,1.5461432933807373,0.1,22957568,57587712,0.020875567046459764,0.8388306202075134
3981,1.542297124862671,0.06885746121406555,1.5491828918457031,0.1,22957568,57587712,0.020546571991872042,0.7761339232168137
3982,1.6752372980117798,0.06840838491916656,1.6820781230926514,0.1,22957568,57587712,0.02037928899517283,0.9807458225582802
3983,1.6249419450759888,0.06769686937332153,1.6317116022109985,0.1,22957568,57587712,0.020403233997058123,0.8764436562674888
3984,1.580796718597412,0.06697508692741394,1.5874942541122437,0.1,22957568,57587712,0.020761082996614277,0.9864197165106782
3985,1.604505181312561,0.0687161311507225,1.6113767623901367,0.1,22957568,57587712,0.020335306995548308,0.8189509557439838
3986,1.5505231618881226,0.06932827085256577,1.5574560165405273,0.1,22957568,57587712,0.020453868026379496,0.8092369325896566
3987,1.6648436784744263,0.06930958479642868,1.6717746257781982,0.1,22957568,57587712,0.020354032050818205,0.8973669823739414
3988,1.6070821285247803,0.06872552633285522,1.6139546632766724,0.1,22957568,57587712,0.0204084639553912,0.8570998861213169
3989,1.5168311595916748,0.06977404654026031,1.5238085985183716,0.1,22957568,57587712,0.02026427403325215,0.7810166326306265
3990,1.6229974031448364,0.06957022845745087,1.62995445728302,0.1,22957568,57587712,0.021052598021924496,0.7905745159766433
3991,1.5847221612930298,0.06875064969062805,1.5915971994400024,0.1,22957568,57587712,0.020302926015574485,0.9839097420983927
3992,1.5528924465179443,0.06922894716262817,1.5598152875900269,0.1,22957568,57587712,0.02015294600278139,0.8199798414872768
3993,1.5880370140075684,0.07010486721992493,1.5950474739074707,0.1,22957568,57587712,0.02028353000059724,0.8580337360197579
3994,1.6132124662399292,0.0689794272184372,1.6201103925704956,0.1,22957568,57587712,0.02027502399869263,0.7775609189244648
3995,1.5922151803970337,0.06864935159683228,1.5990800857543945,0.1,22957568,57587712,0.019965604995377362,0.7968598773601104
3996,1.5441854000091553,0.0689893513917923,1.551084280014038,0.1,22957568,57587712,0.020225801970809698,0.717560615369971
3997,1.54530930519104,0.06905598938465118,1.5522148609161377,0.1,22957568,57587712,0.02022102300543338,0.7647156895062754
3998,1.6120680570602417,0.06869536638259888,1.618937611579895,0.1,22957568,57587712,0.020270315988454968,0.8640862627018611
3999,1.597032904624939,0.06954915821552277,1.6039878129959106,0.1,22957568,57587712,0.02019527502125129,0.8781314515142459
4000,1.5703891515731812,0.06959781050682068,1.5773489475250244,0.1,22957568,57587712,0.0230785469757393,0.8708342661904938
4001,1.540234923362732,0.06850463151931763,1.5470854043960571,0.1,22957568,57587712,0.021635217999573797,0.797701553810991
4002,1.6425963640213013,0.06900660693645477,1.6494970321655273,0.1,22957568,57587712,0.021079679019749165,0.8000535396700422
4003,1.5764095783233643,0.0687754899263382,1.5832871198654175,0.1,22957568,57587712,0.02075318800052628,0.8496007825016836
4004,1.6224594116210938,0.06922049075365067,1.6293814182281494,0.1,22957568,57587712,0.020498221972957253,0.7726104148680535
4005,1.588765263557434,0.06854847818613052,1.5956201553344727,0.1,22957568,57587712,0.020557022013235837,0.8096573823038582
4006,1.678847312927246,0.06834419816732407,1.685681700706482,0.1,22957568,57587712,0.02050084702204913,0.8773730366358822
4007,1.6030044555664062,0.06843559443950653,1.6098480224609375,0.1,22957568,57587712,0.0203023049980402,0.8254103301185259
4008,1.5924396514892578,0.06932133436203003,1.5993717908859253,0.1,22957568,57587712,0.020698365988209844,0.8361001521973511
4009,1.5721648931503296,0.06973188370466232,1.5791380405426025,0.1,22957568,57587712,0.0207911700126715,0.7641148330860358
4010,1.6128208637237549,0.07108371704816818,1.6199291944503784,0.1,22957568,57587712,0.020477142999880016,0.9403773705590931
4011,1.5935535430908203,0.06925314664840698,1.6004788875579834,0.1,22957568,57587712,0.02017261297442019,0.8364479440023193
4012,1.5440796613693237,0.07162974774837494,1.5512425899505615,0.1,22957568,57587712,0.020296444999985397,0.791380532449134
4013,1.6434295177459717,0.06960390508174896,1.6503899097442627,0.1,22957568,57587712,0.020461011969018728,0.8001996506832665
4014,1.6127583980560303,0.06792672723531723,1.6195510625839233,0.1,22957568,57587712,0.02022266696440056,0.846160998091438
4015,1.5965521335601807,0.06861218065023422,1.6034133434295654,0.1,22957568,57587712,0.02036706596845761,0.9277316033328213
4016,1.538179874420166,0.06900936365127563,1.5450807809829712,0.1,22957568,57587712,0.020198511017952114,0.7902346715680401
4017,1.5305185317993164,0.06898413598537445,1.537416934967041,0.1,22957568,57587712,0.02054173400392756,0.8150005838889651
4018,1.5958127975463867,0.06940017640590668,1.6027528047561646,0.1,22957568,57587712,0.020304951001890004,0.8742515948460955
4019,1.661025881767273,0.06998822093009949,1.6680246591567993,0.1,22957568,57587712,0.020201796956826,0.8847262423774718
4020,1.6036124229431152,0.07028071582317352,1.610640525817871,0.1,22957568,57587712,0.020468475995585322,0.7824563087963421
4021,1.577579140663147,0.0696156695485115,1.5845407247543335,0.1,22957568,57587712,0.020191908988635987,0.8195896457065944
4022,1.5501058101654053,0.06951338052749634,1.5570571422576904,0.1,22957568,57587712,0.020286165992729366,0.8300076485615906
4023,1.6298073530197144,0.07014203816652298,1.6368215084075928,0.1,22957568,57587712,0.020426758041139692,0.8035967862905787
4024,1.6560050249099731,0.06948889791965485,1.6629539728164673,0.1,22957568,57587712,0.020246781990863383,0.8332384399718378
4025,1.622267723083496,0.06925272941589355,1.6291929483413696,0.1,22957568,57587712,0.02150858100503683,0.945866162216033
4026,1.6462863683700562,0.06870541721582413,1.6531568765640259,0.1,22957568,57587712,0.02060248696943745,0.8041977812254616
4027,1.6164038181304932,0.07057098299264908,1.6234608888626099,0.1,22957568,57587712,0.02038869698299095,0.9000275720683579
4028,1.5265449285507202,0.07081084698438644,1.5336259603500366,0.1,22957568,57587712,0.020296144008170813,0.7791283348278238
4029,1.642232060432434,0.06994663178920746,1.6492266654968262,0.1,22957568,57587712,0.020574735011905432,0.8674872702064668
4030,1.6031337976455688,0.07022552937269211,1.6101562976837158,0.1,22957568,57587712,0.021684109000489116,0.8202491010387294
4031,1.6230523586273193,0.06767095625400543,1.6298195123672485,0.1,22957568,57587712,0.02195427502738312,0.8428822864663296
4032,1.6245509386062622,0.0697932094335556,1.6315302848815918,0.1,22957568,57587712,0.02069580100942403,0.8041307186326724
4033,1.5719151496887207,0.06938908249139786,1.5788540840148926,0.1,22957568,57587712,0.020614079025108367,0.7682542716370802
4034,1.5752655267715454,0.06955350935459137,1.5822209119796753,0.1,22957568,57587712,0.020384479023050517,0.8318148744066436
4035,1.6273221969604492,0.06961657106876373,1.6342839002609253,0.1,22957568,57587712,0.020590032974723727,0.8005048130855916
4036,1.5914267301559448,0.07038860023021698,1.5984655618667603,0.1,22957568,57587712,0.021455922978930175,0.8741115848782708
4037,1.520349144935608,0.06914713978767395,1.527263879776001,0.1,22957568,57587712,0.0234086150303483,0.8590512956938411
4038,1.6043658256530762,0.06759802252054214,1.6111255884170532,0.1,22957568,57587712,0.020811828027945012,0.818898233574162
4039,1.5822604894638062,0.0689534842967987,1.5891557931900024,0.1,22957568,57587712,0.0204814100288786,0.7728614428673632
4040,1.537917137145996,0.07070399075746536,1.5449875593185425,0.1,22957568,57587712,0.021171069995034486,0.8421280943725262
4041,1.6061357259750366,0.07045605778694153,1.6131813526153564,0.1,22957568,57587712,0.02045963000273332,0.7572748152160912
4042,1.6807185411453247,0.06946873664855957,1.6876654624938965,0.1,22957568,57587712,0.02041052799904719,0.8659397169540667
4043,1.6462982892990112,0.0688612088561058,1.653184413909912,0.1,22957568,57587712,0.02036556403618306,0.7802984352801294
4044,1.5616792440414429,0.06991903483867645,1.5686711072921753,0.1,22957568,57587712,0.020469869021326303,0.7504606575225787
4045,1.6042920351028442,0.068977952003479,1.611189842224121,0.1,22957568,57587712,0.02030566200846806,0.8733026439938611
4046,1.559016227722168,0.06963394582271576,1.5659795999526978,0.1,22957568,57587712,0.020464749017264694,0.7815005991460898
4047,1.573270320892334,0.0694587305188179,1.5802161693572998,0.1,22957568,57587712,0.020150641968939453,0.8366450484365642
4048,1.5444270372390747,0.06989441812038422,1.5514165163040161,0.1,22957568,57587712,0.020406791009008884,0.8391363873418506
4049,1.602173089981079,0.06977446377277374,1.6091505289077759,0.1,22957568,57587712,0.020355515007395297,0.8045313492345793
4050,1.6047159433364868,0.07069908082485199,1.611785888671875,0.1,22957568,57587712,0.020191618998069316,0.866624637856962
4051,1.525209903717041,0.06995321065187454,1.5322052240371704,0.1,22957568,57587712,0.02049482596339658,0.8548315883789769
4052,1.5902938842773438,0.06926697492599487,1.597220540046692,0.1,22957568,57587712,0.020184434950351715,0.7787537421481721
4053,1.558462381362915,0.06818675994873047,1.5652810335159302,0.1,22957568,57587712,0.020262642006855458,0.8552224993118214
4054,1.5690302848815918,0.06868205219507217,1.57589852809906,0.1,22957568,57587712,0.020313055021688342,0.7653547220448139
4055,1.5738565921783447,0.06932792067527771,1.58078932762146,0.1,22957568,57587712,0.020830193010624498,0.8433765458376944
4056,1.6089531183242798,0.06993826478719711,1.615946888923645,0.1,22957568,57587712,0.020350314967799932,0.8288083152083252
4057,1.60294508934021,0.07041316479444504,1.609986424446106,0.1,22957568,57587712,0.020404045993927866,0.8405732027430589
4058,1.5898869037628174,0.07059061527252197,1.5969460010528564,0.1,22957568,57587712,0.020286586019210517,0.8112561620865612
4059,1.6051216125488281,0.0706077367067337,1.612182378768921,0.1,22957568,57587712,0.020277729956433177,0.8384791801821718
4060,1.629119634628296,0.0693146139383316,1.636051058769226,0.1,22957568,57587712,0.020550669985823333,0.8659260899116524
4061,1.519819974899292,0.0715278834104538,1.526972770690918,0.1,22957568,57587712,0.020319077011663467,0.8149555426063487
4062,1.6463196277618408,0.07011881470680237,1.6533315181732178,0.1,22957568,57587712,0.020497780991718173,0.8723761851961767
4063,1.6057651042938232,0.07061590999364853,1.6128267049789429,0.1,22957568,57587712,0.02037040301365778,0.8403373986986561
4064,1.6065999269485474,0.06921601295471191,1.6135215759277344,0.1,22957568,57587712,0.020071223960258067,0.7934825226742048
4065,1.543882966041565,0.0707922950387001,1.550962209701538,0.1,22957568,57587712,0.020363910996820778,0.9112040122576298
4066,1.6070510149002075,0.06773090362548828,1.6138241291046143,0.1,22957568,57587712,0.020324086013715714,0.7538193560705304
4067,1.620646357536316,0.06856558471918106,1.6275029182434082,0.1,22957568,57587712,0.020137948042247444,0.802200108019954
4068,1.6100215911865234,0.06809425354003906,1.6168310642242432,0.1,22957568,57587712,0.020307194034103304,0.8860904561410564
4069,1.6108287572860718,0.0695699155330658,1.6177856922149658,0.1,22957568,57587712,0.020054051012266427,0.8733727952756314
4070,1.5389161109924316,0.06948798149824142,1.5458649396896362,0.1,22957568,57587712,0.021008815965615213,0.7271279991899238
4071,1.577249526977539,0.06750386208295822,1.5839998722076416,0.1,22957568,57587712,0.020272328983992338,0.7666413335407611
4072,1.58954918384552,0.06838222593069077,1.5963873863220215,0.1,22957568,57587712,0.020086252014152706,0.786785465678025
4073,1.5402666330337524,0.06915227323770523,1.5471818447113037,0.1,22957568,57587712,0.020319056988228112,0.841403581776828
4074,1.5921555757522583,0.06664593517780304,1.5988202095031738,0.1,22957568,57587712,0.020234549010638148,0.8094825169011398
4075,1.5900018215179443,0.06958574056625366,1.596960425376892,0.1,22957568,57587712,0.020296745002269745,0.9162807667704176
4076,1.620361328125,0.06776581704616547,1.6271378993988037,0.1,22957568,57587712,0.02036871004384011,0.808497452170319
4077,1.5648599863052368,0.06885263323783875,1.5717452764511108,0.1,22957568,57587712,0.0202380059636198,0.8307515995734256
4078,1.5848363637924194,0.0668899416923523,1.5915253162384033,0.1,22957568,57587712,0.02027683798223734,0.8910619641577635
4079,1.5202643871307373,0.06813599914312363,1.5270780324935913,0.1,22957568,57587712,0.020594833011273295,0.7640827889894364
4080,1.5611474514007568,0.0689443051815033,1.5680419206619263,0.1,22957568,57587712,0.02101924701128155,0.7842894283858127
4081,1.6768696308135986,0.06553469598293304,1.6834230422973633,0.1,22957568,57587712,0.020334144996013492,0.7610250478814115
4082,1.6100455522537231,0.06819690763950348,1.6168652772903442,0.1,22957568,57587712,0.020412271027453244,0.8419993878717221
4083,1.6135340929031372,0.06760238111019135,1.6202943325042725,0.1,22957568,57587712,0.0204482990084216,0.9616614177042271
4084,1.6559665203094482,0.06654428690671921,1.6626209020614624,0.1,22957568,57587712,0.02025026798946783,0.8451118205444388
4085,1.5915199518203735,0.06731848418712616,1.5982518196105957,0.1,22957568,57587712,0.02111526601947844,0.8513649859040863
4086,1.6315962076187134,0.06657431274652481,1.6382536888122559,0.1,22957568,57587712,0.020146163005847484,0.8711879983041733
4087,1.601259708404541,0.0685959905385971,1.608119249343872,0.1,22957568,57587712,0.020521394966635853,0.8664777816885256
4088,1.5897421836853027,0.06921380013227463,1.5966635942459106,0.1,22957568,57587712,0.020455871999729425,0.7990071257284092
4089,1.5678842067718506,0.06800653785467148,1.5746848583221436,0.1,22957568,57587712,0.020238155964761972,0.7699327704977433
4090,1.608601689338684,0.06750982999801636,1.6153526306152344,0.1,22957568,57587712,0.02038820699090138,0.8445523177836048
4091,1.581814169883728,0.0701669305562973,1.588830828666687,0.1,22957568,57587712,0.02035909198457375,0.780691348698463
4092,1.5013355016708374,0.06805770844221115,1.508141279220581,0.1,22957568,57587712,0.02040463697630912,0.7543661835777883
4093,1.5441908836364746,0.06773016601800919,1.5509638786315918,0.1,22957568,57587712,0.020250910019967705,0.8617115926645932
4094,1.6764063835144043,0.06803618371486664,1.683210015296936,0.1,22957568,57587712,0.020142967987339944,0.9018631292939062
4095,1.5550369024276733,0.06933464109897614,1.5619703531265259,0.1,22957568,57587712,0.020281176024582237,0.7457133718239348
4096,1.5324065685272217,0.06893683969974518,1.5393002033233643,0.1,22957568,57587712,0.020271118031814694,0.7465546572955529
4097,1.5892505645751953,0.06904906779527664,1.5961555242538452,0.1,22957568,57587712,0.020279904012568295,0.9519666440356953
4098,1.6252565383911133,0.06771747022867203,1.632028341293335,0.1,22957568,57587712,0.02021835802588612,0.8935688349738613
4099,1.6574848890304565,0.0681477040052414,1.6642996072769165,0.1,22957568,57587712,0.020233847957570106,0.877401560884098
4100,1.6103557348251343,0.06754365563392639,1.6171101331710815,0.1,22957568,57587712,0.024406250973697752,0.8495869502034932
4101,1.5567940473556519,0.0672617256641388,1.5635201930999756,0.1,22957568,57587712,0.023506817989982665,0.8683314029564027
4102,1.5743918418884277,0.06902697682380676,1.5812945365905762,0.1,22957568,57587712,0.0211745870183222,0.8854268735133763
4103,1.5815547704696655,0.06862351298332214,1.5884171724319458,0.1,22957568,57587712,0.020665155025199056,0.8148603213642837
4104,1.603508710861206,0.06734488904476166,1.6102432012557983,0.1,22957568,57587712,0.020620960975065827,0.8139179541481758
4105,1.6227717399597168,0.06859581917524338,1.6296312808990479,0.1,22957568,57587712,0.021367006993386894,0.7711995250923921
4106,1.5851439237594604,0.06816628575325012,1.5919605493545532,0.1,22957568,57587712,0.02091617399128154,0.6980375534417453
4107,1.577243447303772,0.0678730309009552,1.5840307474136353,0.1,22957568,57587712,0.02069051202852279,0.7941011888578068
4108,1.5851480960845947,0.06939798593521118,1.5920878648757935,0.1,22957568,57587712,0.02055723301600665,0.7898126355595491
4109,1.6325767040252686,0.06882371008396149,1.6394591331481934,0.1,22957568,57587712,0.02106473100138828,0.8818359392409441
4110,1.584551215171814,0.06860866397619247,1.59141206741333,0.1,22957568,57587712,0.020676034037023783,0.853008740185196
4111,1.5693410634994507,0.06666829437017441,1.5760078430175781,0.1,22957568,57587712,0.02041482605272904,0.958960721770405
4112,1.5519747734069824,0.06731954962015152,1.5587067604064941,0.1,22957568,57587712,0.02073480497347191,0.8528096482958969
4113,1.5730879306793213,0.0674891248345375,1.5798368453979492,0.1,22957568,57587712,0.020567622035741806,0.8229590962628928
4114,1.5869265794754028,0.06707996129989624,1.5936346054077148,0.1,22957568,57587712,0.020361597009468824,0.8180784951840525
4115,1.5805140733718872,0.0681796446442604,1.587332010269165,0.1,22957568,57587712,0.02010640996741131,0.8009163294179552
4116,1.6337765455245972,0.06709139794111252,1.6404856443405151,0.1,22957568,57587712,0.02027384302346036,0.9026995874612308
4117,1.5464491844177246,0.06896757334470749,1.5533459186553955,0.1,22957568,57587712,0.02040360600221902,0.9296746178255924
4118,1.6339094638824463,0.0675806775689125,1.6406675577163696,0.1,22957568,57587712,0.020284964004531503,0.8181309710327149
4119,1.6017976999282837,0.06717923283576965,1.6085156202316284,0.1,22957568,57587712,0.020366195996757597,0.9366506893473142
4120,1.6153812408447266,0.06765555590391159,1.6221468448638916,0.1,22957568,57587712,0.02092848694883287,0.856508996157553
4121,1.5867277383804321,0.06817068159580231,1.593544840812683,0.1,22957568,57587712,0.020374722022097558,0.854751847554131
4122,1.6402499675750732,0.0672340840101242,1.6469733715057373,0.1,22957568,57587712,0.020373659033793956,0.7792146603313805
4123,1.6144672632217407,0.06814144551753998,1.621281385421753,0.1,22957568,57587712,0.020096300984732807,0.8100467309017051
4124,1.5866791009902954,0.06832517683506012,1.5935115814208984,0.1,22957568,57587712,0.0203711039503105,0.8384311552528758
4125,1.6287544965744019,0.06897177547216415,1.635651707649231,0.1,22957568,57587712,0.02021846902789548,0.8797380028994588
4126,1.58341383934021,0.07185029238462448,1.5905988216400146,0.1,22957568,57587712,0.020323625998571515,0.8165936140867769
4127,1.551081895828247,0.07042843848466873,1.5581247806549072,0.1,22957568,57587712,0.02022084395866841,0.7801885592822163
4128,1.5727277994155884,0.0691620260477066,1.579643964767456,0.1,22957568,57587712,0.020238686993252486,0.8509271991715002
4129,1.612001657485962,0.06884104758501053,1.6188857555389404,0.1,22957568,57587712,0.020734534016810358,0.8384673140486796
4130,1.5655648708343506,0.0694129467010498,1.5725061893463135,0.1,22957568,57587712,0.020950056961737573,0.7667377059843242
4131,1.6481654644012451,0.06928794085979462,1.6550942659378052,0.1,22957568,57587712,0.020404167007654905,0.7762055937464116
4132,1.573794960975647,0.06988471001386642,1.580783486366272,0.1,22957568,57587712,0.02057683002203703,0.8024880303238583
4133,1.6068663597106934,0.0686570256948471,1.613732099533081,0.1,22957568,57587712,0.02039966796291992,0.7890210474861451
4134,1.6064614057540894,0.0694279819726944,1.6134041547775269,0.1,22957568,57587712,0.020726289018057287,0.8008003290105294
4135,1.5834417343139648,0.06846185773611069,1.5902879238128662,0.1,22957568,57587712,0.021442899014800787,0.7893648140618046
4136,1.5921950340270996,0.06739068031311035,1.5989340543746948,0.1,22957568,57587712,0.020595303969457746,0.7928551137778804
4137,1.6165127754211426,0.0683571845293045,1.6233484745025635,0.1,22957568,57587712,0.020327552978415042,0.7915595706368053
4138,1.568119764328003,0.0692320168018341,1.575042963027954,0.1,22957568,57587712,0.020539880031719804,0.8793157180168045
4139,1.5971704721450806,0.06745439767837524,1.6039159297943115,0.1,22957568,57587712,0.02027629700023681,0.7712181571985998
4140,1.5549811124801636,0.06799694150686264,1.5617808103561401,0.1,22957568,57587712,0.020427629991900176,0.7363316245017225
4141,1.6130517721176147,0.06898272037506104,1.6199500560760498,0.1,22957568,57587712,0.02063251397339627,0.8029004202737158
4142,1.6544311046600342,0.06707297265529633,1.6611384153366089,0.1,22957568,57587712,0.02048972697230056,0.8263949404921231
4143,1.531441330909729,0.06734742224216461,1.5381760597229004,0.1,22957568,57587712,0.021043171000201255,0.8174127111153096
4144,1.5101426839828491,0.06853867322206497,1.5169965028762817,0.1,22957568,57587712,0.021407943044323474,0.8022982137430678
4145,1.600380778312683,0.06858503073453903,1.6072392463684082,0.1,22957568,57587712,0.02118995605269447,0.7910718584934031
4146,1.5550754070281982,0.06920479238033295,1.5619958639144897,0.1,22957568,57587712,0.020490898983553052,0.7754359057637733
4147,1.5781127214431763,0.06954500079154968,1.5850672721862793,0.1,22957568,57587712,0.020530914014670998,0.8563041743771219
4148,1.6176966428756714,0.06856449693441391,1.6245530843734741,0.1,22957568,57587712,0.02070199401350692,0.819544564199763
4149,1.601228952407837,0.06896080821752548,1.60812509059906,0.1,22957568,57587712,0.02025150100234896,0.803502154284089
4150,1.5993849039077759,0.0682600736618042,1.6062109470367432,0.1,22957568,57587712,0.021177663002163172,0.8177350223654234
4151,1.5790492296218872,0.06831026077270508,1.5858802795410156,0.1,22957568,57587712,0.020575236005242914,0.8351773143130781
4152,1.6444333791732788,0.06861574947834015,1.6512949466705322,0.1,22957568,57587712,0.020222476974595338,0.7862170397077356
4153,1.5120418071746826,0.07068753242492676,1.5191105604171753,0.1,22957568,57587712,0.020490047987550497,0.8316659300346675
4154,1.6369684934616089,0.0673576295375824,1.6437042951583862,0.1,22957568,57587712,0.020245719992090017,0.8238959125978658
4155,1.5620924234390259,0.06834929436445236,1.5689274072647095,0.1,22957568,57587712,0.020417020947206765,0.8715587503665809
4156,1.5037435293197632,0.06982118636369705,1.5107256174087524,0.1,22957568,57587712,0.020696152991149575,0.8146806700278381
4157,1.5983679294586182,0.06694724410772324,1.6050626039505005,0.1,22957568,57587712,0.02187757199862972,0.7579503274318913
4158,1.555281639099121,0.06939691305160522,1.5622212886810303,0.1,22957568,57587712,0.023186979989986867,1.0170158157927778
4159,1.6097731590270996,0.06974923610687256,1.6167480945587158,0.1,22957568,57587712,0.02063013898441568,0.8613646694915191
4160,1.6320222616195679,0.06932458281517029,1.638954758644104,0.1,22957568,57587712,0.020695581973996013,0.8156241985943898
4161,1.5723118782043457,0.06711945682764053,1.579023838043213,0.1,22957568,57587712,0.020521916972938925,0.8607488045135546
4162,1.5747084617614746,0.0688609629869461,1.5815945863723755,0.1,22957568,57587712,0.020284513011574745,0.903173835983133
4163,1.5745733976364136,0.07000934332609177,1.5815743207931519,0.1,22957568,57587712,0.020272711000870913,0.7923485929031244
4164,1.613340973854065,0.06883886456489563,1.6202248334884644,0.1,22957568,57587712,0.0202909650397487,0.8393036883655849
4165,1.5969775915145874,0.06932217627763748,1.6039098501205444,0.1,22957568,57587712,0.02111643902026117,0.7934758433165972
4166,1.6221126317977905,0.06852748990058899,1.6289653778076172,0.1,22957568,57587712,0.020116138039156795,0.8527666486317005
4167,1.5514990091323853,0.06884884089231491,1.5583839416503906,0.1,22957568,57587712,0.020387877011671662,0.8408004294170791
4168,1.6447899341583252,0.06721693277359009,1.6515116691589355,0.1,22957568,57587712,0.020059351983945817,0.7384655278944827
4169,1.5214401483535767,0.06756280362606049,1.5281964540481567,0.1,22957568,57587712,0.02026998600922525,0.9394658563605266
4170,1.5954557657241821,0.06843148171901703,1.6022988557815552,0.1,22957568,57587712,0.020224209991283715,0.8598615782765953
4171,1.6069639921188354,0.06754789501428604,1.6137187480926514,0.1,22957568,57587712,0.020162855042144656,0.8432311561561405
4172,1.569771409034729,0.06879352033138275,1.5766507387161255,0.1,22957568,57587712,0.02026597800431773,0.7972765887080356
4173,1.604388952255249,0.0677097961306572,1.6111599206924438,0.1,22957568,57587712,0.02018146001501009,0.8718013554926557
4174,1.5987268686294556,0.06766533106565475,1.605493426322937,0.1,22957568,57587712,0.020225862972438335,0.8278745226088806
4175,1.595353364944458,0.0674426257610321,1.6020976305007935,0.1,22957568,57587712,0.020157534978352487,0.7825908991569271
4176,1.552022933959961,0.0657375305891037,1.5585967302322388,0.1,22957568,57587712,0.02020572603214532,0.8098070346577587
4177,1.5292519330978394,0.06703320145606995,1.5359553098678589,0.1,22957568,57587712,0.020472955016884953,0.724518550244822
4178,1.5941472053527832,0.06585564464330673,1.6007328033447266,0.1,22957568,57587712,0.020197268982883543,0.8125136860639884
4179,1.6115392446517944,0.06820694357156754,1.618359923362732,0.1,22957568,57587712,0.020316753012593836,0.9243922042077133
4180,1.6058354377746582,0.06753768026828766,1.6125892400741577,0.1,22957568,57587712,0.02102285297587514,0.7704386021146642
4181,1.534912109375,0.06898470222949982,1.5418106317520142,0.1,22957568,57587712,0.020000983029603958,0.9007276020868076
4182,1.5657591819763184,0.06925992667675018,1.5726851224899292,0.1,22957568,57587712,0.020145773014519364,0.79912486628572
4183,1.590705156326294,0.06917136907577515,1.597622275352478,0.1,22957568,57587712,0.0201942739658989,0.7794767629780884
4184,1.6050394773483276,0.06803703308105469,1.611843228340149,0.1,22957568,57587712,0.020183363987598568,0.7833314163240526
4185,1.5726392269134521,0.06869032233953476,1.5795083045959473,0.1,22957568,57587712,0.02023237495450303,0.7444722595248845
4186,1.5985301733016968,0.06961168348789215,1.6054913997650146,0.1,22957568,57587712,0.0202029210049659,0.8462326253833179
4187,1.5797702074050903,0.06806579977273941,1.5865768194198608,0.1,22957568,57587712,0.020297748036682606,0.7359988047550882
4188,1.5353639125823975,0.06970592588186264,1.5423345565795898,0.1,22957568,57587712,0.020146725000813603,0.8309651450479904
4189,1.592786431312561,0.0679958164691925,1.599586009979248,0.1,22957568,57587712,0.020339876995421946,0.8321415637662989
4190,1.5734456777572632,0.06850957870483398,1.5802966356277466,0.1,22957568,57587712,0.02052753698080778,0.74564852679793
4191,1.5812371969223022,0.06820229440927505,1.5880573987960815,0.1,22957568,57587712,0.020732901990413666,0.8484733373861664
4192,1.6379704475402832,0.06737978756427765,1.6447083950042725,0.1,22957568,57587712,0.020249066001269966,0.8565123455368635
4193,1.5891809463500977,0.0683000236749649,1.5960109233856201,0.1,22957568,57587712,0.02069254603702575,0.8414417877220175
4194,1.5360562801361084,0.06896564364433289,1.5429528951644897,0.1,22957568,57587712,0.020623015996534377,0.7326668490964731
4195,1.622847080230713,0.06846265494823456,1.6296933889389038,0.1,22957568,57587712,0.021151594002731144,0.8879149262533809
4196,1.5837839841842651,0.06899756193161011,1.5906836986541748,0.1,22957568,57587712,0.02047032001428306,0.9131778401533915
4197,1.6232545375823975,0.06583328545093536,1.6298378705978394,0.1,22957568,57587712,0.02041994599858299,0.7789402843291366
4198,1.5713543891906738,0.06838073581457138,1.5781924724578857,0.1,22957568,57587712,0.020130193966906518,0.7972395392951472
4199,1.6243394613265991,0.06915157288312912,1.6312546730041504,0.1,22957568,57587712,0.020371555991005152,0.9644504007183651
4200,1.6009882688522339,0.06757494062185287,1.6077457666397095,0.1,22957568,57587712,0.02264613995794207,0.8138993117941637
4201,1.593997836112976,0.0687631368637085,1.6008741855621338,0.1,22957568,57587712,0.02260531298816204,0.8217531583579368
4202,1.6395437717437744,0.0673735961318016,1.646281123161316,0.1,22957568,57587712,0.02118215197697282,0.92915102627579
4203,1.5599279403686523,0.06867045909166336,1.566794991493225,0.1,22957568,57587712,0.020804455038160086,0.7844525506749046
4204,1.6236059665679932,0.06866565346717834,1.6304725408554077,0.1,22957568,57587712,0.020861242024693638,0.8255176001941671
4205,1.5913211107254028,0.06814447045326233,1.5981355905532837,0.1,22957568,57587712,0.020455543010029942,0.788875586354787
4206,1.559342384338379,0.06933204084634781,1.5662755966186523,0.1,22957568,57587712,0.020468417031224817,0.7798909201322681
4207,1.6119952201843262,0.06722110509872437,1.6187173128128052,0.1,22957568,57587712,0.02042332204291597,0.8524464552793637
4208,1.58939790725708,0.06868147104978561,1.5962660312652588,0.1,22957568,57587712,0.02049699000781402,0.8623199314134778
4209,1.5762856006622314,0.06874924898147583,1.5831605195999146,0.1,22957568,57587712,0.02059446304338053,0.800383298218954
4210,1.6129062175750732,0.06763015687465668,1.6196691989898682,0.1,22957568,57587712,0.020476081990636885,0.8421472580384185
4211,1.6038553714752197,0.06714636087417603,1.610569953918457,0.1,22957568,57587712,0.020355394983198494,0.8740214519971001
4212,1.545811414718628,0.0668112188577652,1.5524924993515015,0.1,22957568,57587712,0.02036304003559053,0.7644466995207148
4213,1.5980515480041504,0.06697258353233337,1.6047488451004028,0.1,22957568,57587712,0.020374750951305032,0.9062438659435325
4214,1.5583451986312866,0.06634002178907394,1.5649791955947876,0.1,22957568,57587712,0.020329006016254425,0.7133629808820365
4215,1.5616015195846558,0.06734289228916168,1.568335771560669,0.1,22957568,57587712,0.02028222900116816,0.793143878827306
4216,1.596443772315979,0.06644083559513092,1.6030879020690918,0.1,22957568,57587712,0.020801901002414525,0.8286654819033196
4217,1.600447177886963,0.0657225027680397,1.6070194244384766,0.1,22957568,57587712,0.02062647300772369,0.8715024872002672
4218,1.573958396911621,0.0654543787240982,1.5805038213729858,0.1,22957568,57587712,0.020484046021010727,0.8499192322862333
4219,1.6147664785385132,0.06619278341531754,1.6213858127593994,0.1,22957568,57587712,0.020302968041505665,0.8362109520048919
4220,1.6422656774520874,0.06768105924129486,1.649033784866333,0.1,22957568,57587712,0.020226885040756315,0.8394284008275625
4221,1.6492946147918701,0.06886221468448639,1.6561808586120605,0.1,22957568,57587712,0.020397643966134638,0.8878438171813637
4222,1.576871395111084,0.07008184492588043,1.5838795900344849,0.1,22957568,57587712,0.02043299999786541,0.8686883776623765
4223,1.5831968784332275,0.06790870428085327,1.5899877548217773,0.1,22957568,57587712,0.020298890012782067,0.8585699943100149
4224,1.5802584886550903,0.06879110634326935,1.5871375799179077,0.1,22957568,57587712,0.020303629047702998,0.8321094361034467
4225,1.5748658180236816,0.06677229702472687,1.5815430879592896,0.1,22957568,57587712,0.020353953004814684,0.8474253458473262
4226,1.563585638999939,0.06794831156730652,1.570380449295044,0.1,22957568,57587712,0.0203696129610762,0.7494202298702867
4227,1.567852258682251,0.06756725907325745,1.5746090412139893,0.1,22957568,57587712,0.02035606699064374,1.0012118562508892
4228,1.5007801055908203,0.07002079486846924,1.507782220840454,0.1,22957568,57587712,0.02037424099398777,0.8264112485074778
4229,1.6532151699066162,0.06729786843061447,1.659945011138916,0.1,22957568,57587712,0.020157326012849808,0.8198944467873882
4230,1.6225512027740479,0.06808026134967804,1.629359245300293,0.1,22957568,57587712,0.02103954501217231,0.8769288471047062
4231,1.5659723281860352,0.06802041828632355,1.5727744102478027,0.1,22957568,57587712,0.020391252997796983,0.7932446967520884
4232,1.5808912515640259,0.06979101896286011,1.5878703594207764,0.1,22957568,57587712,0.02031176397576928,0.8077239136368377
4233,1.5587226152420044,0.0685969814658165,1.565582275390625,0.1,22957568,57587712,0.020553036010824144,0.8758721209207386
4234,1.5789058208465576,0.06930592656135559,1.585836410522461,0.1,22957568,57587712,0.02044847997603938,0.8087778375706155
4235,1.6170306205749512,0.06708705425262451,1.6237393617630005,0.1,22957568,57587712,0.0202651770086959,0.8078438086456727
4236,1.6126642227172852,0.06822660565376282,1.619486927986145,0.1,22957568,57587712,0.020406941999681294,0.8294731667236611
4237,1.5209516286849976,0.06919322907924652,1.5278708934783936,0.1,22957568,57587712,0.020215284021105617,0.8728411808499388
4238,1.5376209020614624,0.07004256546497345,1.544625163078308,0.1,22957568,57587712,0.020404177019372582,0.8606572788610967
4239,1.57986319065094,0.0675593689084053,1.5866191387176514,0.1,22957568,57587712,0.020310511987190694,0.7380445604996372
4240,1.606884479522705,0.06848496198654175,1.613732933998108,0.1,22957568,57587712,0.02042371401330456,0.8414003493533022
4241,1.649446964263916,0.06775131821632385,1.6562221050262451,0.1,22957568,57587712,0.02043257001787424,0.960230646691995
4242,1.5954278707504272,0.06890950351953506,1.6023187637329102,0.1,22957568,57587712,0.02065349300391972,0.7824263369863725
4243,1.6215801239013672,0.06927896291017532,1.6285079717636108,0.1,22957568,57587712,0.02043508499627933,0.8812896040371851
4244,1.6024701595306396,0.06933818757534027,1.6094039678573608,0.1,22957568,57587712,0.02021486300509423,0.9923772133615949
4245,1.6048214435577393,0.06960247457027435,1.6117817163467407,0.1,22957568,57587712,0.021175578993279487,0.781349980096135
4246,1.5577930212020874,0.06830792129039764,1.5646238327026367,0.1,22957568,57587712,0.020185637986287475,0.9564332322820718
4247,1.6269487142562866,0.06766356527805328,1.633715033531189,0.1,22957568,57587712,0.020209113019518554,0.9481669798916171
4248,1.570482850074768,0.06860919296741486,1.5773438215255737,0.1,22957568,57587712,0.02034075796836987,0.7853325122772431
4249,1.6137144565582275,0.06882712244987488,1.6205971240997314,0.1,22957568,57587712,0.020258363976608962,0.8746094801203984
4250,1.5806065797805786,0.06968960911035538,1.5875755548477173,0.1,22957568,57587712,0.020401081012096256,0.7518300996383507
4251,1.5879770517349243,0.06858181208372116,1.5948352813720703,0.1,22957568,57587712,0.020099747052881867,0.9711568960608754
4252,1.5858227014541626,0.06897906959056854,1.592720627784729,0.1,22957568,57587712,0.020391784026287496,1.0100479994727876
4253,1.5774599313735962,0.06750316172838211,1.5842102766036987,0.1,22957568,57587712,0.020315752015449107,0.8627831924365754
4254,1.6066524982452393,0.06728687137365341,1.6133811473846436,0.1,22957568,57587712,0.02007832797244191,0.9232732776113166
4255,1.570887565612793,0.06545509397983551,1.5774331092834473,0.1,22957568,57587712,0.020492311974521726,1.018882111563723
4256,1.6132080554962158,0.06599120050668716,1.6198071241378784,0.1,22957568,57587712,0.02017125196289271,0.8048352674508336
4257,1.6126477718353271,0.06713827699422836,1.6193616390228271,0.1,22957568,57587712,0.020907257974613458,0.859315902417996
4258,1.5449296236038208,0.06834477186203003,1.5517641305923462,0.1,22957568,57587712,0.021266448951791972,0.9364675896932974
4259,1.6212776899337769,0.06716529279947281,1.627994179725647,0.1,22957568,57587712,0.02115090301958844,0.9521816772304532
4260,1.6059571504592896,0.06939646601676941,1.6128968000411987,0.1,22957568,57587712,0.02151088701793924,0.8549820566965974
4261,1.6215076446533203,0.06803670525550842,1.628311276435852,0.1,22957568,57587712,0.020429984957445413,0.8373534860830064
4262,1.5716698169708252,0.06622755527496338,1.5782926082611084,0.1,22957568,57587712,0.020563866011798382,0.8487294230262923
4263,1.543557047843933,0.06808216869831085,1.5503652095794678,0.1,22957568,57587712,0.020314860972575843,0.9271928502311596
4264,1.6082979440689087,0.06897857040166855,1.6151957511901855,0.1,22957568,57587712,0.020201788982376456,0.8219525447382391
4265,1.594156265258789,0.06804822385311127,1.6009610891342163,0.1,22957568,57587712,0.020711682038381696,0.8439052110858222
4266,1.5533745288848877,0.0704757422208786,1.5604220628738403,0.1,22957568,57587712,0.020637183042708784,0.8954852988780441
4267,1.615692138671875,0.06888821721076965,1.6225810050964355,0.1,22957568,57587712,0.020564917009323835,0.8244252726436032
4268,1.5852943658828735,0.06860197335481644,1.592154622077942,0.1,22957568,57587712,0.02066537505015731,0.8870980587051799
4269,1.6152747869491577,0.06750547140836716,1.6220253705978394,0.1,22957568,57587712,0.020652752020396292,0.8958551190227335
4270,1.5639679431915283,0.06807878613471985,1.5707758665084839,0.1,22957568,57587712,0.020326733007095754,0.7924631454787573
4271,1.5789878368377686,0.06958194077014923,1.5859460830688477,0.1,22957568,57587712,0.02034416503738612,0.8511943241413594
4272,1.6140176057815552,0.06834133714437485,1.620851755142212,0.1,22957568,57587712,0.020388067001476884,0.8433541643694614
4273,1.585194706916809,0.06851594895124435,1.5920462608337402,0.1,22957568,57587712,0.0201416359632276,0.7536338249535695
4274,1.5597879886627197,0.06951531767845154,1.566739559173584,0.1,22957568,57587712,0.020347220008261502,0.893165771547506
4275,1.6326510906219482,0.06967931985855103,1.639618992805481,0.1,22957568,57587712,0.02081629796884954,0.8914946853415677
4276,1.6039559841156006,0.06963643431663513,1.6109195947647095,0.1,22957568,57587712,0.02025282400427386,0.7534201850119928
4277,1.6318321228027344,0.06958132982254028,1.638790249824524,0.1,22957568,57587712,0.020135694998316467,0.8836551726448993
4278,1.6700838804244995,0.06922300159931183,1.6770061254501343,0.1,22957568,57587712,0.020064853015355766,0.9343150720676474
4279,1.593265414237976,0.06914765387773514,1.6001801490783691,0.1,22957568,57587712,0.020407372969202697,0.8317292841590923
4280,1.537277102470398,0.06854665279388428,1.5441317558288574,0.1,22957568,57587712,0.020647391967941076,0.8431510464737474
4281,1.631455659866333,0.06930042803287506,1.6383856534957886,0.1,22957568,57587712,0.0202877790434286,0.9094448052137554
4282,1.5705617666244507,0.0699729323387146,1.5775591135025024,0.1,22957568,57587712,0.02039069205056876,0.8481344073561045
4283,1.6251202821731567,0.06816761940717697,1.631937026977539,0.1,22957568,57587712,0.020221937040332705,0.8726099818889035
4284,1.551859736442566,0.07050228863954544,1.5589100122451782,0.1,22957568,57587712,0.020429825002793223,0.7986146189257228
4285,1.578195571899414,0.07016260921955109,1.5852118730545044,0.1,22957568,57587712,0.020418825035449117,0.8183350310749808
4286,1.6767675876617432,0.06840714812278748,1.6836082935333252,0.1,22957568,57587712,0.020343444019090384,0.7948848912058122
4287,1.6558237075805664,0.06779322028160095,1.6626030206680298,0.1,22957568,57587712,0.020165750989690423,0.9215102909972593
4288,1.5285062789916992,0.06792085617780685,1.5352983474731445,0.1,22957568,57587712,0.020328334998339415,0.7874081048320174
4289,1.5762369632720947,0.07040055096149445,1.5832769870758057,0.1,22957568,57587712,0.020396022009663284,0.8977264991092808
4290,1.543980598449707,0.06805038452148438,1.5507856607437134,0.1,22957568,57587712,0.02112241100985557,0.8456874170686388
4291,1.5541516542434692,0.0660547986626625,1.5607571601867676,0.1,22957568,57587712,0.020667409000452608,0.7514969271725834
4292,1.6122596263885498,0.06854148954153061,1.619113802909851,0.1,22957568,57587712,0.02028032497037202,0.8448491620543853
4293,1.6192474365234375,0.06835545599460602,1.6260830163955688,0.1,22957568,57587712,0.020270337001420557,0.8594686070953254
4294,1.5892030000686646,0.06819858402013779,1.5960228443145752,0.1,22957568,57587712,0.020363010000437498,0.8789592404914917
4295,1.6057602167129517,0.06655436754226685,1.6124156713485718,0.1,22957568,57587712,0.020074389991350472,0.8110241942770858
4296,1.6448298692703247,0.06678221374750137,1.651508092880249,0.1,22957568,57587712,0.02036876097554341,0.892163633287488
4297,1.6150652170181274,0.06784903258085251,1.6218501329421997,0.1,22957568,57587712,0.020420067012310028,0.8658378466314384
4298,1.582458257675171,0.06862077116966248,1.5893203020095825,0.1,22957568,57587712,0.020351329003460705,0.8662749203283264
4299,1.5558761358261108,0.06823579221963882,1.5626996755599976,0.1,22957568,57587712,0.020201637991704047,0.8775828892050028
4300,1.5533084869384766,0.06822202354669571,1.5601307153701782,0.1,22957568,57587712,0.022865149949211627,0.8546448169616978
4301,1.6057353019714355,0.06669384241104126,1.612404704093933,0.1,22957568,57587712,0.021705460036173463,0.8744230288728053
4302,1.5627561807632446,0.06826360523700714,1.5695825815200806,0.1,22957568,57587712,0.021716811985243112,0.8942676505736867
4303,1.6184487342834473,0.06729473173618317,1.6251782178878784,0.1,22957568,57587712,0.021121628989931196,0.9635890848350426
4304,1.6238971948623657,0.0676342248916626,1.6306606531143188,0.1,22957568,57587712,0.02116775600006804,0.8832030572992308
4305,1.5433645248413086,0.06802182644605637,1.5501667261123657,0.1,22957568,57587712,0.02091294899582863,0.8196273997218666
4306,1.6314789056777954,0.06734880059957504,1.6382137537002563,0.1,22957568,57587712,0.021123152051586658,0.7891240215086104
4307,1.6512972116470337,0.0675717443227768,1.6580543518066406,0.1,22957568,57587712,0.020791721995919943,0.8261883000115412
4308,1.4934422969818115,0.06881366670131683,1.5003236532211304,0.1,22957568,57587712,0.020477996033150703,0.7935916747239359
4309,1.5739495754241943,0.0679754763841629,1.580747127532959,0.1,22957568,57587712,0.02096811303636059,0.877515754222611
4310,1.5825635194778442,0.06877053529024124,1.5894405841827393,0.1,22957568,57587712,0.020715108956210315,0.7856232925666229
4311,1.5741868019104004,0.07081563025712967,1.581268310546875,0.1,22957568,57587712,0.020597900031134486,0.8595270155588686
4312,1.5246186256408691,0.06882042437791824,1.5315006971359253,0.1,22957568,57587712,0.020413855963852257,0.8954712638288521
4313,1.60854172706604,0.06935031712055206,1.6154767274856567,0.1,22957568,57587712,0.020525064028333873,0.9679149678981795
4314,1.628962755203247,0.06921859085559845,1.6358846426010132,0.1,22957568,57587712,0.020480629988014698,0.8556293812335715
4315,1.5616551637649536,0.06824086606502533,1.568479299545288,0.1,22957568,57587712,0.020329407998360693,0.7855780788367034
4316,1.5727431774139404,0.06795411556959152,1.5795385837554932,0.1,22957568,57587712,0.020595264970324934,0.8393331372641657
4317,1.569743037223816,0.06750133633613586,1.5764931440353394,0.1,22957568,57587712,0.020289593026973307,0.7937432842536369
4318,1.5846792459487915,0.0659458190202713,1.5912737846374512,0.1,22957568,57587712,0.020419756998308003,0.8479150461786739
4319,1.5602679252624512,0.06709388643503189,1.5669772624969482,0.1,22957568,57587712,0.020398075983393937,0.8421162714904531
4320,1.5910065174102783,0.06683765351772308,1.597690224647522,0.1,22957568,57587712,0.02025705302366987,0.7800367116482407
4321,1.57111394405365,0.06713636964559555,1.5778275728225708,0.1,22957568,57587712,0.020663301984313875,0.787682242606732
4322,1.6161704063415527,0.06851957738399506,1.6230223178863525,0.1,22957568,57587712,0.020316804002504796,0.8438249318873814
4323,1.5866782665252686,0.06920984387397766,1.5935992002487183,0.1,22957568,57587712,0.020348092017229646,0.8281628285540168
4324,1.6231111288070679,0.06993278861045837,1.630104422569275,0.1,22957568,57587712,0.020272471010684967,0.8607699983034077
4325,1.6012789011001587,0.06876623630523682,1.6081554889678955,0.1,22957568,57587712,0.020972190017346293,0.8973148591678877
4326,1.5513367652893066,0.06802863627672195,1.558139681816101,0.1,22957568,57587712,0.020656469045206904,0.7481242231233874
4327,1.5549322366714478,0.06810049712657928,1.5617423057556152,0.1,22957568,57587712,0.020264796970877796,0.7618582100293961
4328,1.5053296089172363,0.06939445436000824,1.5122690200805664,0.1,22957568,57587712,0.02046120399609208,0.8790411964686428
4329,1.6216797828674316,0.06774129718542099,1.6284539699554443,0.1,22957568,57587712,0.020249377994332463,0.8358636258393779
4330,1.5834856033325195,0.06993371248245239,1.5904790163040161,0.1,22957568,57587712,0.02041073003783822,0.8743761432670661
4331,1.6130175590515137,0.07087722420692444,1.620105266571045,0.1,22957568,57587712,0.020403596048709005,0.7862524266271985
4332,1.5594087839126587,0.06998919695615768,1.5664076805114746,0.1,22957568,57587712,0.020060614973772317,0.8213649270446094
4333,1.5463556051254272,0.06975479423999786,1.5533311367034912,0.1,22957568,57587712,0.020276237977668643,0.8966213349484911
4334,1.537204623222351,0.06979083269834518,1.5441837310791016,0.1,22957568,57587712,0.02149048901628703,0.8024205359290635
4335,1.5449533462524414,0.06858010590076447,1.5518113374710083,0.1,22957568,57587712,0.021238737972453237,0.8904587503152172
4336,1.5755059719085693,0.06841106712818146,1.58234703540802,0.1,22957568,57587712,0.02122799796052277,0.7618132172366685
4337,1.6135311126708984,0.06743589043617249,1.6202746629714966,0.1,22957568,57587712,0.020762047031894326,0.8039054283482485
4338,1.6388859748840332,0.06970451772212982,1.6458563804626465,0.1,22957568,57587712,0.02143248001812026,0.9488476245459747
4339,1.6065815687179565,0.06677211076021194,1.6132588386535645,0.1,22957568,57587712,0.02104017697274685,0.8528025742865617
4340,1.5737019777297974,0.06846537441015244,1.5805485248565674,0.1,22957568,57587712,0.02166929404484108,0.7924641631495837
4341,1.6004239320755005,0.06823771446943283,1.6072477102279663,0.1,22957568,57587712,0.020173887023702264,0.7792815204905709
4342,1.5723285675048828,0.0677642896771431,1.579105019569397,0.1,22957568,57587712,0.020371888007503003,0.7827843605013293
4343,1.558767318725586,0.06869049370288849,1.565636396408081,0.1,22957568,57587712,0.02040725405095145,0.8622557412387142
4344,1.6338274478912354,0.06870538741350174,1.640697956085205,0.1,22957568,57587712,0.02009332604939118,0.8128164964850588
4345,1.6091790199279785,0.06960897892713547,1.6161398887634277,0.1,22957568,57587712,0.0204328210093081,0.8421463789674024
4346,1.5651386976242065,0.06879287213087082,1.572018027305603,0.1,22957568,57587712,0.02043465501628816,0.8000549133868643
4347,1.569847583770752,0.06918713450431824,1.5767662525177002,0.1,22957568,57587712,0.020287580031435937,0.8114201725443732
4348,1.6413675546646118,0.06895823776721954,1.6482633352279663,0.1,22957568,57587712,0.020305242971517146,0.810195179760451
4349,1.6254655122756958,0.06851320713758469,1.6323168277740479,0.1,22957568,57587712,0.02036589599447325,0.8278694589194674
4350,1.5968562364578247,0.06836354732513428,1.6036925315856934,0.1,22957568,57587712,0.02025655098259449,0.8298595297714997
4351,1.607822299003601,0.06831084936857224,1.6146533489227295,0.1,22957568,57587712,0.020312365028075874,0.7873796006158473
4352,1.6408939361572266,0.06808119267225266,1.6477020978927612,0.1,22957568,57587712,0.02052208798704669,0.7985388466028808
4353,1.6891967058181763,0.06887926906347275,1.6960846185684204,0.1,22957568,57587712,0.020117871987167746,0.8425876878864784
4354,1.5903578996658325,0.0696304440498352,1.5973209142684937,0.1,22957568,57587712,0.02054061199305579,0.8156233401884389
4355,1.6628742218017578,0.06813562661409378,1.6696877479553223,0.1,22957568,57587712,0.021164339035749435,0.8162538354747039
4356,1.6750452518463135,0.06936583667993546,1.6819818019866943,0.1,22957568,57587712,0.02020483504747972,0.8182081907552047
4357,1.5840911865234375,0.07021737843751907,1.5911129713058472,0.1,22957568,57587712,0.020457617996726185,0.8403966178988
4358,1.5499849319458008,0.06847391277551651,1.5568323135375977,0.1,22957568,57587712,0.02019305300200358,0.7557961022138184
4359,1.6131353378295898,0.07057417184114456,1.6201927661895752,0.1,22957568,57587712,0.020310200983658433,0.8691696460505131
4360,1.5859367847442627,0.06826681643724442,1.5927634239196777,0.1,22957568,57587712,0.020316614012699574,0.7950516867220473
4361,1.6148784160614014,0.06812936067581177,1.621691346168518,0.1,22957568,57587712,0.02025095105636865,0.9515406657484317
4362,1.6183260679244995,0.0683806985616684,1.6251641511917114,0.1,22957568,57587712,0.020411412057001144,0.8150635373722687
4363,1.5641485452651978,0.06665989756584167,1.5708144903182983,0.1,22957568,57587712,0.0203108029672876,0.7930362000176949
4364,1.5767542123794556,0.06670286506414413,1.58342444896698,0.1,22957568,57587712,0.02080506703350693,0.810144402414666
4365,1.6302016973495483,0.06639324873685837,1.636841058731079,0.1,22957568,57587712,0.02024928800528869,0.9855870979233794
4366,1.530739665031433,0.06670349836349487,1.537410020828247,0.1,22957568,57587712,0.02025798399699852,0.7992999268067643
4367,1.5762851238250732,0.06650874018669128,1.5829360485076904,0.1,22957568,57587712,0.02053900994360447,0.7982484110771492
4368,1.568582534790039,0.06710268557071686,1.5752928256988525,0.1,22957568,57587712,0.02014585497090593,0.8284976995192133
4369,1.552987813949585,0.06642702221870422,1.5596305131912231,0.1,22957568,57587712,0.02127974497852847,0.7986918060896576
4370,1.5855634212493896,0.06625938415527344,1.5921893119812012,0.1,22957568,57587712,0.022535954019986093,0.9418934591459899
4371,1.571155309677124,0.06828818470239639,1.577984094619751,0.1,22957568,57587712,0.021042131003923714,0.9870063443165903
4372,1.6619439125061035,0.06720729172229767,1.6686646938323975,0.1,22957568,57587712,0.020547405001707375,0.9075020726741234
4373,1.5545570850372314,0.06685333698987961,1.5612424612045288,0.1,22957568,57587712,0.020525083993561566,0.8550757325148157
4374,1.5767484903335571,0.06680388748645782,1.5834288597106934,0.1,22957568,57587712,0.020635209046304226,0.8650233814423613
4375,1.6199169158935547,0.06736971437931061,1.6266539096832275,0.1,22957568,57587712,0.02037384099094197,0.9296193676257427
4376,1.5653785467147827,0.0676116943359375,1.5721397399902344,0.1,22957568,57587712,0.02070615196134895,0.8335281926686429
4377,1.5013110637664795,0.06813310086727142,1.5081243515014648,0.1,22957568,57587712,0.020584504993166775,0.8267941206528934
4378,1.5885144472122192,0.06803563237190247,1.5953179597854614,0.1,22957568,57587712,0.02042072801850736,0.8459470757072065
4379,1.5729191303253174,0.06899882853031158,1.5798189640045166,0.1,22957568,57587712,0.020525955012999475,0.8191061593187954
4380,1.6069059371948242,0.06743914633989334,1.613649845123291,0.1,22957568,57587712,0.020309099985752255,0.9537404591244657
4381,1.5337116718292236,0.06874993443489075,1.5405867099761963,0.1,22957568,57587712,0.020461634965613484,0.8473869986788708
4382,1.5530399084091187,0.06736262887716293,1.5597761869430542,0.1,22957568,57587712,0.02023155498318374,0.8019270279928638
4383,1.5269927978515625,0.06901722401380539,1.5338945388793945,0.1,22957568,57587712,0.02028850099304691,0.960714431574611
4384,1.5775296688079834,0.06799833476543427,1.5843294858932495,0.1,22957568,57587712,0.02031827694736421,0.7627534669106806
4385,1.5968914031982422,0.06837207078933716,1.6037286520004272,0.1,22957568,57587712,0.021050315001048148,0.8744834096048985
4386,1.5991679430007935,0.06749040633440018,1.605916976928711,0.1,22957568,57587712,0.020403136033564806,0.8759025999308359
4387,1.5510660409927368,0.0692286416888237,1.5579888820648193,0.1,22957568,57587712,0.0203612869954668,0.8075144111201766
4388,1.5841890573501587,0.06905488669872284,1.5910944938659668,0.1,22957568,57587712,0.02034291299059987,0.9414540942719369
4389,1.5721468925476074,0.06828013062477112,1.578974962234497,0.1,22957568,57587712,0.020388247969094664,0.8760102025461288
4390,1.5968527793884277,0.06717473268508911,1.6035702228546143,0.1,22957568,57587712,0.020331661973614246,0.8137782949020578
4391,1.525804042816162,0.0681145042181015,1.5326155424118042,0.1,22957568,57587712,0.020506578963249922,0.7544905712318427
4392,1.5571448802947998,0.06799624115228653,1.5639444589614868,0.1,22957568,57587712,0.020218550984282047,0.7982351955236986
4393,1.5216563940048218,0.06801332533359528,1.528457760810852,0.1,22957568,57587712,0.020541805017273873,0.7708365642030867
4394,1.6434533596038818,0.06661360710859299,1.6501147747039795,0.1,22957568,57587712,0.020254368020687252,0.8460985585556233
4395,1.554476022720337,0.06713923066854477,1.561189889907837,0.1,22957568,57587712,0.02040567999938503,0.8121807425475006
4396,1.6259132623672485,0.06858699768781662,1.6327719688415527,0.1,22957568,57587712,0.0205352230113931,0.8106660216549743
4397,1.6118199825286865,0.06691452860832214,1.618511438369751,0.1,22957568,57587712,0.020168888033367693,0.8060948422970369
4398,1.6318004131317139,0.06805530190467834,1.6386059522628784,0.1,22957568,57587712,0.02035312302177772,0.884365396893543
4399,1.5761462450027466,0.06749681383371353,1.5828958749771118,0.1,22957568,57587712,0.0201129229972139,0.8385823185267601
4400,1.5858575105667114,0.06670583784580231,1.5925281047821045,0.1,22957568,57587712,0.024692417006008327,0.7344748122417798
4401,1.6321558952331543,0.06687098741531372,1.6388429403305054,0.1,22957568,57587712,0.022098326997365803,0.811360010517402
4402,1.5613372325897217,0.06733579188585281,1.5680707693099976,0.1,22957568,57587712,0.02171605097828433,0.9412796398061894
4403,1.606612205505371,0.0675961822271347,1.6133718490600586,0.1,22957568,57587712,0.023414398019667715,0.87944346051161
4404,1.5838348865509033,0.06873366236686707,1.5907082557678223,0.1,22957568,57587712,0.021430377033539116,0.7880546400176903
4405,1.5269643068313599,0.06904453039169312,1.5338687896728516,0.1,22957568,57587712,0.021403616992756724,0.7695933630404267
4406,1.6004403829574585,0.06841076910495758,1.6072814464569092,0.1,22957568,57587712,0.020375163992866874,0.8143857207478425
4407,1.560070276260376,0.06922818720340729,1.5669931173324585,0.1,22957568,57587712,0.02054731600219384,0.7662338393768313
4408,1.5978463888168335,0.0692816823720932,1.6047745943069458,0.1,22957568,57587712,0.020606917038094252,0.8464510048898753
4409,1.6411315202713013,0.06953296810388565,1.6480847597122192,0.1,22957568,57587712,0.020601196971256286,0.8759458103574338
4410,1.562041997909546,0.06837601214647293,1.5688796043395996,0.1,22957568,57587712,0.020995514001697302,0.7891703503231841
4411,1.5829813480377197,0.06857150793075562,1.5898385047912598,0.1,22957568,57587712,0.020580737967975438,0.9138070045001917
4412,1.6351053714752197,0.06924356520175934,1.6420297622680664,0.1,22957568,57587712,0.02076044399291277,0.8273527238358473
4413,1.5003010034561157,0.06966455280780792,1.5072674751281738,0.1,22957568,57587712,0.020408034964930266,0.8324388615354497
4414,1.5260114669799805,0.06808678805828094,1.5328201055526733,0.1,22957568,57587712,0.020384711970109493,0.8455884559050538
4415,1.4924081563949585,0.06990118324756622,1.4993982315063477,0.1,22957568,57587712,0.02027405396802351,0.8248357414773241
4416,1.634575366973877,0.06801705062389374,1.6413770914077759,0.1,22957568,57587712,0.020315421978011727,0.863452120491218
4417,1.601001501083374,0.06705814599990845,1.6077072620391846,0.1,22957568,57587712,0.020314109977334738,0.9825274387601167
4418,1.5340591669082642,0.06771698594093323,1.5408308506011963,0.1,22957568,57587712,0.02019063802435994,0.7646181829387736
4419,1.5236207246780396,0.06763418018817902,1.5303841829299927,0.1,22957568,57587712,0.020576850976794958,0.8162810508521311
4420,1.5551129579544067,0.06786589324474335,1.5618995428085327,0.1,22957568,57587712,0.02109601197298616,0.7745618708822923
4421,1.5556106567382812,0.06754973530769348,1.5623656511306763,0.1,22957568,57587712,0.02045870997244492,0.874218058720011
4422,1.488746166229248,0.07053627073764801,1.4957997798919678,0.1,22957568,57587712,0.020443490997422487,1.0095598352065567
4423,1.6486471891403198,0.06780035048723221,1.6554272174835205,0.1,22957568,57587712,0.02042390499264002,0.7904350883428037
4424,1.5804239511489868,0.06975458562374115,1.5873993635177612,0.1,22957568,57587712,0.020443290995899588,0.8325229091747056
4425,1.5595104694366455,0.06961499154567719,1.5664719343185425,0.1,22957568,57587712,0.020188894995953888,0.875677099913539
4426,1.5999755859375,0.07026804983615875,1.6070023775100708,0.1,22957568,57587712,0.020372108032461256,0.876491112717177
4427,1.6068108081817627,0.06771130859851837,1.613581895828247,0.1,22957568,57587712,0.02022987202508375,0.8151955412666588
4428,1.597402572631836,0.06732391566038132,1.6041349172592163,0.1,22957568,57587712,0.02044975303579122,0.8848549435698013
4429,1.5714261531829834,0.06719896197319031,1.5781461000442505,0.1,22957568,57587712,0.02039277704898268,0.8382522796981581
4430,1.546391248703003,0.06689444184303284,1.553080677986145,0.1,22957568,57587712,0.020079770998563617,0.737683684464951
4431,1.5880706310272217,0.06792217493057251,1.5948628187179565,0.1,22957568,57587712,0.020419175969436765,0.8158126584171849
4432,1.6025193929672241,0.06694735586643219,1.609214186668396,0.1,22957568,57587712,0.020266039995476604,0.7895479807298296
4433,1.5186890363693237,0.0683094784617424,1.5255199670791626,0.1,22957568,57587712,0.020551443041767925,0.7684293778883732
4434,1.5483282804489136,0.0694732666015625,1.555275559425354,0.1,22957568,57587712,0.02027849300066009,0.7981099599126898
4435,1.630721092224121,0.06768842041492462,1.637489914894104,0.1,22957568,57587712,0.020777295983862132,0.7892754600875225
4436,1.6051626205444336,0.06869000196456909,1.6120315790176392,0.1,22957568,57587712,0.02047077298630029,0.7706410813892625
4437,1.6008806228637695,0.06844622641801834,1.6077252626419067,0.1,22957568,57587712,0.02032059198245406,0.7844939156502456
4438,1.5439085960388184,0.06803406029939651,1.550711989402771,0.1,22957568,57587712,0.020079910987988114,0.808776635294533
4439,1.5490353107452393,0.06823015213012695,1.5558583736419678,0.1,22957568,57587712,0.02028301201062277,0.8472622839253303
4440,1.6203393936157227,0.06749610602855682,1.627089023590088,0.1,22957568,57587712,0.020131728029809892,0.7713048411415905
4441,1.5839333534240723,0.0662405788898468,1.5905574560165405,0.1,22957568,57587712,0.020349935977719724,0.7664968907367764
4442,1.605543613433838,0.06767722964286804,1.6123113632202148,0.1,22957568,57587712,0.02028138900641352,0.8941899974370021
4443,1.6001402139663696,0.06906019151210785,1.6070462465286255,0.1,22957568,57587712,0.020319078001193702,0.8326211170877251
4444,1.5698070526123047,0.06795929372310638,1.5766029357910156,0.1,22957568,57587712,0.020273804024327546,0.8762856639422204
4445,1.5520960092544556,0.06667856872081757,1.558763861656189,0.1,22957568,57587712,0.020314500958193094,0.7741778123544311
4446,1.559874176979065,0.06793388724327087,1.5666675567626953,0.1,22957568,57587712,0.0204549630288966,0.8101263492358369
4447,1.5459811687469482,0.06857839226722717,1.5528390407562256,0.1,22957568,57587712,0.020324407960288227,0.7428484438880778
4448,1.563141107559204,0.06817249208688736,1.5699583292007446,0.1,22957568,57587712,0.020517209020908922,0.8511207096502609
4449,1.5745967626571655,0.06804454326629639,1.5814012289047241,0.1,22957568,57587712,0.020190488954540342,0.8663912894943223
4450,1.593591570854187,0.06829586625099182,1.6004211902618408,0.1,22957568,57587712,0.02107913000509143,0.7827411523444271
4451,1.598170280456543,0.07030833512544632,1.6052011251449585,0.1,22957568,57587712,0.020336401008535177,0.8945461264001481
4452,1.5699222087860107,0.06700997799634933,1.5766232013702393,0.1,22957568,57587712,0.020287560008000582,0.8810406856713481
4453,1.5719239711761475,0.06893627345561981,1.57881760597229,0.1,22957568,57587712,0.02042183099547401,0.7863209775415314
4454,1.5955843925476074,0.06884181499481201,1.6024686098098755,0.1,22957568,57587712,0.020145394024439156,0.8620848570318668
4455,1.5771681070327759,0.06707040965557098,1.5838751792907715,0.1,22957568,57587712,0.020178486010991037,0.840169850158835
4456,1.5256539583206177,0.0697634220123291,1.5326303243637085,0.1,22957568,57587712,0.020322725002188236,0.7788850475471415
4457,1.5738110542297363,0.06797706335783005,1.5806087255477905,0.1,22957568,57587712,0.020036750996951014,0.7645657275380601
4458,1.5381187200546265,0.06884370744228363,1.545003056526184,0.1,22957568,57587712,0.020508724031969905,0.864352925713854
4459,1.5266770124435425,0.0692574605345726,1.5336027145385742,0.1,22957568,57587712,0.020184005959890783,0.8100766681359295
4460,1.6286351680755615,0.0673195868730545,1.6353671550750732,0.1,22957568,57587712,0.02026971598388627,0.8259012559217511
4461,1.620002269744873,0.06696374714374542,1.626698613166809,0.1,22957568,57587712,0.020245981984771788,0.863109915299821
4462,1.5919283628463745,0.06733202934265137,1.5986615419387817,0.1,22957568,57587712,0.020409849006682634,0.8031374156084335
4463,1.6233187913894653,0.06650124490261078,1.6299688816070557,0.1,22957568,57587712,0.020225253014359623,0.7984349711329785
4464,1.585692286491394,0.06757018715143204,1.5924493074417114,0.1,22957568,57587712,0.02010540897026658,1.0014724228108107
4465,1.5893501043319702,0.06767982244491577,1.5961180925369263,0.1,22957568,57587712,0.02114290901226923,0.8800488841531262
4466,1.6398087739944458,0.06707967817783356,1.6465167999267578,0.1,22957568,57587712,0.02029199799289927,0.8247382128180867
4467,1.5215157270431519,0.06805601716041565,1.528321385383606,0.1,22957568,57587712,0.02045945095596835,0.8630749772803767
4468,1.6178817749023438,0.068121038377285,1.6246938705444336,0.1,22957568,57587712,0.02041085995733738,0.8796765544513563
4469,1.6289550065994263,0.06751719862222672,1.6357067823410034,0.1,22957568,57587712,0.020176873018499464,0.9082696310218484
4470,1.5557199716567993,0.06882542371749878,1.5626025199890137,0.1,22957568,57587712,0.020458078011870384,0.7698902959760117
4471,1.5566062927246094,0.06935332715511322,1.5635416507720947,0.1,22957568,57587712,0.02032228501047939,0.7908754816792919
4472,1.5736817121505737,0.06759115308523178,1.580440878868103,0.1,22957568,57587712,0.020170381001662463,0.850059756633989
4473,1.5775482654571533,0.06808053702116013,1.5843563079833984,0.1,22957568,57587712,0.020334678003564477,0.8143076349969194
4474,1.635056495666504,0.06727848201990128,1.6417843103408813,0.1,22957568,57587712,0.0201987840118818,0.7229234912930981
4475,1.5067743062973022,0.06804659962654114,1.51357901096344,0.1,22957568,57587712,0.020205446984618902,0.8511349614096023
4476,1.6198276281356812,0.06546550244092941,1.6263741254806519,0.1,22957568,57587712,0.02036322100320831,0.8168771599275281
4477,1.5840669870376587,0.06679193675518036,1.5907461643218994,0.1,22957568,57587712,0.02016928797820583,0.7769172872557667
4478,1.5302919149398804,0.06754140555858612,1.5370460748672485,0.1,22957568,57587712,0.020311564963776618,0.7596539551239647
4479,1.5477521419525146,0.06945903599262238,1.5546979904174805,0.1,22957568,57587712,0.02018796297488734,0.7833586143304089
4480,1.5780779123306274,0.06922486424446106,1.5850003957748413,0.1,22957568,57587712,0.021170381049159914,0.8253502653637808
4481,1.5803080797195435,0.0689665824174881,1.5872046947479248,0.1,22957568,57587712,0.02023795701097697,0.7558223203040668
4482,1.598038911819458,0.0693906843662262,1.6049779653549194,0.1,22957568,57587712,0.021551434008870274,0.8202401797826663
4483,1.6528130769729614,0.06783012300729752,1.6595960855484009,0.1,22957568,57587712,0.021831516991369426,0.7880426362133869
4484,1.5399576425552368,0.06875407695770264,1.5468330383300781,0.1,22957568,57587712,0.021196720015723258,0.8188299622405393
4485,1.5376598834991455,0.06918232142925262,1.5445780754089355,0.1,22957568,57587712,0.020559127966407686,0.794589620814547
4486,1.571077823638916,0.0678890272974968,1.5778666734695435,0.1,22957568,57587712,0.020372768980450928,0.8447870694437795
4487,1.5911754369735718,0.06737569719552994,1.5979130268096924,0.1,22957568,57587712,0.02067676797742024,0.7952126829996381
4488,1.5791592597961426,0.06880112737417221,1.586039423942566,0.1,22957568,57587712,0.020818602992221713,0.8476107258846018
4489,1.6060566902160645,0.06631289422512054,1.6126879453659058,0.1,22957568,57587712,0.020430025993846357,0.7905829726411072
4490,1.571664571762085,0.06711745262145996,1.578376293182373,0.1,22957568,57587712,0.020388148026540875,0.865660592470699
4491,1.581093668937683,0.06671389937400818,1.587765097618103,0.1,22957568,57587712,0.020372148021124303,0.8522896041543047
4492,1.6342941522598267,0.06451601535081863,1.640745759010315,0.1,22957568,57587712,0.020379892026539892,0.8311908056655698
4493,1.6255728006362915,0.06674272567033768,1.6322470903396606,0.1,22957568,57587712,0.020126939984038472,0.7527559920055859
4494,1.6014012098312378,0.06726253777742386,1.608127474784851,0.1,22957568,57587712,0.020295705005992204,0.7575248752612715
4495,1.5193276405334473,0.06717082858085632,1.5260447263717651,0.1,22957568,57587712,0.021960408019367605,0.8645101228026727
4496,1.5575742721557617,0.06660998612642288,1.5642353296279907,0.1,22957568,57587712,0.022989172022789717,0.7894544992626346
4497,1.6284255981445312,0.06584523618221283,1.6350101232528687,0.1,22957568,57587712,0.020676446962170303,0.8219776371207369
4498,1.5875920057296753,0.06678879261016846,1.594270944595337,0.1,22957568,57587712,0.020618890004698187,0.7930841699677057
4499,1.5840531587600708,0.06867142021656036,1.590920329093933,0.1,22957568,57587712,0.020669314020778984,0.7930385187460551
4500,1.5967392921447754,0.06879976391792297,1.6036192178726196,0.1,22957568,57587712,0.02278500096872449,0.9238037041706818
4501,1.5956450700759888,0.06815601885318756,1.6024606227874756,0.1,22957568,57587712,0.023588512965943664,0.8445597437820088
4502,1.5959534645080566,0.06753699481487274,1.6027071475982666,0.1,22957568,57587712,0.021416871983092278,0.801543677867419
4503,1.5574544668197632,0.06879587471485138,1.5643340349197388,0.1,22957568,57587712,0.020809746987652034,0.7918573719405231
4504,1.5603697299957275,0.06737738847732544,1.5671074390411377,0.1,22957568,57587712,0.020620282972231507,0.8313145779473986
4505,1.553881287574768,0.06754294037818909,1.5606355667114258,0.1,22957568,57587712,0.020534562005195767,0.7871756962205825
4506,1.5442862510681152,0.06761090457439423,1.5510473251342773,0.1,22957568,57587712,0.02063692396041006,0.8799905858000948
4507,1.5899369716644287,0.0679810494184494,1.5967351198196411,0.1,22957568,57587712,0.020482555031776428,0.7600497133389502
4508,1.5741437673568726,0.06801596283912659,1.580945372581482,0.1,22957568,57587712,0.020392787002492696,0.8592951128888849
4509,1.5327216386795044,0.06807571649551392,1.5395292043685913,0.1,22957568,57587712,0.020621764997486025,0.7382052365940425
4510,1.5425102710723877,0.06830672174692154,1.5493409633636475,0.1,22957568,57587712,0.020387225958984345,0.8260463144304876
4511,1.610377311706543,0.06784582138061523,1.6171618700027466,0.1,22957568,57587712,0.020239430014044046,0.8248601331839409
4512,1.543722152709961,0.06775163114070892,1.55049729347229,0.1,22957568,57587712,0.02106340101454407,0.7724360434186659
4513,1.5311914682388306,0.06925273686647415,1.538116693496704,0.1,22957568,57587712,0.022659285983536392,0.819061634113106
4514,1.4730178117752075,0.06925962120294571,1.4799437522888184,0.1,22957568,57587712,0.023514143947977573,0.7775906363357173
4515,1.6280436515808105,0.06657645851373672,1.6347012519836426,0.1,22957568,57587712,0.02070006204303354,0.7806006851158465
4516,1.5877315998077393,0.06805972009897232,1.594537615776062,0.1,22957568,57587712,0.020553027046844363,0.792094360624648
4517,1.6363134384155273,0.06816162168979645,1.643129587173462,0.1,22957568,57587712,0.020519194018561393,0.9352558479932956
4518,1.5923845767974854,0.06821562349796295,1.5992060899734497,0.1,22957568,57587712,0.020382167014759034,0.7709508851609365
4519,1.5764403343200684,0.06876035034656525,1.5833163261413574,0.1,22957568,57587712,0.020235894015058875,0.806770066070912
4520,1.5071974992752075,0.0679171085357666,1.5139892101287842,0.1,22957568,57587712,0.020396323991008103,0.8443980422186278
4521,1.5514929294586182,0.06768986582756042,1.5582618713378906,0.1,22957568,57587712,0.020212510018609464,0.7901630360796104
4522,1.612492561340332,0.06667058169841766,1.6191595792770386,0.1,22957568,57587712,0.020233999995980412,0.8344289779026332
4523,1.5269458293914795,0.06791664659976959,1.5337375402450562,0.1,22957568,57587712,0.02014477300690487,0.7677948532248667
4524,1.5440493822097778,0.06855885684490204,1.5509052276611328,0.1,22957568,57587712,0.020307797996792942,0.8661901305672128
4525,1.5371923446655273,0.06850869953632355,1.5440431833267212,0.1,22957568,57587712,0.020215817028656602,0.7810564050680295
4526,1.5393868684768677,0.07035816460847855,1.5464227199554443,0.1,22957568,57587712,0.02033580100396648,0.8571205111826097
4527,1.6067343950271606,0.06850122660398483,1.6135845184326172,0.1,22957568,57587712,0.020142078981734812,0.8168892192003411
4528,1.5379940271377563,0.06663371622562408,1.5446573495864868,0.1,22957568,57587712,0.020152407989371568,0.7669061176242131
4529,1.5989118814468384,0.06916794180870056,1.6058286428451538,0.1,22957568,57587712,0.019916707009542733,0.8238383116050353
4530,1.5691478252410889,0.06906136870384216,1.5760539770126343,0.1,22957568,57587712,0.0209398299921304,0.8527915553534552
4531,1.5647387504577637,0.06716396659612656,1.5714551210403442,0.1,22957568,57587712,0.02027037797961384,0.7662117687173156
4532,1.4989969730377197,0.06848254799842834,1.5058451890945435,0.1,22957568,57587712,0.020074701984412968,0.812296344897138
4533,1.6102304458618164,0.06727764755487442,1.6169582605361938,0.1,22957568,57587712,0.020177154045086354,0.8241162253470347
4534,1.5300300121307373,0.06759829074144363,1.536789894104004,0.1,22957568,57587712,0.0201869229786098,0.7555088012981663
4535,1.5558933019638062,0.06642995029687881,1.5625362396240234,0.1,22957568,57587712,0.0201418170472607,0.8171174293013034
4536,1.5344417095184326,0.06834696233272552,1.541276454925537,0.1,22957568,57587712,0.02014579501701519,0.8048171593501954
4537,1.61344313621521,0.06756198406219482,1.6201993227005005,0.1,22957568,57587712,0.02011648000916466,0.7942523300090476
4538,1.5714448690414429,0.06629373133182526,1.5780742168426514,0.1,22957568,57587712,0.020646221993956715,0.7505021841372966
4539,1.5809736251831055,0.06705532968044281,1.587679147720337,0.1,22957568,57587712,0.020239019999280572,0.7762040101058826
4540,1.6174582242965698,0.06676191091537476,1.6241344213485718,0.1,22957568,57587712,0.020168978022411466,0.7650590606216155
4541,1.5613129138946533,0.06734837591648102,1.5680477619171143,0.1,22957568,57587712,0.020080052025150508,0.8451445689839232
4542,1.5774359703063965,0.06904086470603943,1.5843400955200195,0.1,22957568,57587712,0.02005168900359422,0.799171907433735
4543,1.5959656238555908,0.06725246459245682,1.6026908159255981,0.1,22957568,57587712,0.02018108102492988,0.817002936159454
4544,1.5240145921707153,0.06741170585155487,1.5307557582855225,0.1,22957568,57587712,0.020006604958325624,0.7976645192748107
4545,1.6027575731277466,0.06789733469486237,1.6095472574234009,0.1,22957568,57587712,0.020994221966248006,0.8157292373683
4546,1.534317970275879,0.06847020983695984,1.5411649942398071,0.1,22957568,57587712,0.020156694983597845,0.8138655903871843
4547,1.5378047227859497,0.06806385517120361,1.5446110963821411,0.1,22957568,57587712,0.020148631010670215,0.763649318386636
4548,1.6107776165008545,0.06560876965522766,1.6173385381698608,0.1,22957568,57587712,0.02033554099034518,0.8726515799128924
4549,1.5944408178329468,0.06947337090969086,1.6013880968093872,0.1,22957568,57587712,0.020079662033822387,0.8080014830533703
4550,1.5660040378570557,0.06722622364759445,1.5727266073226929,0.1,22957568,57587712,0.02013056696159765,0.8526687423674377
4551,1.5108420848846436,0.06985493749380112,1.5178276300430298,0.1,22957568,57587712,0.02000459097325802,0.8221019043404594
4552,1.5770983695983887,0.06753365695476532,1.58385169506073,0.1,22957568,57587712,0.020294363028369844,0.7868500515680722
4553,1.6390208005905151,0.06778143346309662,1.645798921585083,0.1,22957568,57587712,0.020162667031399906,0.7971147366419611
4554,1.4953852891921997,0.06754642724990845,1.502139925956726,0.1,22957568,57587712,0.0200490839779377,0.7776796657604751
4555,1.606192946434021,0.0680275559425354,1.6129957437515259,0.1,22957568,57587712,0.020129132957663387,0.9045010261698676
4556,1.6312769651412964,0.06666220724582672,1.637943148612976,0.1,22957568,57587712,0.02008967997971922,0.839193886138861
4557,1.547703504562378,0.06797707080841064,1.5545011758804321,0.1,22957568,57587712,0.020327014033682644,0.7849447721334326
4558,1.563993215560913,0.06684188544750214,1.570677399635315,0.1,22957568,57587712,0.020146246009971946,0.810236427124745
4559,1.546093463897705,0.06928379833698273,1.553021788597107,0.1,22957568,57587712,0.02017435902962461,0.9348818794945911
4560,1.525814414024353,0.06672751158475876,1.532487154006958,0.1,22957568,57587712,0.02096815302502364,0.7278324662362183
4561,1.5496172904968262,0.06774575263261795,1.5563918352127075,0.1,22957568,57587712,0.02020095899933949,0.8513371096752695
4562,1.5832942724227905,0.06509122252464294,1.5898033380508423,0.1,22957568,57587712,0.020303940982557833,0.8996681098153156
4563,1.6349717378616333,0.06656999886035919,1.6416287422180176,0.1,22957568,57587712,0.020293020992539823,0.9456483846051104
4564,1.5881268978118896,0.06684581190347672,1.5948114395141602,0.1,22957568,57587712,0.02024278702447191,0.7861191600671416
4565,1.6056360006332397,0.06659168750047684,1.612295150756836,0.1,22957568,57587712,0.020303900993894786,0.9076943694518629
4566,1.5662339925765991,0.0665990337729454,1.5728938579559326,0.1,22957568,57587712,0.020192523021250963,0.7921822583739305
4567,1.5657020807266235,0.06592730432748795,1.57229483127594,0.1,22957568,57587712,0.02030598500277847,0.8352302360373158
4568,1.599732756614685,0.0686192736029625,1.6065946817398071,0.1,22957568,57587712,0.02005024702521041,0.890228980348437
4569,1.5832997560501099,0.06809379160404205,1.59010910987854,0.1,22957568,57587712,0.02038289903430268,0.8334197921177082
4570,1.5694241523742676,0.06675687432289124,1.5760998725891113,0.1,22957568,57587712,0.02024210599483922,0.8175828397903421
4571,1.5952534675598145,0.06912882626056671,1.6021662950515747,0.1,22957568,57587712,0.020284073951188475,0.8290223421590455
4572,1.5532759428024292,0.06925573199987411,1.5602015256881714,0.1,22957568,57587712,0.020261120982468128,0.8973681734759934
4573,1.5687482357025146,0.06646401435136795,1.575394630432129,0.1,22957568,57587712,0.020196740981191397,0.8286955575620467
4574,1.6136839389801025,0.06749052554368973,1.62043297290802,0.1,22957568,57587712,0.02028747001895681,0.8754464640775599
4575,1.5991501808166504,0.06770321726799011,1.6059205532073975,0.1,22957568,57587712,0.021066888002678752,0.7145194890423289
4576,1.5844159126281738,0.06701907515525818,1.5911178588867188,0.1,22957568,57587712,0.02015406102873385,0.8096081826997269
4577,1.5440789461135864,0.06890612840652466,1.5509696006774902,0.1,22957568,57587712,0.020278863958083093,0.8046908201852547
4578,1.6361137628555298,0.06726808845996857,1.6428406238555908,0.1,22957568,57587712,0.020310082007199526,0.8303941501050973
4579,1.5137742757797241,0.06806585937738419,1.5205808877944946,0.1,22957568,57587712,0.020242767001036555,0.8643826092177503
4580,1.5944346189498901,0.06745122373104095,1.6011797189712524,0.1,22957568,57587712,0.02027070801705122,0.7574075096625341
4581,1.5364947319030762,0.06822450459003448,1.543317198753357,0.1,22957568,57587712,0.02025682298699394,0.8883956431149234
4582,1.5627564191818237,0.06748791038990021,1.569505214691162,0.1,22957568,57587712,0.02032820601016283,0.8033870799577548
4583,1.5354785919189453,0.06843754649162292,1.5423223972320557,0.1,22957568,57587712,0.02024619304575026,0.821213542707011
4584,1.5723880529403687,0.06766213476657867,1.5791542530059814,0.1,22957568,57587712,0.020313619985245168,0.8161923241628105
4585,1.5406639575958252,0.06687884032726288,1.5473518371582031,0.1,22957568,57587712,0.020063030999153852,0.7390873852818298
4586,1.5568159818649292,0.06915721297264099,1.5637316703796387,0.1,22957568,57587712,0.02035264199366793,0.8860549213906002
4587,1.6567803621292114,0.06661144644021988,1.66344153881073,0.1,22957568,57587712,0.020271059009246528,0.8696584829037616
4588,1.5258326530456543,0.06795506179332733,1.5326281785964966,0.1,22957568,57587712,0.020130176038946956,0.804964556585426
4589,1.5992571115493774,0.06860838830471039,1.6061179637908936,0.1,22957568,57587712,0.02022592502180487,0.9116194713736571
4590,1.5154012441635132,0.06645093113183975,1.5220463275909424,0.1,22957568,57587712,0.020749214047100395,0.730893418007885
4591,1.556442141532898,0.0668451339006424,1.5631266832351685,0.1,22957568,57587712,0.02027810300933197,0.7606244772007222
4592,1.5251555442810059,0.06782453507184982,1.5319379568099976,0.1,22957568,57587712,0.02048140298575163,0.82585836736275
4593,1.6246720552444458,0.06846340745687485,1.6315183639526367,0.1,22957568,57587712,0.020361379021778703,0.8188227076207967
4594,1.5677372217178345,0.06829404830932617,1.5745666027069092,0.1,22957568,57587712,0.02039331797277555,0.8648608886645608
4595,1.5299187898635864,0.06777840852737427,1.5366966724395752,0.1,22957568,57587712,0.020296878006774932,0.7650675501008785
4596,1.5515570640563965,0.0690540075302124,1.5584625005722046,0.1,22957568,57587712,0.020954979001544416,0.7822263869974151
4597,1.5738667249679565,0.06649430096149445,1.5805160999298096,0.1,22957568,57587712,0.021738743991591036,0.8553203201458286
4598,1.6281230449676514,0.06673134863376617,1.634796142578125,0.1,22957568,57587712,0.021201711031608284,0.8837751617477848
4599,1.5670828819274902,0.06777895241975784,1.573860764503479,0.1,22957568,57587712,0.020572243025526404,0.8431778849554556
4600,1.575526237487793,0.06917630136013031,1.5824438333511353,0.1,22957568,57587712,0.022757399012334645,0.8740482109703926
4601,1.5086315870285034,0.06802815198898315,1.5154343843460083,0.1,22957568,57587712,0.023869330005254596,0.7408431486385828
4602,1.5431767702102661,0.06668892502784729,1.5498456954956055,0.1,22957568,57587712,0.02217877795919776,0.7801068298497889
4603,1.5688568353652954,0.067045658826828,1.5755614042282104,0.1,22957568,57587712,0.02098804002162069,0.8255121189186551
4604,1.6272270679473877,0.0685398206114769,1.6340810060501099,0.1,22957568,57587712,0.02115409099496901,0.9997354834032367
4605,1.6068440675735474,0.06745630502700806,1.6135896444320679,0.1,22957568,57587712,0.020589585998095572,0.7869556705529656
4606,1.5815587043762207,0.0681551992893219,1.5883742570877075,0.1,22957568,57587712,0.020535955030936748,0.8747627810056113
4607,1.571418046951294,0.06739450991153717,1.5781575441360474,0.1,22957568,57587712,0.020690464007202536,0.8958262957386791
4608,1.579301118850708,0.06756804883480072,1.5860579013824463,0.1,22957568,57587712,0.020384692994412035,0.8776585458540263
4609,1.4932365417480469,0.06756635755300522,1.4999932050704956,0.1,22957568,57587712,0.02077986201038584,0.8447902610981562
4610,1.6030521392822266,0.06535740196704865,1.6095879077911377,0.1,22957568,57587712,0.02147770597366616,0.8417369084565457
4611,1.5366814136505127,0.06555405259132385,1.5432368516921997,0.1,22957568,57587712,0.02062657498754561,0.7775323803163603
4612,1.567388892173767,0.06748420000076294,1.5741373300552368,0.1,22957568,57587712,0.020378660992719233,0.8689695411652913
4613,1.5468859672546387,0.0661952942609787,1.553505539894104,0.1,22957568,57587712,0.020572102977894247,0.7908276611558536
4614,1.630385398864746,0.06580307334661484,1.6369657516479492,0.1,22957568,57587712,0.020536986994557083,0.8227152643322965
4615,1.496029019355774,0.06578779965639114,1.502607822418213,0.1,22957568,57587712,0.020168779010418802,0.8470861996244674
4616,1.612752079963684,0.0669318363070488,1.6194452047348022,0.1,22957568,57587712,0.020537347998470068,0.8525791496923372
4617,1.5389846563339233,0.06801572442054749,1.5457862615585327,0.1,22957568,57587712,0.020260139019228518,0.7874283092297096
4618,1.5739614963531494,0.06746531277894974,1.5807080268859863,0.1,22957568,57587712,0.020667962031438947,0.8627502568157569
4619,1.5596264600753784,0.06835409998893738,1.5664619207382202,0.1,22957568,57587712,0.0206900030025281,0.8647844205719718
4620,1.5122722387313843,0.0686565712094307,1.5191378593444824,0.1,22957568,57587712,0.020388570032082498,0.8910375961241531
4621,1.4954187870025635,0.06981002539396286,1.5023998022079468,0.1,22957568,57587712,0.020139885018579662,0.7750189777975358
4622,1.6087677478790283,0.06834845244884491,1.6156026124954224,0.1,22957568,57587712,0.020254158007446676,0.7341096705694563
4623,1.6093226671218872,0.0679895430803299,1.6161216497421265,0.1,22957568,57587712,0.020158339000772685,0.8966351797684629
4624,1.5773165225982666,0.06804214417934418,1.584120750427246,0.1,22957568,57587712,0.020108224998693913,0.8371524695000944
4625,1.5657615661621094,0.06937389075756073,1.572698950767517,0.1,22957568,57587712,0.020839723001699895,0.7922729872284078
4626,1.5913385152816772,0.06870565563440323,1.598209023475647,0.1,22957568,57587712,0.020159511012025177,0.8234546143797695
4627,1.6227041482925415,0.06784854829311371,1.6294889450073242,0.1,22957568,57587712,0.020328085985966027,0.855057846902018
4628,1.585817813873291,0.06918811798095703,1.5927366018295288,0.1,22957568,57587712,0.02047004201449454,0.883539948998882
4629,1.5813586711883545,0.06814292073249817,1.5881729125976562,0.1,22957568,57587712,0.020308159000705928,0.7948343703089432
4630,1.5163168907165527,0.0664929449558258,1.5229661464691162,0.1,22957568,57587712,0.020434406003914773,0.8041693992093458
4631,1.6515387296676636,0.06698522716760635,1.6582372188568115,0.1,22957568,57587712,0.020137499959673733,0.8662428535025462
4632,1.5714097023010254,0.06758826971054077,1.578168511390686,0.1,22957568,57587712,0.02023393101990223,0.8537043315824118
4633,1.5783710479736328,0.06788815557956696,1.5851598978042603,0.1,22957568,57587712,0.02024638297734782,0.8834423484574084
4634,1.5989829301834106,0.06664817780256271,1.6056478023529053,0.1,22957568,57587712,0.01996496698120609,0.823827403773944
4635,1.6959569454193115,0.06609506905078888,1.7025665044784546,0.1,22957568,57587712,0.020176583027932793,0.8215423956596923
4636,1.5546656847000122,0.0671466812491417,1.561380386352539,0.1,22957568,57587712,0.020194676995743066,0.8307441357924298
4637,1.6565297842025757,0.06746169924736023,1.663275957107544,0.1,22957568,57587712,0.020167466020211577,0.8122897079360923
4638,1.5679652690887451,0.0662371814250946,1.5745890140533447,0.1,22957568,57587712,0.020366297976579517,0.8254896586742556
4639,1.6251327991485596,0.06661216914653778,1.6317939758300781,0.1,22957568,57587712,0.02022957196459174,0.9288679632774643
4640,1.6282333135604858,0.06633968651294708,1.6348673105239868,0.1,22957568,57587712,0.021044276014436036,0.9326016203454244
4641,1.5637364387512207,0.0669780969619751,1.5704342126846313,0.1,22957568,57587712,0.020372639992274344,0.810788223947545
4642,1.5797406435012817,0.06616927683353424,1.586357593536377,0.1,22957568,57587712,0.020174620032776147,0.845543309132753
4643,1.4690252542495728,0.06855161488056183,1.4758803844451904,0.1,22957568,57587712,0.02044783002929762,0.7557252498672553
4644,1.6094914674758911,0.06675699353218079,1.6161671876907349,0.1,22957568,57587712,0.02015596500132233,0.8522621631234284
4645,1.586763620376587,0.06566733121871948,1.5933303833007812,0.1,22957568,57587712,0.020212771021761,0.90622574850133
4646,1.556453824043274,0.06684352457523346,1.5631381273269653,0.1,22957568,57587712,0.02036071801558137,0.7962803482722572
4647,1.6006778478622437,0.06630536913871765,1.6073083877563477,0.1,22957568,57587712,0.02018597099231556,0.8259211699183046
4648,1.5942562818527222,0.06660501658916473,1.6009167432785034,0.1,22957568,57587712,0.020495128992479295,0.8778756500163628
4649,1.5456724166870117,0.06670594215393066,1.5523430109024048,0.1,22957568,57587712,0.020966270996723324,0.8626605397931475
4650,1.6274651288986206,0.06832896173000336,1.6342979669570923,0.1,22957568,57587712,0.020448372000828385,0.8402348685206332
4651,1.5683118104934692,0.06684105098247528,1.5749958753585815,0.1,22957568,57587712,0.02031028299825266,0.8358522241993848
4652,1.5871714353561401,0.06654363870620728,1.5938258171081543,0.1,22957568,57587712,0.02022919204318896,0.8032882212740184
4653,1.564408302307129,0.066987544298172,1.571107029914856,0.1,22957568,57587712,0.020401754998601973,0.8085947970488496
4654,1.5492740869522095,0.06752656400203705,1.5560266971588135,0.1,22957568,57587712,0.020126760005950928,0.9009774720957509
4655,1.6281393766403198,0.06834818422794342,1.6349742412567139,0.1,22957568,57587712,0.02106686803745106,0.7447434837979343
4656,1.4956016540527344,0.06772539019584656,1.5023741722106934,0.1,22957568,57587712,0.020307487982790917,0.8961553865971413
4657,1.5296653509140015,0.06839988380670547,1.5365053415298462,0.1,22957568,57587712,0.020441578002646565,0.8086050505081707
4658,1.5966269969940186,0.06612300127744675,1.6032392978668213,0.1,22957568,57587712,0.020296077011153102,0.8060835309601885
4659,1.6112146377563477,0.06765075773000717,1.6179797649383545,0.1,22957568,57587712,0.020239510980900377,0.8828762744685694
4660,1.5325703620910645,0.06904415786266327,1.5394747257232666,0.1,22957568,57587712,0.020243048027623445,0.7697885540460712
4661,1.5366525650024414,0.06818819046020508,1.543471336364746,0.1,22957568,57587712,0.02026441798079759,0.8175158336886247
4662,1.5599128007888794,0.06729486584663391,1.5666422843933105,0.1,22957568,57587712,0.020294864021707326,0.7685861776094719
4663,1.590097427368164,0.06619344651699066,1.5967167615890503,0.1,22957568,57587712,0.020187994989100844,0.7932334063187825
4664,1.5454633235931396,0.06595820188522339,1.5520591735839844,0.1,22957568,57587712,0.020367168996017426,0.7439095449545237
4665,1.5783382654190063,0.06791859120130539,1.5851300954818726,0.1,22957568,57587712,0.02043552801478654,0.7843960172883068
4666,1.5341744422912598,0.0687742531299591,1.5410518646240234,0.1,22957568,57587712,0.02020009799161926,0.8501125689120286
4667,1.54973566532135,0.0678245797753334,1.5565180778503418,0.1,22957568,57587712,0.02029405301436782,0.7811508710563629
4668,1.5657365322113037,0.06836839020252228,1.5725734233856201,0.1,22957568,57587712,0.02026518899947405,0.839591802161488
4669,1.6135501861572266,0.06840407848358154,1.6203906536102295,0.1,22957568,57587712,0.02043108904035762,0.8141510039700548
4670,1.505271315574646,0.06887266784906387,1.5121586322784424,0.1,22957568,57587712,0.0209867280209437,0.8243272687280934
4671,1.574007272720337,0.06819519400596619,1.580826759338379,0.1,22957568,57587712,0.02027858403744176,0.8141257385512624
4672,1.5891902446746826,0.06905699521303177,1.5960959196090698,0.1,22957568,57587712,0.020331151958089322,0.8344608828109294
4673,1.533562183380127,0.06800002604722977,1.5403622388839722,0.1,22957568,57587712,0.020195668970700353,0.8204192060582293
4674,1.5256657600402832,0.06720749288797379,1.5323865413665771,0.1,22957568,57587712,0.020278693991713226,0.8266996304814966
4675,1.5502439737319946,0.06701522320508957,1.5569454431533813,0.1,22957568,57587712,0.02018470800248906,0.794959547730121
4676,1.5354259014129639,0.06946668773889542,1.5423725843429565,0.1,22957568,57587712,0.022663404000923038,0.7388642807815291
4677,1.5526435375213623,0.06698866188526154,1.559342384338379,0.1,22957568,57587712,0.021192904037889093,0.8703053541278422
4678,1.6127004623413086,0.06586350500583649,1.6192867755889893,0.1,22957568,57587712,0.020922549010720104,0.8787675041053111
4679,1.5521169900894165,0.06651653349399567,1.558768630027771,0.1,22957568,57587712,0.020787275047041476,0.8267109742929102
4680,1.4967221021652222,0.06720612943172455,1.5034427642822266,0.1,22957568,57587712,0.020374563988298178,0.8584823268196987
4681,1.5628743171691895,0.06699135154485703,1.5695734024047852,0.1,22957568,57587712,0.020491512026637793,0.888431581413256
4682,1.609775185585022,0.06821873784065247,1.616597056388855,0.1,22957568,57587712,0.020531137008219957,1.1043226287039156
4683,1.5509436130523682,0.06713993847370148,1.5576575994491577,0.1,22957568,57587712,0.020217989978846163,0.8729443271700004
4684,1.532196283340454,0.06863580644130707,1.5390598773956299,0.1,22957568,57587712,0.02049085102044046,0.8977240519778809
4685,1.5859558582305908,0.06765597313642502,1.5927214622497559,0.1,22957568,57587712,0.020974746032152325,0.8741521510291413
4686,1.5750956535339355,0.06800997257232666,1.5818966627120972,0.1,22957568,57587712,0.020202090963721275,0.8629343392252522
4687,1.6151976585388184,0.06795661896467209,1.6219933032989502,0.1,22957568,57587712,0.020469802024308592,0.8453291300645911
4688,1.6067906618118286,0.06715543568134308,1.6135061979293823,0.1,22957568,57587712,0.02040650398703292,0.8146985785426151
4689,1.5889379978179932,0.06686314940452576,1.595624327659607,0.1,22957568,57587712,0.020344988035503775,0.8755404812206473
4690,1.5884722471237183,0.06630180776119232,1.5951024293899536,0.1,22957568,57587712,0.020314852008596063,0.8083914807245359
4691,1.5144233703613281,0.06700970232486725,1.5211243629455566,0.1,22957568,57587712,0.02041461900807917,0.7133918139963776
4692,1.5525977611541748,0.0669059082865715,1.5592883825302124,0.1,22957568,57587712,0.02011506794951856,0.7384472016399782
4693,1.5136582851409912,0.06890389323234558,1.520548701286316,0.1,22957568,57587712,0.020454973971936852,0.7872231422095283
4694,1.5103460550308228,0.06710700690746307,1.5170567035675049,0.1,22957568,57587712,0.020186492009088397,0.8098456502187006
4695,1.5440266132354736,0.06872272491455078,1.5508989095687866,0.1,22957568,57587712,0.02015010401373729,0.8348406430100893
4696,1.5559971332550049,0.06697611510753632,1.562694787979126,0.1,22957568,57587712,0.020404819981195033,0.7507113352872907
4697,1.5878106355667114,0.06517385691404343,1.5943280458450317,0.1,22957568,57587712,0.02026498899795115,0.7899199255669389
4698,1.5874943733215332,0.06659447401762009,1.5941537618637085,0.1,22957568,57587712,0.0203121870290488,0.9446167881265107
4699,1.5374326705932617,0.06756731122732162,1.544189453125,0.1,22957568,57587712,0.020122401998378336,0.8004454438896904
4700,1.5615824460983276,0.06678780168294907,1.5682612657546997,0.1,22957568,57587712,0.024168989970348775,0.8063037882124271
4701,1.4796814918518066,0.06781969219446182,1.4864634275436401,0.1,22957568,57587712,0.021731832006480545,0.7680034216503857
4702,1.5768463611602783,0.0685102790594101,1.5836974382400513,0.1,22957568,57587712,0.02130642597330734,0.9414072366758524
4703,1.5587166547775269,0.06962807476520538,1.5656794309616089,0.1,22957568,57587712,0.020829463959671557,0.8215768521738348
4704,1.5320630073547363,0.0676741749048233,1.5388303995132446,0.1,22957568,57587712,0.02055697503965348,0.8924696780154912
4705,1.528611421585083,0.06863641738891602,1.5354750156402588,0.1,22957568,57587712,0.021526307973545045,0.9455229078110811
4706,1.6299997568130493,0.06728728115558624,1.6367285251617432,0.1,22957568,57587712,0.020615483983419836,0.887609942642405
4707,1.5591596364974976,0.06704236567020416,1.565863847732544,0.1,22957568,57587712,0.02057081100065261,0.8049110329004386
4708,1.583703637123108,0.06727179139852524,1.5904308557510376,0.1,22957568,57587712,0.020364264957606792,0.7221044190401468
4709,1.5698453187942505,0.0674942284822464,1.5765947103500366,0.1,22957568,57587712,0.020432371995411813,0.8335368975253715
4710,1.5288217067718506,0.06740085780620575,1.5355618000030518,0.1,22957568,57587712,0.020493186020758003,0.8370287402044779
4711,1.5681819915771484,0.06548583507537842,1.574730634689331,0.1,22957568,57587712,0.02044307196047157,0.7759330606939409
4712,1.609503984451294,0.0665665864944458,1.6161606311798096,0.1,22957568,57587712,0.020325913035776466,0.7693042455668053
4713,1.5867328643798828,0.06584113091230392,1.5933170318603516,0.1,22957568,57587712,0.020487745001446456,0.9159273686291054
4714,1.5272215604782104,0.06758983433246613,1.5339804887771606,0.1,22957568,57587712,0.02050118101760745,0.7642606695689725
4715,1.5578832626342773,0.07014979422092438,1.5648982524871826,0.1,22957568,57587712,0.02046058396808803,0.81874386418608
4716,1.5926872491836548,0.06810620427131653,1.59949791431427,0.1,22957568,57587712,0.020627446996513754,0.7530551863809655
4717,1.5416545867919922,0.06703318655490875,1.5483579635620117,0.1,22957568,57587712,0.02037882199510932,0.8218999191481918
4718,1.5360735654830933,0.06996601819992065,1.5430701971054077,0.1,22957568,57587712,0.020407395029906183,0.8316809047175
4719,1.5142241716384888,0.06894886493682861,1.5211191177368164,0.1,22957568,57587712,0.020282061013858765,0.9305407377993599
4720,1.6277490854263306,0.06780390441417694,1.6345294713974,0.1,22957568,57587712,0.02096546901157126,0.8776700677106917
4721,1.5674488544464111,0.06764695793390274,1.5742135047912598,0.1,22957568,57587712,0.020380695001222193,0.8403497984673505
4722,1.561199426651001,0.06675031781196594,1.5678744316101074,0.1,22957568,57587712,0.02025345800211653,0.9090534165190437
4723,1.504742980003357,0.06731510162353516,1.5114744901657104,0.1,22957568,57587712,0.02035599999362603,0.7858812208517182
4724,1.6363366842269897,0.0655149593949318,1.6428881883621216,0.1,22957568,57587712,0.020370135025586933,0.8270326218773221
4725,1.5687209367752075,0.06735779345035553,1.5754567384719849,0.1,22957568,57587712,0.020387077005580068,0.7887810185886661
4726,1.5888370275497437,0.06782499700784683,1.595619559288025,0.1,22957568,57587712,0.02013423398602754,0.8424896890202569
4727,1.5708116292953491,0.06765059381723404,1.5775766372680664,0.1,22957568,57587712,0.020328657992649823,0.7532849157597477
4728,1.6008609533309937,0.06682984530925751,1.6075439453125,0.1,22957568,57587712,0.020395313040353358,0.9109380920107372
4729,1.6083317995071411,0.06657818704843521,1.6149896383285522,0.1,22957568,57587712,0.02018610097002238,0.8323441948391384
4730,1.589807152748108,0.06878137588500977,1.5966852903366089,0.1,22957568,57587712,0.020337184017989784,0.8865284932622863
4731,1.5568766593933105,0.06807467341423035,1.563684105873108,0.1,22957568,57587712,0.020349266997072846,0.8330986360307574
4732,1.5977184772491455,0.06761545687913895,1.6044800281524658,0.1,22957568,57587712,0.020315033034421504,0.8253099441263619
4733,1.6471384763717651,0.0675458014011383,1.6538931131362915,0.1,22957568,57587712,0.020251163048669696,0.8902675013996575
4734,1.6227900981903076,0.06712116301059723,1.6295021772384644,0.1,22957568,57587712,0.020410531025845557,0.9596978547383187
4735,1.5532628297805786,0.06632913649082184,1.5598957538604736,0.1,22957568,57587712,0.02106494503095746,0.7704157638368769
4736,1.5487561225891113,0.0679483488202095,1.5555509328842163,0.1,22957568,57587712,0.02028240100480616,0.812233091031104
4737,1.6085395812988281,0.06749598681926727,1.6152892112731934,0.1,22957568,57587712,0.020337996014859527,0.9447523758878966
4738,1.5382869243621826,0.06430322676897049,1.5447171926498413,0.1,22957568,57587712,0.020395472995005548,0.9275241968845701
4739,1.6286194324493408,0.06505077332258224,1.6351245641708374,0.1,22957568,57587712,0.020509185967966914,0.8773751163491166
4740,1.574540615081787,0.06643199175596237,1.5811837911605835,0.1,22957568,57587712,0.02023277897387743,0.7861728082168952
4741,1.5421103239059448,0.06638418138027191,1.5487487316131592,0.1,22957568,57587712,0.020235253032296896,0.8204246592533174
4742,1.5790079832077026,0.06661766022443771,1.585669755935669,0.1,22957568,57587712,0.02036849199794233,0.9183417490519149
4743,1.5590811967849731,0.06656265258789062,1.5657374858856201,0.1,22957568,57587712,0.020248718035873026,0.81481348007041
4744,1.5383411645889282,0.06640356779098511,1.5449814796447754,0.1,22957568,57587712,0.02039308799430728,0.8059898512041294
4745,1.536942720413208,0.06678786873817444,1.54362154006958,0.1,22957568,57587712,0.020429968019016087,0.814166205247836
4746,1.5571483373641968,0.06629134714603424,1.5637774467468262,0.1,22957568,57587712,0.020177304977551103,0.7462646693173576
4747,1.5163753032684326,0.06871423125267029,1.5232467651367188,0.1,22957568,57587712,0.020460714993532747,0.7489831344476003
4748,1.5392290353775024,0.06636649370193481,1.5458656549453735,0.1,22957568,57587712,0.02034288499271497,0.8360068278849347
4749,1.5805789232254028,0.06691311299800873,1.5872702598571777,0.1,22957568,57587712,0.020255370996892452,0.8063512649628052
4750,1.536895751953125,0.06782121956348419,1.5436779260635376,0.1,22957568,57587712,0.021037744008935988,0.8453371222871049
4751,1.5676692724227905,0.06746377795934677,1.574415683746338,0.1,22957568,57587712,0.020108114986214787,0.8714945268047711
4752,1.5468567609786987,0.0668678879737854,1.5535435676574707,0.1,22957568,57587712,0.020342133997473866,0.7611023604104555
4753,1.5902173519134521,0.06677000969648361,1.596894383430481,0.1,22957568,57587712,0.020491081988438964,0.8966758048591847
4754,1.5872992277145386,0.06594834476709366,1.5938940048217773,0.1,22957568,57587712,0.020806282002013177,0.8134831771665373
4755,1.5237983465194702,0.06830698251724243,1.53062903881073,0.1,22957568,57587712,0.020519143959973007,0.9275408965628523
4756,1.4856235980987549,0.06731165945529938,1.4923547506332397,0.1,22957568,57587712,0.020398658991325647,0.8158266415112492
4757,1.5753450393676758,0.06781595945358276,1.5821266174316406,0.1,22957568,57587712,0.020420108980033547,0.9945191330159412
4758,1.5310585498809814,0.06864260137081146,1.5379228591918945,0.1,22957568,57587712,0.020187163027003407,0.8337629672678711
4759,1.5677803754806519,0.0670120120048523,1.5744816064834595,0.1,22957568,57587712,0.020406031981110573,0.8918768563525282
4760,1.5832966566085815,0.06638530641794205,1.5899351835250854,0.1,22957568,57587712,0.020151395990978926,0.927043467544756
4761,1.6062506437301636,0.0668155699968338,1.6129322052001953,0.1,22957568,57587712,0.021275578998029232,0.9173614120878056
4762,1.572464942932129,0.06680836528539658,1.5791457891464233,0.1,22957568,57587712,0.022027375001925975,0.8077001810908518
4763,1.551975131034851,0.06745698302984238,1.5587208271026611,0.1,22957568,57587712,0.021500870992895216,0.8160039281202218
4764,1.5702966451644897,0.06668666750192642,1.57696533203125,0.1,22957568,57587712,0.020827711035963148,0.8898729230351254
4765,1.600716471672058,0.06655803322792053,1.6073722839355469,0.1,22957568,57587712,0.02109993004705757,0.8904196530145855
4766,1.5861810445785522,0.06669960916042328,1.5928510427474976,0.1,22957568,57587712,0.020704391004983336,0.7786846265330206
4767,1.592954397201538,0.06754405796527863,1.5997087955474854,0.1,22957568,57587712,0.020322347001638263,0.7424675599631237
4768,1.6174699068069458,0.06695263087749481,1.6241651773452759,0.1,22957568,57587712,0.02046875999076292,0.8747672621200455
4769,1.516790509223938,0.06779372692108154,1.5235698223114014,0.1,22957568,57587712,0.020478188002016395,0.8649817128203143
4770,1.5729610919952393,0.06755410879850388,1.579716444015503,0.1,22957568,57587712,0.020143131026998162,0.8409445213697537
4771,1.5763450860977173,0.06726206839084625,1.5830713510513306,0.1,22957568,57587712,0.020594425033777952,0.7945251743418478
4772,1.5340062379837036,0.0671103447675705,1.5407172441482544,0.1,22957568,57587712,0.020566413004416972,0.7947360119567823
4773,1.57451331615448,0.06689095497131348,1.5812023878097534,0.1,22957568,57587712,0.02048447000561282,0.8773715809340291
4774,1.4863139390945435,0.06684763729572296,1.492998719215393,0.1,22957568,57587712,0.02039518201490864,0.7440361874296606
4775,1.5452994108200073,0.06696206331253052,1.5519956350326538,0.1,22957568,57587712,0.020383420982398093,0.7883493184781275
4776,1.5576382875442505,0.06591609120368958,1.5642298460006714,0.1,22957568,57587712,0.020439755986444652,0.7722542953232218
4777,1.5710996389389038,0.06829636543989182,1.5779292583465576,0.1,22957568,57587712,0.020400000968948007,0.8934346044818386
4778,1.5644218921661377,0.06689468026161194,1.5711113214492798,0.1,22957568,57587712,0.02040956902783364,0.8629554757644484
4779,1.5459315776824951,0.06678518652915955,1.5526100397109985,0.1,22957568,57587712,0.02031523297773674,0.8854933940152498
4780,1.5664821863174438,0.06681646406650543,1.5731638669967651,0.1,22957568,57587712,0.021108206012286246,0.9293313100579687
4781,1.4781869649887085,0.06677530705928802,1.4848644733428955,0.1,22957568,57587712,0.020427873998414725,0.7502093440452764
4782,1.5398950576782227,0.06731751561164856,1.5466268062591553,0.1,22957568,57587712,0.020343615964520723,0.7886011007431901
4783,1.587180495262146,0.06789359450340271,1.5939698219299316,0.1,22957568,57587712,0.02068454399704933,0.8063858492337914
4784,1.5003050565719604,0.06850370019674301,1.507155418395996,0.1,22957568,57587712,0.02026324503822252,0.785645031175001
4785,1.6131986379623413,0.06759337335824966,1.6199579238891602,0.1,22957568,57587712,0.02030075603397563,0.8038173719455318
4786,1.6148549318313599,0.06596798449754715,1.621451735496521,0.1,22957568,57587712,0.020201030012685806,0.7846204420460303
4787,1.653584361076355,0.06597446650266647,1.6601817607879639,0.1,22957568,57587712,0.019889035960659385,0.9002326535162511
4788,1.689825177192688,0.06516876816749573,1.69634211063385,0.1,22957568,57587712,0.020493666001129895,0.8448203124925953
4789,1.509365200996399,0.06669200211763382,1.5160343647003174,0.1,22957568,57587712,0.020227920031175017,0.8693246323343067
4790,1.5432004928588867,0.06670986860990524,1.5498714447021484,0.1,22957568,57587712,0.020287942024879158,0.7982431196755566
4791,1.544244647026062,0.06598113477230072,1.5508427619934082,0.1,22957568,57587712,0.020558067015372217,0.8514735014023224
4792,1.5661908388137817,0.06596438586711884,1.5727872848510742,0.1,22957568,57587712,0.020129155018366873,0.8692869346375867
4793,1.5181273221969604,0.06758355349302292,1.524885654449463,0.1,22957568,57587712,0.020507692999672145,0.8292743673605757
4794,1.6200228929519653,0.06645604223012924,1.6266684532165527,0.1,22957568,57587712,0.02029375301208347,0.823174484710577
4795,1.5408152341842651,0.06634882092475891,1.547450065612793,0.1,22957568,57587712,0.021052903030067682,0.7618579543875148
4796,1.530521273612976,0.06856070458889008,1.5373773574829102,0.1,22957568,57587712,0.02008958102669567,0.8546175422341078
4797,1.5783641338348389,0.06743809580802917,1.5851079225540161,0.1,22957568,57587712,0.020292981003876776,0.8369103809487703
4798,1.5556398630142212,0.06732940673828125,1.5623728036880493,0.1,22957568,57587712,0.020419678010512143,0.8171545175903536
4799,1.5993050336837769,0.06858886778354645,1.6061639785766602,0.1,22957568,57587712,0.020249690976925194,0.8072094841828612
4800,1.5831626653671265,0.06647539883852005,1.5898102521896362,0.1,22957568,57587712,0.023188686987850815,0.7839641742348654
4801,1.5651204586029053,0.06667457520961761,1.57178795337677,0.1,22957568,57587712,0.022584787977393717,0.8878303496742677
4802,1.5465167760849,0.06810535490512848,1.5533273220062256,0.1,22957568,57587712,0.02130922197829932,0.9112608640491088
4803,1.6340739727020264,0.06773937493562698,1.64084792137146,0.1,22957568,57587712,0.0205160389887169,0.9092657290635905
4804,1.609464168548584,0.06737813353538513,1.6162019968032837,0.1,22957568,57587712,0.0206061769858934,0.86084689410877
4805,1.5539617538452148,0.06693322956562042,1.560655117034912,0.1,22957568,57587712,0.020615615008864552,0.9139882930179062
4806,1.5408575534820557,0.06770778447389603,1.5476282835006714,0.1,22957568,57587712,0.020500529964920133,0.817474667683333
4807,1.5549925565719604,0.06575216352939606,1.561567783355713,0.1,22957568,57587712,0.020602540986146778,0.8292159405574329
4808,1.5671743154525757,0.0670621320605278,1.5738805532455444,0.1,22957568,57587712,0.020508855988737196,0.8677502863477031
4809,1.551318883895874,0.0647830069065094,1.5577971935272217,0.1,22957568,57587712,0.020673202991019934,0.7694878675068841
4810,1.532702922821045,0.06659373641014099,1.5393623113632202,0.1,22957568,57587712,0.02054871997097507,0.8237319495857902
4811,1.49464750289917,0.0673704594373703,1.5013844966888428,0.1,22957568,57587712,0.02042623102897778,0.8127559905829812
4812,1.6230559349060059,0.06584437191486359,1.6296403408050537,0.1,22957568,57587712,0.02043763198889792,0.8532537537446204
4813,1.490389347076416,0.06676208227872849,1.497065544128418,0.1,22957568,57587712,0.020330992992967367,0.8444921211871627
4814,1.5133659839630127,0.06642341613769531,1.5200083255767822,0.1,22957568,57587712,0.020244812010787427,0.7793876782171009
4815,1.5909010171890259,0.06790442019701004,1.5976914167404175,0.1,22957568,57587712,0.02029336302075535,0.8219624524670315
4816,1.6002296209335327,0.06644829362630844,1.6068744659423828,0.1,22957568,57587712,0.02029228099854663,0.8365474602661348
4817,1.5443904399871826,0.06835080683231354,1.5512255430221558,0.1,22957568,57587712,0.020374123996589333,0.8827108222443387
4818,1.549795150756836,0.0664685070514679,1.5564420223236084,0.1,22957568,57587712,0.02026158303488046,0.954355020639521
4819,1.5923458337783813,0.06788387894630432,1.5991342067718506,0.1,22957568,57587712,0.020477146958000958,0.8359719684082595
4820,1.5010652542114258,0.067040354013443,1.5077693462371826,0.1,22957568,57587712,0.02020996599458158,0.8157437747624825
4821,1.5436015129089355,0.06605444103479385,1.5502068996429443,0.1,22957568,57587712,0.020328829006757587,0.943356309142805
4822,1.5823559761047363,0.06475161015987396,1.5888311862945557,0.1,22957568,57587712,0.02040397998644039,0.8144144184391118
4823,1.4849830865859985,0.06637749820947647,1.4916207790374756,0.1,22957568,57587712,0.02011296496493742,0.7609344122861066
4824,1.6119650602340698,0.06477273255586624,1.6184422969818115,0.1,22957568,57587712,0.02069346100324765,0.8092990511184219
4825,1.5856528282165527,0.06567655503749847,1.592220425605774,0.1,22957568,57587712,0.020218011981341988,0.8690986332081863
4826,1.5313115119934082,0.06600278615951538,1.5379117727279663,0.1,22957568,57587712,0.02035052899736911,0.8921497119316042
4827,1.5237696170806885,0.0665007159113884,1.5304197072982788,0.1,22957568,57587712,0.020352834020741284,0.8151712384214918
4828,1.5970218181610107,0.0664537325501442,1.603667140007019,0.1,22957568,57587712,0.02047419099835679,0.8154117069539105
4829,1.5893642902374268,0.06595391035079956,1.5959596633911133,0.1,22957568,57587712,0.020386957039590925,0.8312867845297942
4830,1.531070351600647,0.06762730330228806,1.5378330945968628,0.1,22957568,57587712,0.020992780977394432,0.8795083092888284
4831,1.6137239933013916,0.06727617979049683,1.62045156955719,0.1,22957568,57587712,0.020255993003956974,0.8617398820381144
4832,1.5739039182662964,0.06806503236293793,1.5807104110717773,0.1,22957568,57587712,0.02037812100024894,0.8602656632420018
4833,1.4686506986618042,0.06881420314311981,1.4755321741104126,0.1,22957568,57587712,0.020418876956682652,0.8247826156071861
4834,1.555539608001709,0.06836679577827454,1.5623762607574463,0.1,22957568,57587712,0.0202120509929955,0.911279086959189
4835,1.5865484476089478,0.06804179400205612,1.5933526754379272,0.1,22957568,57587712,0.02007365203462541,0.9113312222898718
4836,1.504299521446228,0.06658156961202621,1.5109577178955078,0.1,22957568,57587712,0.02023029502015561,0.8272491780985066
4837,1.5211260318756104,0.06698304414749146,1.5278242826461792,0.1,22957568,57587712,0.020081597031094134,0.7695178560276457
4838,1.6228605508804321,0.06525200605392456,1.6293857097625732,0.1,22957568,57587712,0.02030874096089974,0.7413591500783138
4839,1.52847158908844,0.06658021360635757,1.5351296663284302,0.1,22957568,57587712,0.020499157020822167,0.8207914853814183
4840,1.5966029167175293,0.06703604012727737,1.603306531906128,0.1,22957568,57587712,0.020149232994299382,0.7978647449851372
4841,1.5594862699508667,0.0655866265296936,1.5660449266433716,0.1,22957568,57587712,0.020658674999140203,0.8078313840446355
4842,1.5675923824310303,0.06670752167701721,1.574263095855713,0.1,22957568,57587712,0.020211499009747058,0.7724920370761842
4843,1.5014100074768066,0.06667959690093994,1.5080779790878296,0.1,22957568,57587712,0.020199607009999454,0.8129978301533534
4844,1.5889387130737305,0.06602330505847931,1.595541000366211,0.1,22957568,57587712,0.0205179619952105,0.8192315101233585
4845,1.593849778175354,0.0662778913974762,1.6004775762557983,0.1,22957568,57587712,0.020807183987926692,0.8570977893761158
4846,1.5169614553451538,0.06629261374473572,1.5235906839370728,0.1,22957568,57587712,0.02022978401510045,0.7916539598420137
4847,1.6439540386199951,0.06662251055240631,1.6506162881851196,0.1,22957568,57587712,0.020342795993201435,0.857074273320265
4848,1.5606735944747925,0.06620192527770996,1.5672937631607056,0.1,22957568,57587712,0.020249449997209013,0.9085851392873269
4849,1.5389949083328247,0.06564625352621078,1.5455595254898071,0.1,22957568,57587712,0.02019420696888119,0.7554425007270779
4850,1.5704925060272217,0.06618505716323853,1.577111005783081,0.1,22957568,57587712,0.020186152018141,0.8975964474284701
4851,1.5456477403640747,0.06629502773284912,1.5522772073745728,0.1,22957568,57587712,0.020099901012144983,0.825672450778572
4852,1.5305057764053345,0.06672894209623337,1.537178635597229,0.1,22957568,57587712,0.02009002200793475,0.8795300195618155
4853,1.5634855031967163,0.06643639504909515,1.570129156112671,0.1,22957568,57587712,0.02035688195610419,0.8091317743832936
4854,1.6915541887283325,0.0659274086356163,1.698146939277649,0.1,22957568,57587712,0.021775774948764592,0.9120137217121379
4855,1.5593968629837036,0.06662975996732712,1.5660598278045654,0.1,22957568,57587712,0.023978315002750605,0.8134740970696284
4856,1.5966401100158691,0.0666801780462265,1.603308081626892,0.1,22957568,57587712,0.020938328991178423,0.8596995775237682
4857,1.5939891338348389,0.0659610778093338,1.6005852222442627,0.1,22957568,57587712,0.02081605000421405,0.7869734269637149
4858,1.6163362264633179,0.06635239720344543,1.6229714155197144,0.1,22957568,57587712,0.02059938502497971,0.8934639567991516
4859,1.5746411085128784,0.06567990779876709,1.5812090635299683,0.1,22957568,57587712,0.020484279026277363,0.8623964263609791
4860,1.5403422117233276,0.06510632485151291,1.5468528270721436,0.1,22957568,57587712,0.02220874500926584,0.8599354025491127
4861,1.5399444103240967,0.06640519946813583,1.546584963798523,0.1,22957568,57587712,0.02073443797416985,0.8153051378393334
4862,1.540643572807312,0.06688468158245087,1.5473320484161377,0.1,22957568,57587712,0.020675618026871234,0.8488999945674118
4863,1.4860206842422485,0.0673445463180542,1.4927551746368408,0.1,22957568,57587712,0.020525065017864108,0.8436056806214794
4864,1.5285135507583618,0.06818173080682755,1.5353317260742188,0.1,22957568,57587712,0.020228361012414098,0.8245223181176797
4865,1.629461646080017,0.06628157198429108,1.63608980178833,0.1,22957568,57587712,0.02042017999337986,1.0441292059399752
4866,1.5903255939483643,0.06665652990341187,1.5969913005828857,0.1,22957568,57587712,0.020533242030069232,0.8309323618865906
4867,1.6200717687606812,0.06507496535778046,1.6265792846679688,0.1,22957568,57587712,0.020354656968265772,0.7710696313049457
4868,1.539222002029419,0.06623812019824982,1.545845866203308,0.1,22957568,57587712,0.02028465602779761,0.7167187894539012
4869,1.599313735961914,0.06652341783046722,1.6059660911560059,0.1,22957568,57587712,0.020194637996610254,0.891912166786407
4870,1.6097720861434937,0.0667390301823616,1.6164460182189941,0.1,22957568,57587712,0.020299964991863817,0.9479533805073125
4871,1.5987473726272583,0.06620745360851288,1.6053681373596191,0.1,22957568,57587712,0.02025895903352648,0.8527324667580976
4872,1.5172697305679321,0.06798212975263596,1.524067997932434,0.1,22957568,57587712,0.020302890974562615,0.832742436798641
4873,1.5975513458251953,0.06409309804439545,1.603960633277893,0.1,22957568,57587712,0.02023825899232179,0.8188797261996723
4874,1.6021287441253662,0.06737925857305527,1.6088666915893555,0.1,22957568,57587712,0.020192504045553505,0.8525494273894277
4875,1.562253475189209,0.06697489321231842,1.5689510107040405,0.1,22957568,57587712,0.021144854952581227,0.8257844811811378
4876,1.580086588859558,0.0676501989364624,1.5868515968322754,0.1,22957568,57587712,0.02015916199889034,0.8233759303428502
4877,1.5106340646743774,0.06708848476409912,1.5173429250717163,0.1,22957568,57587712,0.02055398904485628,0.9077872734249829
4878,1.5624375343322754,0.06909109652042389,1.5693466663360596,0.1,22957568,57587712,0.02022306201979518,0.925373086529069
4879,1.5975786447525024,0.06675843149423599,1.6042544841766357,0.1,22957568,57587712,0.020168650022242218,0.8833560867557989
4880,1.6116273403167725,0.06758235394954681,1.6183855533599854,0.1,22957568,57587712,0.020275118993595243,0.8823586979696841
4881,1.5643715858459473,0.06639125198125839,1.571010708808899,0.1,22957568,57587712,0.020026232989039272,0.9258704682112666
4882,1.5962094068527222,0.06604202091693878,1.6028136014938354,0.1,22957568,57587712,0.020125720009673387,0.8877752087832856
4883,1.5293210744857788,0.068171426653862,1.5361381769180298,0.1,22957568,57587712,0.02018160402076319,0.8382866615989141
4884,1.5425325632095337,0.0690438374876976,1.5494369268417358,0.1,22957568,57587712,0.020062330993823707,0.8223397933882659
4885,1.4869712591171265,0.06933168321847916,1.4939044713974,0.1,22957568,57587712,0.020127812982536852,0.9848785095279851
4886,1.5201224088668823,0.06769011914730072,1.5268914699554443,0.1,22957568,57587712,0.020255141018424183,0.8734613513539549
4887,1.5895246267318726,0.06667082011699677,1.5961917638778687,0.1,22957568,57587712,0.02003521000733599,0.8028973653369494
4888,1.5440536737442017,0.06652199476957321,1.550705909729004,0.1,22957568,57587712,0.020189759030472487,0.8113815778902634
4889,1.515061855316162,0.06666247546672821,1.5217281579971313,0.1,22957568,57587712,0.02020992594771087,0.9064980685433172
4890,1.5840336084365845,0.06497840583324432,1.5905314683914185,0.1,22957568,57587712,0.020769744005519897,0.8490976014316397
4891,1.6042048931121826,0.06547300517559052,1.6107522249221802,0.1,22957568,57587712,0.0201397460186854,0.8239394720056017
4892,1.539145827293396,0.06800782680511475,1.5459465980529785,0.1,22957568,57587712,0.020167768001556396,0.790947986252591
4893,1.614091157913208,0.06730279326438904,1.620821475982666,0.1,22957568,57587712,0.020268145017325878,0.9890599968412769
4894,1.6163727045059204,0.06732291728258133,1.6231050491333008,0.1,22957568,57587712,0.02014046598924324,0.8202685523447842
4895,1.5753579139709473,0.06629133224487305,1.5819870233535767,0.1,22957568,57587712,0.02025416900869459,0.7760875150185479
4896,1.5765326023101807,0.06700828671455383,1.5832334756851196,0.1,22957568,57587712,0.020542779006063938,0.8803415122909718
4897,1.5757282972335815,0.0660862997174263,1.5823369026184082,0.1,22957568,57587712,0.020353404979687184,0.8288957010953999
4898,1.5522382259368896,0.06824396550655365,1.5590626001358032,0.1,22957568,57587712,0.020048764999955893,0.7997248803677122
4899,1.5434147119522095,0.06697115302085876,1.5501117706298828,0.1,22957568,57587712,0.020338747010100633,0.7680757351823034
4900,1.577178716659546,0.06887160986661911,1.5840659141540527,0.1,22957568,57587712,0.023135879018809646,0.8666126747895373
4901,1.5791168212890625,0.06665624678134918,1.5857824087142944,0.1,22957568,57587712,0.021425791026558727,0.8622824443443081
4902,1.5693060159683228,0.06708508729934692,1.576014518737793,0.1,22957568,57587712,0.021087437984533608,0.871308412581656
4903,1.5665363073349,0.06834062188863754,1.573370337486267,0.1,22957568,57587712,0.02109424996888265,0.8047476478986945
4904,1.5739233493804932,0.06774358451366425,1.5806976556777954,0.1,22957568,57587712,0.02082148101180792,0.808978602199044
4905,1.562851071357727,0.06775015592575073,1.5696260929107666,0.1,22957568,57587712,0.02091144898440689,0.8612616356065402
4906,1.5577905178070068,0.06653686612844467,1.5644441843032837,0.1,22957568,57587712,0.020591750973835588,0.8146042765096412
4907,1.5620981454849243,0.06709660589694977,1.56880784034729,0.1,22957568,57587712,0.020354476990178227,0.8653044286867924
4908,1.5876948833465576,0.06744016706943512,1.594438910484314,0.1,22957568,57587712,0.020636495028156787,0.939665196706517
4909,1.49863862991333,0.06914012134075165,1.5055526494979858,0.1,22957568,57587712,0.02073610102524981,0.7526907586093757
4910,1.5594680309295654,0.06635351479053497,1.5661033391952515,0.1,22957568,57587712,0.02147851896006614,0.8023168602339108
4911,1.6430363655090332,0.06642211228609085,1.6496785879135132,0.1,22957568,57587712,0.020647255005314946,0.8542385698542594
4912,1.5809653997421265,0.06539711356163025,1.5875051021575928,0.1,22957568,57587712,0.02060250099748373,0.8133346697472792
4913,1.561906337738037,0.06590540707111359,1.568496823310852,0.1,22957568,57587712,0.020558568998239934,0.829017219620936
4914,1.5639947652816772,0.06540486216545105,1.5705353021621704,0.1,22957568,57587712,0.020578215015120804,0.831623878189023
4915,1.5495015382766724,0.06505782902240753,1.5560072660446167,0.1,22957568,57587712,0.02035528898704797,0.7528765461414697
4916,1.5215158462524414,0.06645078212022781,1.5281609296798706,0.1,22957568,57587712,0.020499659003689885,0.7738554216691583
4917,1.596598744392395,0.06638523191213608,1.603237271308899,0.1,22957568,57587712,0.020411755016539246,0.8875668532778105
4918,1.5892934799194336,0.06753701716661453,1.5960471630096436,0.1,22957568,57587712,0.020493677991908044,0.849926902340525
4919,1.5769580602645874,0.06769700348377228,1.5837277173995972,0.1,22957568,57587712,0.02023687702603638,0.8970409459479806
4920,1.5670403242111206,0.06756605952978134,1.5737969875335693,0.1,22957568,57587712,0.020517933007795364,0.817820916184551
4921,1.5385252237319946,0.06762252748012543,1.5452874898910522,0.1,22957568,57587712,0.02061810001032427,0.8503974839980551
4922,1.5533875226974487,0.06829515099525452,1.560217022895813,0.1,22957568,57587712,0.020646883989684284,0.8524873688045953
4923,1.6097252368927002,0.06876290589570999,1.616601586341858,0.1,22957568,57587712,0.020379504014272243,0.8389418815272413
4924,1.552618145942688,0.0660393238067627,1.5592221021652222,0.1,22957568,57587712,0.020252667018212378,0.7499484290818651
4925,1.5268112421035767,0.06698146462440491,1.533509373664856,0.1,22957568,57587712,0.021015903970692307,0.8154087168128125
4926,1.6275802850723267,0.0654759332537651,1.6341278553009033,0.1,22957568,57587712,0.020338537986390293,0.9049989537271227
4927,1.5329777002334595,0.06753849983215332,1.539731502532959,0.1,22957568,57587712,0.02038494503358379,0.8528291483401821
4928,1.5287748575210571,0.0678240954875946,1.5355572700500488,0.1,22957568,57587712,0.020226217980962247,0.786993762320859
4929,1.5478472709655762,0.06892772018909454,1.554740071296692,0.1,22957568,57587712,0.02040003298316151,0.8560280313013813
4930,1.5883429050445557,0.06810644268989563,1.595153570175171,0.1,22957568,57587712,0.020330703002400696,0.8052464729152369
4931,1.533629298210144,0.06758533418178558,1.5403878688812256,0.1,22957568,57587712,0.020161185006145388,0.8186601139315396
4932,1.5524468421936035,0.06776111572980881,1.559222936630249,0.1,22957568,57587712,0.020576352952048182,0.8498258343816147
4933,1.5526442527770996,0.06628221273422241,1.5592725276947021,0.1,22957568,57587712,0.02027058001840487,0.7647374320660085
4934,1.550249695777893,0.06840075552463531,1.5570898056030273,0.1,22957568,57587712,0.020365217002108693,0.7677421337635635
4935,1.5531620979309082,0.06812234967947006,1.5599743127822876,0.1,22957568,57587712,0.020170483039692044,0.8308854446958441
4936,1.5859578847885132,0.06697764247655869,1.5926556587219238,0.1,22957568,57587712,0.02019739302340895,0.8524039115947584
4937,1.5161906480789185,0.0663599744439125,1.5228266716003418,0.1,22957568,57587712,0.020371067977976054,0.8041342587167117
4938,1.5930663347244263,0.06531969457864761,1.5995982885360718,0.1,22957568,57587712,0.020215067022945732,0.8072209902093855
4939,1.5911180973052979,0.06746973842382431,1.597865104675293,0.1,22957568,57587712,0.020251383946742862,0.7688155104966653
4940,1.6120061874389648,0.06686997413635254,1.618693232536316,0.1,22957568,57587712,0.02127213397761807,0.8424524978246772
4941,1.5364882946014404,0.0669422373175621,1.5431824922561646,0.1,22957568,57587712,0.02023002499481663,0.8544384729242899
4942,1.6125246286392212,0.06705330312252045,1.6192299127578735,0.1,22957568,57587712,0.020557987969368696,0.8403102247930626
4943,1.5472131967544556,0.0671025812625885,1.553923487663269,0.1,22957568,57587712,0.020265371014829725,0.8238802376851616
4944,1.5384734869003296,0.06643687933683395,1.5451171398162842,0.1,22957568,57587712,0.02030233998084441,0.8363056718244826
4945,1.5262088775634766,0.06676438450813293,1.5328853130340576,0.1,22957568,57587712,0.020272803958505392,0.8137300221094182
4946,1.6235713958740234,0.06698109209537506,1.6302695274353027,0.1,22957568,57587712,0.02044214098714292,0.8200092315474186
4947,1.5558700561523438,0.06787818670272827,1.5626578330993652,0.1,22957568,57587712,0.020132212026510388,0.7787926759800957
4948,1.6098445653915405,0.06741869449615479,1.616586446762085,0.1,22957568,57587712,0.02021692000562325,0.8778717304045947
4949,1.5819733142852783,0.067497119307518,1.588723063468933,0.1,22957568,57587712,0.020398078951984644,0.8736902544400671
4950,1.5948967933654785,0.06637674570083618,1.6015344858169556,0.1,22957568,57587712,0.020171556039713323,0.9201261783881431
4951,1.6137850284576416,0.0668112263083458,1.6204661130905151,0.1,22957568,57587712,0.020315875008236617,0.8125692565082707
4952,1.5565353631973267,0.06857083737850189,1.5633924007415771,0.1,22957568,57587712,0.020220175967551768,0.7970173255556823
4953,1.6047465801239014,0.06688471138477325,1.611435055732727,0.1,22957568,57587712,0.020123846014030278,0.8632181779917932
4954,1.591673493385315,0.06581050157546997,1.5982545614242554,0.1,22957568,57587712,0.020439676998648793,0.8856876737193369
4955,1.582680344581604,0.0663241371512413,1.5893127918243408,0.1,22957568,57587712,0.021122403035406023,0.7778733914148048
4956,1.5308960676193237,0.0660281777381897,1.5374988317489624,0.1,22957568,57587712,0.020248729968443513,0.837347177921059
4957,1.6184087991714478,0.06489965319633484,1.6248987913131714,0.1,22957568,57587712,0.02060387301025912,0.8183128113518704
4958,1.5211251974105835,0.066548191010952,1.5277800559997559,0.1,22957568,57587712,0.020462658954784274,0.8385373676017086
4959,1.576344609260559,0.0664316862821579,1.5829877853393555,0.1,22957568,57587712,0.020767819951288402,0.9030664718800008
4960,1.4908727407455444,0.0662030577659607,1.497493028640747,0.1,22957568,57587712,0.021185280987992883,0.7925086784413653
4961,1.5532689094543457,0.06601767241954803,1.559870719909668,0.1,22957568,57587712,0.021298373001627624,0.7514023480049844
4962,1.5467694997787476,0.06543175131082535,1.5533126592636108,0.1,22957568,57587712,0.02176811097888276,0.8440114015363718
4963,1.5856257677078247,0.06570304930210114,1.5921961069107056,0.1,22957568,57587712,0.02054129703901708,0.859815105935578
4964,1.5175451040267944,0.06669029593467712,1.5242141485214233,0.1,22957568,57587712,0.020577443996444345,0.7992111775636235
4965,1.563269853591919,0.06604967266321182,1.5698747634887695,0.1,22957568,57587712,0.020305384998209774,0.8522754302844722
4966,1.5592225790023804,0.06488191336393356,1.5657107830047607,0.1,22957568,57587712,0.020563849015161395,0.8169114441645322
4967,1.5651705265045166,0.06531475484371185,1.571702003479004,0.1,22957568,57587712,0.020514936943072826,0.9059224065634095
4968,1.543328046798706,0.06561838835477829,1.5498899221420288,0.1,22957568,57587712,0.020559551019687206,0.7866912281322715
4969,1.5778515338897705,0.06627243757247925,1.584478735923767,0.1,22957568,57587712,0.020634971966501325,0.8324662741598298
4970,1.57676362991333,0.06496505439281464,1.583260178565979,0.1,22957568,57587712,0.021800011047162116,0.8712744254581082
4971,1.5863503217697144,0.0660930722951889,1.5929596424102783,0.1,22957568,57587712,0.02081456803716719,0.8918585928422229
4972,1.51968514919281,0.06562017649412155,1.5262471437454224,0.1,22957568,57587712,0.020374354964587837,0.826810497495885
4973,1.6073246002197266,0.0660037100315094,1.6139249801635742,0.1,22957568,57587712,0.02068135899025947,0.8953992518053954
4974,1.577717661857605,0.06583921611309052,1.5843015909194946,0.1,22957568,57587712,0.020456417987588793,0.8112048238656304
4975,1.538439393043518,0.06550727784633636,1.544990062713623,0.1,22957568,57587712,0.020914554013870656,0.7826009882829892
4976,1.5674430131912231,0.06509365141391754,1.5739524364471436,0.1,22957568,57587712,0.020897693990264088,0.8330481567401349
4977,1.5848639011383057,0.06648824363946915,1.591512680053711,0.1,22957568,57587712,0.02031813998473808,0.8265122892415155
4978,1.5050272941589355,0.06557945162057877,1.5115852355957031,0.1,22957568,57587712,0.020375425985548645,0.7343777627334978
4979,1.5722659826278687,0.06737786531448364,1.5790038108825684,0.1,22957568,57587712,0.020423596957698464,0.8491957460914372
4980,1.5209836959838867,0.06817746162414551,1.5278013944625854,0.1,22957568,57587712,0.020340851973742247,0.792366967043241
4981,1.507697343826294,0.06662052869796753,1.5143593549728394,0.1,22957568,57587712,0.020454574027098715,0.7903440794766743
4982,1.5536221265792847,0.06625834107398987,1.5602480173110962,0.1,22957568,57587712,0.020321324991527945,0.8374897301304097
4983,1.608559489250183,0.06678904592990875,1.6152384281158447,0.1,22957568,57587712,0.020208825008012354,0.8238286151381888
4984,1.5456138849258423,0.06610383093357086,1.5522242784500122,0.1,22957568,57587712,0.02017687604529783,0.8975751391867076
4985,1.5508220195770264,0.06642197072505951,1.5574642419815063,0.1,22957568,57587712,0.021298493025824428,0.8015537727425022
4986,1.583439588546753,0.06582342833280563,1.5900219678878784,0.1,22957568,57587712,0.020403248956426978,0.8767254121475397
4987,1.5821744203567505,0.06568099558353424,1.5887424945831299,0.1,22957568,57587712,0.020111543009988964,0.855100360269582
4988,1.624473214149475,0.06492380797863007,1.6309655904769897,0.1,22957568,57587712,0.020794180047232658,0.8452046534119828
4989,1.5879497528076172,0.06453317403793335,1.5944030284881592,0.1,22957568,57587712,0.02115458296611905,0.8561235112084441
4990,1.5440478324890137,0.0652332678437233,1.5505712032318115,0.1,22957568,57587712,0.021041752013843507,0.8879019538662597
4991,1.5747108459472656,0.06550848484039307,1.5812616348266602,0.1,22957568,57587712,0.021782316965982318,0.8563595584892469
4992,1.5724250078201294,0.0653514713048935,1.5789601802825928,0.1,22957568,57587712,0.020821731013711542,0.7958351373091702
4993,1.5392696857452393,0.06759767234325409,1.5460294485092163,0.1,22957568,57587712,0.020600297022610903,0.8166642432684412
4994,1.5204569101333618,0.0665474385023117,1.5271116495132446,0.1,22957568,57587712,0.02046404202701524,0.8912931778663301
4995,1.526341199874878,0.06791484355926514,1.5331326723098755,0.1,22957568,57587712,0.020489500020630658,0.9477433691435199
4996,1.528860092163086,0.06687561422586441,1.5355476140975952,0.1,22957568,57587712,0.020304262987338006,0.8552227303888315
4997,1.5581729412078857,0.0659535750746727,1.5647683143615723,0.1,22957568,57587712,0.02050517895258963,0.9238900689563312
4998,1.619659662246704,0.06771358102560043,1.6264309883117676,0.1,22957568,57587712,0.020443043031264096,0.8912724576816595
4999,1.5631022453308105,0.06544943898916245,1.569647192955017,0.1,22957568,57587712,0.024263639003038406,0.7807862263955702
