global_step,loss,ortho_loss,total_loss,vram_allocated_bytes,vram_peak_bytes,time_sec,gradient_magnitude
0,4.411846160888672,0.027748752385377884,4.414620876312256,22105600,54535168,0.12872700404841453,1.1033807443779688
1,4.189984321594238,0.026466229930520058,4.192630767822266,22105600,56227840,0.021580778004135936,1.0255829025494927
2,4.007200717926025,0.025403935462236404,4.009741306304932,22105600,56227840,0.019349812995642424,0.9196449787444466
3,3.8847265243530273,0.024216681718826294,3.887148141860962,22105600,56227840,0.018983962014317513,0.8400605337187352
4,3.758007049560547,0.022826654836535454,3.7602896690368652,22105600,56227840,0.01961268001468852,0.8660674411374858
5,3.6715376377105713,0.02135017327964306,3.673672676086426,22105600,56227840,0.01894864602945745,0.826147738260088
6,3.605907917022705,0.019773434847593307,3.6078853607177734,22105600,56227840,0.01956900698132813,0.8183547054232339
7,3.5474212169647217,0.018118426203727722,3.5492329597473145,22105600,56227840,0.019630652968771756,0.7751600064210148
8,3.529820442199707,0.016281165182590485,3.5314486026763916,22105600,56227840,0.019091615977231413,0.6689930519859294
9,3.4630038738250732,0.014723565429449081,3.4644763469696045,22105600,56227840,0.019479338021483272,0.6721049215815369
10,3.4779648780822754,0.013364467769861221,3.4793012142181396,22105600,56227840,0.018871770007535815,0.6036540937709634
11,3.429875612258911,0.012042568996548653,3.431079864501953,22105600,56227840,0.019534823019057512,0.558106382389391
12,3.343130588531494,0.010934019461274147,3.344223976135254,22105600,56227840,0.019284390029497445,0.5842151652067358
13,3.3290505409240723,0.00966358557343483,3.330016851425171,22105600,56227840,0.019277506042271852,0.530861578815101
14,3.264979839324951,0.008322607725858688,3.2658121585845947,22105600,56227840,0.019313543976750225,0.5873620817306373
15,3.3265023231506348,0.006950841750949621,3.327197313308716,22105600,56227840,0.019426989019848406,0.4540312077769992
16,3.2877519130706787,0.005700814072042704,3.2883219718933105,22105600,56227840,0.019570550008211285,0.41749535754470374
17,3.305711269378662,0.00520747434347868,3.30623197555542,22105600,56227840,0.019882911001332104,0.34963639545311676
18,3.257342576980591,0.004939630627632141,3.2578365802764893,22105600,56227840,0.019406600040383637,0.3664156730718687
19,3.281796932220459,0.004600937478244305,3.282257080078125,22105600,56227840,0.01958144101081416,0.27455940249623983
20,3.2152023315429688,0.004477261565625668,3.2156500816345215,22105600,56227840,0.019074122013989836,0.3015277199365983
21,3.190192461013794,0.0044340044260025024,3.190635919570923,22105600,56227840,0.019272717996500432,0.29403873570060685
22,3.1680479049682617,0.004449470899999142,3.1684927940368652,22105600,56227840,0.01923460600664839,0.2932200947989655
23,3.152841567993164,0.00431023258715868,3.1532726287841797,22105600,56227840,0.018898661015555263,0.28755033569084215
24,3.1854865550994873,0.004070359747856855,3.1858935356140137,22105600,56227840,0.02050178899662569,0.32386318823547156
25,3.23799467086792,0.0037966787349432707,3.2383742332458496,22105600,56227840,0.020259842043742537,0.23449937160833825
26,3.1657752990722656,0.0036105746403336525,3.1661362648010254,22105600,56227840,0.019463257980532944,0.26146777935349375
27,3.0532097816467285,0.00333960447460413,3.05354380607605,22105600,56227840,0.019082988961599767,0.33558799173467674
28,3.1174840927124023,0.0030671791173517704,3.117790699005127,22105600,56227840,0.019065677013713866,0.2709061889090985
29,3.137890100479126,0.0027732262387871742,3.138167381286621,22105600,56227840,0.01897877297597006,0.25415895154044316
30,3.17645263671875,0.0026201866567134857,3.1767146587371826,22105600,56227840,0.01923259097384289,0.27514258923123763
31,3.1079745292663574,0.0025939918123185635,3.10823392868042,22105600,56227840,0.01914334303000942,0.28858915997657736
32,3.0392510890960693,0.002474061446264386,3.0394985675811768,22105600,56227840,0.01914361398667097,0.28690038123287875
33,3.027959108352661,0.0021285624243319035,3.028172016143799,22105600,56227840,0.018580559990368783,0.28056527495107025
34,3.014130115509033,0.0019988026469945908,3.0143299102783203,22105600,56227840,0.019032804004382342,0.3227971650693936
35,3.0672264099121094,0.0018204220104962587,3.067408561706543,22105600,56227840,0.01909033302217722,0.30496154717060675
36,2.974980354309082,0.0014900707174092531,2.9751293659210205,22105600,56227840,0.01892287697410211,0.3473364863457131
37,2.9313573837280273,0.0014239358715713024,2.931499719619751,22105600,56227840,0.018882980977650732,0.34507409199168065
38,2.9297807216644287,0.001534014823846519,2.929934024810791,22105600,56227840,0.019037763006053865,0.31409128397590846
39,2.9247517585754395,0.0014402598608285189,2.924895763397217,22105600,56227840,0.019128916028421372,0.3185090133916703
40,3.0045509338378906,0.0012627417454496026,3.0046772956848145,22105600,56227840,0.019073891977313906,0.2895789928084025
41,2.9624791145324707,0.0013014879077672958,2.96260929107666,22105600,56227840,0.01908438198734075,0.3036346560202005
42,2.959416389465332,0.0013573667965829372,2.959552049636841,22105600,56227840,0.018796628050040454,0.2685460653370529
43,2.8294782638549805,0.0013744165189564228,2.829615592956543,22105600,56227840,0.019399987999349833,0.3261451485397084
44,2.920740842819214,0.001356036402285099,2.9208765029907227,22105600,56227840,0.018598744994960725,0.2719399099785575
45,2.851029634475708,0.0011963953729718924,2.851149320602417,22105600,56227840,0.018982078006956726,0.317898823561942
46,2.8724873065948486,0.0011555104283615947,2.872602939605713,22105600,56227840,0.018635593994986266,0.31599207753314207
47,2.9198031425476074,0.001130511169321835,2.9199161529541016,22105600,56227840,0.019562194996979088,0.2824177966601766
48,2.8029820919036865,0.0010189609602093697,2.803083896636963,22105600,56227840,0.019480409973766655,0.28303155284819154
49,2.848330020904541,0.0009787731105461717,2.8484280109405518,22105600,56227840,0.019196092966012657,0.2756654590442562
50,2.8700428009033203,0.001027788151986897,2.870145559310913,22105600,56227840,0.018953032966237515,0.2564506323862278
51,2.800213098526001,0.000984281999990344,2.80031156539917,22105600,56227840,0.01910035201581195,0.34146381209263216
52,2.812201976776123,0.0009264189866371453,2.8122947216033936,22105600,56227840,0.018889433005824685,0.2808088062104421
53,2.8107619285583496,0.0008298407192341983,2.810844898223877,22105600,56227840,0.01902482903096825,0.2724333766158364
54,2.826838731765747,0.0008499854011461139,2.8269238471984863,22105600,56227840,0.018707149021793157,0.26872842847312234
55,2.780893564224243,0.0007106103003025055,2.7809646129608154,22105600,56227840,0.018903230025898665,0.2771627418313992
56,2.746793746948242,0.0005903985002078116,2.7468528747558594,22105600,56227840,0.019044575979933143,0.3186293987493383
57,2.808013677597046,0.0005907691083848476,2.808072805404663,22105600,56227840,0.01874120399588719,0.30315193511580285
58,2.783651828765869,0.0007010437548160553,2.783721923828125,22105600,56227840,0.019020421023014933,0.3064502200882676
59,2.73760724067688,0.0006297295913100243,2.7376701831817627,22105600,56227840,0.019204217998776585,0.3003686118327885
60,2.7494444847106934,0.0006143052014522254,2.7495059967041016,22105600,56227840,0.018780147016514093,0.2727899408041615
61,2.7086658477783203,0.0006088700029067695,2.708726644515991,22105600,56227840,0.019375252013560385,0.31730954814810036
62,2.7206554412841797,0.0005480899126268923,2.720710277557373,22105600,56227840,0.018674867984373122,0.30052171813751016
63,2.7857093811035156,0.0005174764082767069,2.7857611179351807,22105600,56227840,0.019137942988891155,0.31751169625524683
64,2.7049622535705566,0.0005436873179860413,2.705016613006592,22105600,56227840,0.01899332000175491,0.3171836038445278
65,2.733694553375244,0.0006090282113291323,2.733755350112915,22105600,56227840,0.018699174979701638,0.2831829837355169
66,2.6901655197143555,0.0005701680784113705,2.6902225017547607,22105600,56227840,0.01918627502163872,0.28529089618028236
67,2.661001682281494,0.0006097848527133465,2.661062717437744,22105600,56227840,0.01892805699026212,0.36652187510648404
68,2.7314672470092773,0.000551146047655493,2.73152232170105,22105600,56227840,0.018865438003558666,0.32924165115148807
69,2.6658313274383545,0.0006219925708137453,2.6658935546875,22105600,56227840,0.019466573023237288,0.29215857155539776
70,2.6643028259277344,0.0007954155444167554,2.6643824577331543,22105600,56227840,0.018902559007983655,0.2931012153775441
71,2.670687437057495,0.0007677437970414758,2.670764207839966,22105600,56227840,0.019475199980661273,0.3485347847844801
72,2.7098703384399414,0.0006229046266525984,2.709932565689087,22105600,56227840,0.01855700503801927,0.41456863777790376
73,2.700843095779419,0.0006313199992291629,2.700906276702881,22105600,56227840,0.019033486023545265,0.30848195889406466
74,2.6896510124206543,0.0006773555069230497,2.689718723297119,22105600,56227840,0.019192405976355076,0.3507892561383768
75,2.6982598304748535,0.0007634480716660619,2.698336124420166,22105600,56227840,0.018755841010715812,0.43368420539487235
76,2.7093474864959717,0.0006899884319864213,2.709416389465332,22105600,56227840,0.018737146048806608,0.39172307026685077
77,2.624950408935547,0.0006744181737303734,2.6250178813934326,22105600,56227840,0.01910557202063501,0.34127650999784376
78,2.69891095161438,0.0006964446511119604,2.6989805698394775,22105600,56227840,0.020317911985330284,0.5040054149023777
79,2.661780834197998,0.0007975929183885455,2.661860704421997,22105600,56227840,0.019487684010528028,0.3944907475506752
80,2.656097888946533,0.0009575084550306201,2.656193733215332,22105600,56227840,0.01923391397576779,0.3120842692784867
81,2.574047327041626,0.0010428519453853369,2.5741515159606934,22105600,56227840,0.01923767098924145,0.35721710515382704
82,2.668989658355713,0.0009152315324172378,2.669081211090088,22105600,56227840,0.019012205011676997,0.4042066711128012
83,2.6219892501831055,0.0007908832048997283,2.622068405151367,22105600,56227840,0.018666451971512288,0.33075988321916233
84,2.592041015625,0.0007490657735615969,2.592115879058838,22105600,56227840,0.019211731967516243,0.27803669623011673
85,2.6231207847595215,0.0007993201143108308,2.6232006549835205,22105600,56227840,0.01863173599122092,0.28058694078764956
86,2.614017963409424,0.0009691803716123104,2.614114999771118,22105600,56227840,0.019037102989386767,0.39150385050770614
87,2.5855553150177,0.0009378292597830296,2.585649013519287,22105600,56227840,0.018953353981487453,0.41526334529265246
88,2.612546920776367,0.0007564617553725839,2.6126224994659424,22105600,56227840,0.018815354036632925,0.27444787258565956
89,2.590381145477295,0.0006342593114823103,2.590444564819336,22105600,56227840,0.018799974001012743,0.3205273907609581
90,2.626803398132324,0.0006185645470395684,2.6268651485443115,22105600,56227840,0.018998339015524834,0.4210017913292888
91,2.6102497577667236,0.0006684196414425969,2.610316514968872,22105600,56227840,0.019531817000824958,0.3321687750120042
92,2.5733063220977783,0.000718494993634522,2.573378086090088,22105600,56227840,0.01916209899354726,0.2588916924475854
93,2.6193103790283203,0.0005997208645567298,2.619370460510254,22105600,56227840,0.018776761018671095,0.3111978361418575
94,2.5701801776885986,0.0005314046866260469,2.5702333450317383,22105600,56227840,0.01892212498933077,0.3561496464927465
95,2.614234685897827,0.0006129647954367101,2.6142959594726562,22105600,56227840,0.01908019301481545,0.36748544430585334
96,2.60563063621521,0.0006873335805721581,2.605699300765991,22105600,56227840,0.01885285397293046,0.2687323383671135
97,2.6205248832702637,0.0006524229538626969,2.6205902099609375,22105600,56227840,0.01931436703307554,0.3146448167311069
98,2.608471393585205,0.0005135799292474985,2.608522653579712,22105600,56227840,0.01925705699250102,0.4158251853473643
99,2.5982866287231445,0.0006387570756487548,2.5983505249023438,22105600,56227840,0.019048483984079212,0.3346854816658222
100,2.5741820335388184,0.0006289341254159808,2.574244976043701,22105600,56227840,0.021430183027405292,0.2800907997311527
101,2.573467969894409,0.000660732330288738,2.5735340118408203,22105600,56227840,0.02069367200601846,0.33806335545677824
102,2.5671725273132324,0.0006961117614991963,2.56724214553833,22105600,56227840,0.02138039900455624,0.42440556574875904
103,2.49395751953125,0.0006792795029468834,2.494025468826294,22105600,56227840,0.019391132052987814,0.32629907215177845
104,2.599972724914551,0.0007202259730547667,2.6000447273254395,22105600,56227840,0.020442347042262554,0.328671992489654
105,2.5660617351531982,0.0007118304492905736,2.5661330223083496,22105600,56227840,0.021468154969625175,0.27349186831093897
106,2.5546531677246094,0.0007109252037480474,2.5547242164611816,22105600,56227840,0.02167587698204443,0.27384466578674804
107,2.571242570877075,0.0007133766775950789,2.5713138580322266,22105600,56227840,0.019545382994692773,0.32654331807277
108,2.5166549682617188,0.0007618166855536401,2.5167312622070312,22105600,56227840,0.019487221958115697,0.30943651993358856
109,2.5701160430908203,0.0007978317444212735,2.5701959133148193,22105600,56227840,0.019026010995730758,0.32784707405809693
110,2.5246903896331787,0.0006248465506359935,2.5247528553009033,22105600,56227840,0.019411590008530766,0.3181944747168896
111,2.5188980102539062,0.0005449041491374373,2.5189526081085205,22105600,56227840,0.019525965966749936,0.2969163548359525
112,2.5638303756713867,0.0006366418674588203,2.563894033432007,22105600,56227840,0.01913295401027426,0.3305835044194583
113,2.5736567974090576,0.0008066325099207461,2.573737382888794,22105600,56227840,0.019071036018431187,0.2959411720819194
114,2.527960777282715,0.0007775158155709505,2.528038501739502,22105600,56227840,0.019238071981817484,0.27186510738215947
115,2.5300660133361816,0.0007592130568809807,2.530141830444336,22105600,56227840,0.018855469999834895,0.27492062125752703
116,2.5290603637695312,0.0007429394172504544,2.529134750366211,22105600,56227840,0.019095472991466522,0.24851443327351094
117,2.5258307456970215,0.0007401677430607378,2.525904655456543,22105600,56227840,0.01916098699439317,0.26943944141286963
118,2.4815027713775635,0.0007303167949430645,2.4815757274627686,22105600,56227840,0.018769316957332194,0.25848472697200486
119,2.5688037872314453,0.0006468779756687582,2.568868398666382,22105600,56227840,0.019144265039358288,0.30430493141336695
120,2.4915645122528076,0.0006999062024988234,2.4916346073150635,22105600,56227840,0.018598264025058597,0.3430063381351512
121,2.5416176319122314,0.0007992895552888513,2.5416975021362305,22105600,56227840,0.019379109027795494,0.33634733083245766
122,2.55024790763855,0.0008063808782026172,2.550328493118286,22105600,56227840,0.018987398012541234,0.39264640523700756
123,2.5564775466918945,0.0007743213209323585,2.5565550327301025,22105600,56227840,0.018918369023595005,0.3271971322552439
124,2.549807548522949,0.0006594147416763008,2.5498735904693604,22105600,56227840,0.01909831794910133,0.36637396086901247
125,2.4939098358154297,0.0006682358216494322,2.493976593017578,22105600,56227840,0.019046469999011606,0.3486351428305359
126,2.5375311374664307,0.0008202367462217808,2.5376131534576416,22105600,56227840,0.018848506966605783,0.3422589947571409
127,2.5071277618408203,0.0008443534607067704,2.5072121620178223,22105600,56227840,0.019184231001418084,0.3698299065855813
128,2.5706448554992676,0.0008550945203751326,2.570730447769165,22105600,56227840,0.018836773990187794,0.30695065778653585
129,2.5315768718719482,0.0007734854007139802,2.531654119491577,22105600,56227840,0.018855981004890054,0.26472903030909223
130,2.5273404121398926,0.0006183016812428832,2.52740216255188,22105600,56227840,0.01913684100145474,0.31423165570243056
131,2.5012400150299072,0.0005805139662697911,2.501297950744629,22105600,56227840,0.021199187031015754,0.3249403166756642
132,2.463165044784546,0.000618131598457694,2.463226795196533,22105600,56227840,0.021156415983568877,0.36874616948437955
133,2.4838664531707764,0.000638611672911793,2.4839303493499756,22105600,56227840,0.019435545022133738,0.42763428529780206
134,2.5283145904541016,0.0005535322707146406,2.528369903564453,22105600,56227840,0.019799943023826927,0.35541954803587006
135,2.514730453491211,0.00041680733556859195,2.5147721767425537,22105600,56227840,0.019224607036449015,0.5007831983071085
136,2.4748306274414062,0.0004241427523083985,2.4748730659484863,22105600,56227840,0.019033996970392764,0.2576323028271713
137,2.527331590652466,0.0005137079861015081,2.5273828506469727,22105600,56227840,0.01905324397375807,0.5397205606899526
138,2.515132427215576,0.0005018069641664624,2.5151824951171875,22105600,56227840,0.01873557298677042,0.29879414954905914
139,2.4747531414031982,0.0004732994711957872,2.4748005867004395,22105600,56227840,0.01893881702562794,0.39889146278262616
140,2.4911141395568848,0.0005290400004014373,2.4911670684814453,22105600,56227840,0.019209046964533627,0.36787029380850567
141,2.5333008766174316,0.0006134233553893864,2.5333621501922607,22105600,56227840,0.019256245985161513,0.327026865438788
142,2.5069475173950195,0.0005759801715612411,2.507005214691162,22105600,56227840,0.01932757196482271,0.280909024177879
143,2.4775140285491943,0.0005318857147358358,2.477567195892334,22105600,56227840,0.018762923951726407,0.43346879131060445
144,2.4592361450195312,0.0005634884582832456,2.459292411804199,22105600,56227840,0.019140968972351402,0.3168753331325574
145,2.47430157661438,0.00053436029702425,2.4743549823760986,22105600,56227840,0.01914284296799451,0.32970081906964493
146,2.450133800506592,0.0005120341666042805,2.4501850605010986,22105600,56227840,0.019053182972129434,0.362543119732443
147,2.4824585914611816,0.000541017681825906,2.4825127124786377,22105600,56227840,0.019125760009046644,0.34862113778147774
148,2.488581657409668,0.0005675227730534971,2.488638401031494,22105600,56227840,0.01893471903167665,0.3029315499854943
149,2.461784839630127,0.0005315207527019083,2.4618380069732666,22105600,56227840,0.018773705000057817,0.390874473338776
150,2.504276752471924,0.00048725190572440624,2.5043253898620605,22105600,56227840,0.019308275019284338,0.3063097640051369
151,2.490772247314453,0.0004396441509015858,2.490816116333008,22105600,56227840,0.019391642010305077,0.32670665693976136
152,2.4421420097351074,0.00033994653495028615,2.442176103591919,22105600,56227840,0.020229856017977,0.38084331305189056
153,2.4506001472473145,0.00046218547504395247,2.45064640045166,22105600,56227840,0.02023463399382308,0.3345994068317347
154,2.552394390106201,0.0005061260890215635,2.5524449348449707,22105600,56227840,0.01968322304310277,0.4212357704049438
155,2.4977495670318604,0.00045308051630854607,2.4977948665618896,22105600,56227840,0.019010403018910438,0.3246434606186344
156,2.427562713623047,0.0003925086057279259,2.4276020526885986,22105600,56227840,0.019101324025541544,0.32225167634801494
157,2.4557042121887207,0.00032716267742216587,2.4557368755340576,22105600,56227840,0.01901288697263226,0.29648940892839465
158,2.4524424076080322,0.0004554284387268126,2.4524879455566406,22105600,56227840,0.018896046036388725,0.45249835374847364
159,2.45918345451355,0.0005112558137625456,2.4592344760894775,22105600,56227840,0.018790836969856173,0.29696356438341687
160,2.4854400157928467,0.000526163843460381,2.485492706298828,22105600,56227840,0.019138032977934927,0.5200987559440288
161,2.440199851989746,0.0005048349848948419,2.4402503967285156,22105600,56227840,0.019156809023115784,0.3096574341492059
162,2.4638020992279053,0.0004488315898925066,2.4638469219207764,22105600,56227840,0.019026171998120844,0.3584935188721067
163,2.4440131187438965,0.00047422939678654075,2.4440605640411377,22105600,56227840,0.018878202012274414,0.3466128929905406
164,2.449129343032837,0.0005148298805579543,2.449180841445923,22105600,56227840,0.01886666100472212,0.2639535195999447
165,2.4768447875976562,0.0005682027549482882,2.4769015312194824,22105600,56227840,0.019517269975040108,0.48015261134132087
166,2.4265336990356445,0.000572824152186513,2.426590919494629,22105600,56227840,0.01927069399971515,0.3137909932825005
167,2.4715800285339355,0.0005795918405056,2.4716379642486572,22105600,56227840,0.019077709002885967,0.4015095829802599
168,2.456543445587158,0.0005001259269192815,2.4565935134887695,22105600,56227840,0.018994190962985158,0.30235167221656667
169,2.40939998626709,0.0005435789935290813,2.409454345703125,22105600,56227840,0.018798643024638295,0.3871550365905838
170,2.4019992351531982,0.0004849785182159394,2.402047634124756,22105600,56227840,0.01895019900985062,0.3860815714474641
171,2.428189992904663,0.000541381596121937,2.428244113922119,22105600,56227840,0.019413293979596347,0.4772563457992088
172,2.456598997116089,0.0005376043845899403,2.4566526412963867,22105600,56227840,0.018799313984345645,0.3105889286673154
173,2.4538652896881104,0.0005468800663948059,2.4539198875427246,22105600,56227840,0.019128395011648536,0.34864388902864873
174,2.4369521141052246,0.000614996301010251,2.437013626098633,22105600,56227840,0.019097757001873106,0.33047753726695034
175,2.4455442428588867,0.0006052578100934625,2.4456048011779785,22105600,56227840,0.019159193034283817,0.3095151609827477
176,2.4665775299072266,0.0005825626431033015,2.4666357040405273,22105600,56227840,0.01921766303712502,0.3365530145901343
177,2.429649829864502,0.0005792073206976056,2.4297077655792236,22105600,56227840,0.019110741966869682,0.3262318827342041
178,2.389636993408203,0.0005918905953876674,2.3896961212158203,22105600,56227840,0.01911686296807602,0.39547744465902634
179,2.3795578479766846,0.0006125648505985737,2.3796191215515137,22105600,56227840,0.018710235017351806,0.4068688880801695
180,2.459995985031128,0.0005995038663968444,2.4600558280944824,22105600,56227840,0.018739380000624806,0.35572179971137496
181,2.4483842849731445,0.0005038235103711486,2.448434591293335,22105600,56227840,0.019550000957679003,0.40869098568698525
182,2.3549818992614746,0.0005641744355671108,2.3550384044647217,22105600,56227840,0.01873751700622961,0.40744340372849513
183,2.4393038749694824,0.0006381540442816913,2.4393677711486816,22105600,56227840,0.01890605501830578,0.38332948045151827
184,2.391296625137329,0.0006877516862004995,2.3913652896881104,22105600,56227840,0.019134826958179474,0.36719784122123544
185,2.43680477142334,0.0005770113784819841,2.4368624687194824,22105600,56227840,0.01884124195203185,0.37745042447549954
186,2.4136271476745605,0.0004625553556252271,2.4136734008789062,22105600,56227840,0.019166096986737102,0.2988658919812022
187,2.397080659866333,0.0005282884230837226,2.3971335887908936,22105600,56227840,0.019049205002374947,0.3925471015049421
188,2.4419443607330322,0.0005959694972261786,2.4420039653778076,22105600,56227840,0.019075785006862134,0.4239226345940571
189,2.395051956176758,0.0006191813736222684,2.395113945007324,22105600,56227840,0.019071979040745646,0.34374962137549353
190,2.378511905670166,0.000523736234754324,2.3785643577575684,22105600,56227840,0.01878297299845144,0.3389782074139123
191,2.4242701530456543,0.000501594680827111,2.4243202209472656,22105600,56227840,0.01938795601017773,0.27266570581458466
192,2.4562230110168457,0.00047184425056912005,2.456270217895508,22105600,56227840,0.018848756968509406,0.3959253804411762
193,2.398178815841675,0.000495453889016062,2.398228406906128,22105600,56227840,0.019022796011995524,0.3744048935497048
194,2.3813400268554688,0.0005170817603357136,2.381391763687134,22105600,56227840,0.01909559400519356,0.3648148070507634
195,2.397657632827759,0.0004049634444527328,2.397698163986206,22105600,56227840,0.018801557016558945,0.4117268272415195
196,2.3944222927093506,0.0003855978138744831,2.394460916519165,22105600,56227840,0.019299589039292186,0.33611474035219113
197,2.408796548843384,0.0004982366226613522,2.408846378326416,22105600,56227840,0.019315849000122398,0.3099143876998216
198,2.4108519554138184,0.0005074950167909265,2.410902738571167,22105600,56227840,0.01906533702276647,0.34806591793687064
199,2.373342990875244,0.0005002672551199794,2.3733930587768555,22105600,56227840,0.01899599499301985,0.2762226413770286
200,2.407093048095703,0.0005807194393128157,2.407151222229004,22105600,56227840,0.021421957993879914,0.34312698890021776
201,2.413740634918213,0.0005117077962495387,2.4137918949127197,22105600,56227840,0.024011629982851446,0.4878316202826441
202,2.3680481910705566,0.00040981711936183274,2.368089199066162,22105600,56227840,0.019532017002347857,0.29892815279722657
203,2.4173569679260254,0.0004295099060982466,2.4173998832702637,22105600,56227840,0.019389347988180816,0.40991082233066584
204,2.3873534202575684,0.00042477837996557355,2.3873958587646484,22105600,56227840,0.018923658994026482,0.5977566980368302
205,2.3768324851989746,0.0004861244233325124,2.3768811225891113,22105600,56227840,0.019404637976549566,0.4733639674989952
206,2.324103355407715,0.0005743771907873452,2.3241608142852783,22105600,56227840,0.018921855022199452,0.4733893948238031
207,2.415339946746826,0.0005070912884548306,2.415390729904175,22105600,56227840,0.01918825804023072,0.3927641039601867
208,2.46281099319458,0.0005217689322307706,2.4628632068634033,22105600,56227840,0.019182617019396275,0.5252639079356591
209,2.4675309658050537,0.0005622821627184749,2.4675872325897217,22105600,56227840,0.018632378021720797,0.3704163982510086
210,2.3701889514923096,0.0006318122614175081,2.3702521324157715,22105600,56227840,0.01908943202579394,0.359689693378206
211,2.414907217025757,0.0006131735281087458,2.414968490600586,22105600,56227840,0.019427179999183863,0.4722770560249412
212,2.3581161499023438,0.000589342147577554,2.358175039291382,22105600,56227840,0.019014240009710193,0.3329442270897063
213,2.3737173080444336,0.0006003127200528979,2.373777389526367,22105600,56227840,0.01895100000547245,0.47411658874865903
214,2.3914923667907715,0.0006467230850830674,2.391556978225708,22105600,56227840,0.018753626965917647,0.6149861068001319
215,2.3901143074035645,0.0005321864737197757,2.390167474746704,22105600,56227840,0.018948084965813905,0.41703197696716376
216,2.3497462272644043,0.0005605886690318584,2.349802255630493,22105600,56227840,0.01908062497386709,0.5576982642682349
217,2.382462978363037,0.0005039107636548579,2.3825132846832275,22105600,56227840,0.018742887012194842,0.3139807604908648
218,2.4085288047790527,0.0004931985749863088,2.4085781574249268,22105600,56227840,0.019110792025458068,0.508754105089413
219,2.3316173553466797,0.0005125735187903047,2.3316686153411865,22105600,56227840,0.018752163974568248,0.3629833578881365
220,2.3390185832977295,0.0005347533733583987,2.3390719890594482,22105600,56227840,0.01936996099539101,0.27376012073119965
221,2.3724896907806396,0.000644722837023437,2.372554063796997,22105600,56227840,0.019936240976676345,0.3306691159556676
222,2.3594484329223633,0.0006723339320160449,2.35951566696167,22105600,56227840,0.01902952801901847,0.3511974458791217
223,2.389237642288208,0.0006142835482023656,2.389299154281616,22105600,56227840,0.018895876011811197,0.31613431069760345
224,2.3535799980163574,0.0004613211494870484,2.353626012802124,22105600,56227840,0.01889020495582372,0.4254047927242922
225,2.366814136505127,0.0003717828367371112,2.366851329803467,22105600,56227840,0.01896271196892485,0.34486625640002205
226,2.3728413581848145,0.000488629681058228,2.3728902339935303,22105600,56227840,0.019235618005041033,0.380122256593557
227,2.3590946197509766,0.0004860259941779077,2.3591432571411133,22105600,56227840,0.019372926966752857,0.4563733388707909
228,2.370973587036133,0.0005565215833485126,2.3710291385650635,22105600,56227840,0.018897889007348567,0.34123702483337054
229,2.3442928791046143,0.0005519550759345293,2.344348192214966,22105600,56227840,0.0194857909809798,0.31025442836470857
230,2.3616700172424316,0.0005223136977292597,2.361722230911255,22105600,56227840,0.019138513947837055,0.38766932041201585
231,2.3519041538238525,0.0006049234652891755,2.3519647121429443,22105600,56227840,0.019607800990343094,0.356665918868113
232,2.3596396446228027,0.0006343639106489718,2.3597030639648438,22105600,56227840,0.018940931011456996,0.49983726164126274
233,2.3788235187530518,0.0006333794444799423,2.3788869380950928,22105600,56227840,0.019202194991521537,0.4119853456139345
234,2.358069896697998,0.0006621001521125436,2.3581361770629883,22105600,56227840,0.01933616801397875,0.3968605909556573
235,2.3610615730285645,0.0005810732254758477,2.3611197471618652,22105600,56227840,0.01898657699348405,0.36003868103844994
236,2.3326878547668457,0.0005218155565671623,2.332740068435669,22105600,56227840,0.020216049975715578,0.37464433222734794
237,2.319911479949951,0.0005169201758690178,2.319963216781616,22105600,56227840,0.01978679798776284,0.4081480565308115
238,2.3407392501831055,0.0005232329131104052,2.3407914638519287,22105600,56227840,0.01903508900431916,0.41223718472813653
239,2.35799503326416,0.0005681437905877829,2.3580517768859863,22105600,56227840,0.01911001099506393,0.35798216658220733
240,2.3199355602264404,0.000592163298279047,2.3199946880340576,22105600,56227840,0.01885637204395607,0.35521101591850013
241,2.323612689971924,0.0005335035384632647,2.3236660957336426,22105600,56227840,0.01949028897797689,0.36418033953609413
242,2.3188905715942383,0.0004804093041457236,2.3189384937286377,22105600,56227840,0.018785608001053333,0.3664735117969208
243,2.306495189666748,0.0005259074969217181,2.3065478801727295,22105600,56227840,0.019157990987878293,0.326197788171161
244,2.372818946838379,0.0004943084204569459,2.372868299484253,22105600,56227840,0.019178540038410574,0.31826826316766105
245,2.3069868087768555,0.0004946135450154543,2.3070361614227295,22105600,56227840,0.018863936013076454,0.3726738018382728
246,2.322643756866455,0.0005378846544772387,2.322697639465332,22105600,56227840,0.01896064804168418,0.36707361884284356
247,2.353395462036133,0.00048594543477520347,2.3534440994262695,22105600,56227840,0.019161547999829054,0.34955689704760523
248,2.3553929328918457,0.0005633393302559853,2.3554491996765137,22105600,56227840,0.018815042974893004,0.4553800196659497
249,2.314457416534424,0.0005861743120476604,2.314516067504883,22105600,56227840,0.019235507992561907,0.4418630965862183
250,2.3716325759887695,0.0005131003563292325,2.3716838359832764,22105600,56227840,0.01865325798280537,0.479272306190233
251,2.2923405170440674,0.0005246276850812137,2.2923929691314697,22105600,56227840,0.01976027898490429,0.34293427595373155
252,2.3258228302001953,0.0004952470189891756,2.3258724212646484,22105600,56227840,0.01961816003313288,0.5775125214006993
253,2.3237826824188232,0.0004993563634343445,2.3238325119018555,22105600,56227840,0.019182217016350478,0.4901107898995457
254,2.3199639320373535,0.00048141239676624537,2.320012092590332,22105600,56227840,0.0192370509612374,0.3750782341744155
255,2.2704672813415527,0.0004792112158611417,2.270515203475952,22105600,56227840,0.019557095016352832,0.432346686590419
256,2.3553359508514404,0.0004468340193852782,2.3553805351257324,22105600,56227840,0.019111754023469985,0.467772499981927
257,2.3174943923950195,0.0004619316605385393,2.3175406455993652,22105600,56227840,0.019265974988229573,0.4635449475464317
258,2.3460285663604736,0.0004559285589493811,2.346074104309082,22105600,56227840,0.01879767095670104,0.36071367344542266
259,2.3307864665985107,0.00046940104220993817,2.3308334350585938,22105600,56227840,0.018848225998226553,0.3330518321530761
260,2.3511557579040527,0.0005240666796453297,2.351208209991455,22105600,56227840,0.018826325016561896,0.3694899125640626
261,2.324826240539551,0.0005054810317233205,2.3248767852783203,22105600,56227840,0.019420167023781687,0.5205476373037058
262,2.30338978767395,0.0004075579927302897,2.3034305572509766,22105600,56227840,0.02060165803413838,0.35643696683027615
263,2.3442983627319336,0.00047611567424610257,2.344346046447754,22105600,56227840,0.019208115991204977,0.4416480111949518
264,2.301969289779663,0.0004537444328889251,2.3020145893096924,22105600,56227840,0.019203456991817802,0.5309518710662684
265,2.3116989135742188,0.0004881182685494423,2.3117477893829346,22105600,56227840,0.019201653019990772,0.38042225015202974
266,2.306140422821045,0.0004274180100765079,2.306183099746704,22105600,56227840,0.018854658002965152,0.5399412250925184
267,2.3772530555725098,0.00037586360122077167,2.377290725708008,22105600,56227840,0.01924530602991581,0.4478064317458594
268,2.3212456703186035,0.0004171727632638067,2.3212873935699463,22105600,56227840,0.01885112200397998,0.35274752968679646
269,2.3108034133911133,0.0005155487451702356,2.310854911804199,22105600,56227840,0.019153712957631797,0.557017045616344
270,2.3753204345703125,0.0005452431505545974,2.3753750324249268,22105600,56227840,0.01906724995933473,0.4675292929318337
271,2.3223400115966797,0.0005135477986186743,2.3223912715911865,22105600,56227840,0.019346637011040002,0.5556277379171153
272,2.2803523540496826,0.0004707879270426929,2.2803993225097656,22105600,56227840,0.0190952830016613,0.37888360703181106
273,2.3419318199157715,0.0004901622887700796,2.3419809341430664,22105600,56227840,0.018727988994214684,0.4071779291672962
274,2.345606565475464,0.0004226253367960453,2.345648765563965,22105600,56227840,0.019321920990478247,0.3756399439661066
275,2.254704475402832,0.0004431635607033968,2.254748821258545,22105600,56227840,0.01910351903643459,0.5440005259321784
276,2.327401876449585,0.00039660956826992333,2.327441453933716,22105600,56227840,0.019031743053346872,0.4385196063012697
277,2.278148651123047,0.0003737346560228616,2.278186082839966,22105600,56227840,0.019275924016255885,0.43252478169144165
278,2.315375804901123,0.0003781846025958657,2.3154137134552,22105600,56227840,0.019086515996605158,0.5644061127741327
279,2.280388116836548,0.00038274069083854556,2.280426502227783,22105600,56227840,0.019755168992560357,0.3631265276316688
280,2.3311715126037598,0.0004209062026347965,2.3312137126922607,22105600,56227840,0.02060222899308428,0.35549636020629144
281,2.29636549949646,0.0004303922178223729,2.2964086532592773,22105600,56227840,0.02031404501758516,0.5103219919281342
282,2.263823986053467,0.00042243165080435574,2.2638661861419678,22105600,56227840,0.019434784015174955,0.37925743623118907
283,2.2946505546569824,0.0003659257781691849,2.294687032699585,22105600,56227840,0.019186644989531487,0.4885705578084732
284,2.2716922760009766,0.0003979962202720344,2.2717320919036865,22105600,56227840,0.019318163977004588,0.3755260886342999
285,2.268486976623535,0.0005327536491677165,2.268540143966675,22105600,56227840,0.018987268034834415,0.3771473935389538
286,2.335991382598877,0.0005786005640402436,2.3360493183135986,22105600,56227840,0.018739491002634168,0.3866943117538526
287,2.3151485919952393,0.0004995704512111843,2.3151986598968506,22105600,56227840,0.0189502090215683,0.4158802278476777
288,2.3058340549468994,0.0005322278011590242,2.305887222290039,22105600,56227840,0.0189732420258224,0.4034756588373593
289,2.2902302742004395,0.000506569747813046,2.290280818939209,22105600,56227840,0.018865138001274318,0.418698495924176
290,2.3524630069732666,0.00033206233638338745,2.3524961471557617,22105600,56227840,0.01895841403165832,0.42935823865977024
291,2.324057102203369,0.0003059199370909482,2.324087619781494,22105600,56227840,0.019332019961439073,0.30142140173870124
292,2.279409170150757,0.00033013088977895677,2.279442071914673,22105600,56227840,0.01923893397906795,0.5041106642814891
293,2.3248229026794434,0.00031801016302779317,2.324854612350464,22105600,56227840,0.018948565993923694,0.4679431410374593
294,2.28129243850708,0.0003098147572018206,2.2813234329223633,22105600,56227840,0.019188258971553296,0.4473664129892262
295,2.2847461700439453,0.00026775154401548207,2.2847728729248047,22105600,56227840,0.019221662019845098,0.4084003316533543
296,2.3211724758148193,0.0002577218983788043,2.3211982250213623,22105600,56227840,0.018850260006729513,0.38701904778336577
297,2.297376871109009,0.00027917715488001704,2.2974047660827637,22105600,56227840,0.018904482014477253,0.3506472568753587
298,2.303199291229248,0.0002652353432495147,2.3032257556915283,22105600,56227840,0.01897385303163901,0.48199452702282813
299,2.266223669052124,0.00031575601315125823,2.2662551403045654,22105600,56227840,0.018752724980004132,0.34107888467562564
300,2.228684902191162,0.00035508215660229325,2.2287204265594482,22105600,56227840,0.02589127200189978,0.3419152083936644
301,2.30189847946167,0.00035789867979474366,2.301934242248535,22105600,56227840,0.022004378028213978,0.47251655108288143
302,2.2641446590423584,0.0003194236196577549,2.264176607131958,22105600,56227840,0.02327283500926569,0.5018420241067197
303,2.288177490234375,0.0003416091203689575,2.2882115840911865,22105600,56227840,0.022294555965345353,0.36446807627090844
304,2.2321560382843018,0.00034705924917943776,2.2321908473968506,22105600,56227840,0.022301118995528668,0.6038306924037236
305,2.2640974521636963,0.0004988848231732845,2.2641472816467285,22105600,56227840,0.02361692499835044,0.5020239862589847
306,2.2948145866394043,0.0005905377911403775,2.2948737144470215,22105600,56227840,0.02155502903042361,0.4403897779164872
307,2.2907676696777344,0.0005022520781494677,2.290817975997925,22105600,56227840,0.023657239973545074,0.5036211468585429
308,2.264413595199585,0.00044557530782185495,2.264458179473877,22105600,56227840,0.02258864202303812,0.4590049154839532
309,2.266159772872925,0.0003882679156959057,2.2661986351013184,22105600,56227840,0.022733034973498434,0.4211616973255859
310,2.271864891052246,0.0005088975885882974,2.2719156742095947,22105600,56227840,0.024152166035491973,0.504436703208184
311,2.257051467895508,0.0004632406635209918,2.2570977210998535,22105600,56227840,0.022174989979248494,0.31460314685944096
312,2.225809335708618,0.00038188506732694805,2.2258474826812744,22105600,56227840,0.022859893972054124,0.3864683292870109
313,2.2594950199127197,0.0003882420132867992,2.2595338821411133,22105600,56227840,0.02162768703419715,0.36423533725759066
314,2.310542583465576,0.0005065027507953346,2.3105931282043457,22105600,56227840,0.020485008019022644,0.39324698714911743
315,2.218533992767334,0.0004683157312683761,2.218580722808838,22105600,56227840,0.022546191001310945,0.3434136021948894
316,2.2655489444732666,0.00046842126175761223,2.2655956745147705,22105600,56227840,0.022909288003575057,0.38617053123334405
317,2.2460238933563232,0.00044008262921124697,2.246068000793457,22105600,56227840,0.02126072399551049,0.3881091160982007
318,2.30731201171875,0.000429902778705582,2.3073549270629883,22105600,56227840,0.022594342997763306,0.4096857867568029
319,2.2710466384887695,0.0004085949040018022,2.271087408065796,22105600,56227840,0.02260794903850183,0.465796843296453
320,2.2360708713531494,0.0004500854993239045,2.2361159324645996,22105600,56227840,0.020757572958245873,0.48093129359909403
321,2.2563865184783936,0.00048557130503468215,2.2564351558685303,22105600,56227840,0.02322350098984316,0.368807031293956
322,2.251011371612549,0.00039134250255301595,2.2510504722595215,22105600,56227840,0.021608199982438236,0.3838969223722085
323,2.2538483142852783,0.00034786644391715527,2.253883123397827,22105600,56227840,0.02139135100878775,0.4762825235506777
324,2.258246898651123,0.000397556577809155,2.258286714553833,22105600,56227840,0.021999349002726376,0.5025264785726449
325,2.236077308654785,0.00048106000758707523,2.2361254692077637,22105600,56227840,0.021730740962084383,0.402296988268372
326,2.226670503616333,0.0005123569862917066,2.22672176361084,22105600,56227840,0.0214423059951514,0.36091842166509547
327,2.190274953842163,0.00039288573316298425,2.190314292907715,22105600,56227840,0.02305986196734011,0.3996380710285561
328,2.2561874389648438,0.0003522897604852915,2.256222724914551,22105600,56227840,0.022639649047050625,0.40460699094346875
329,2.2612648010253906,0.0004180006217211485,2.2613065242767334,22105600,56227840,0.021241496957372874,0.46138938578422617
330,2.247305393218994,0.00039822497637942433,2.247345209121704,22105600,56227840,0.020810602989513427,0.42846348051322164
331,2.204288959503174,0.00039529261994175613,2.2043285369873047,22105600,56227840,0.020269521977752447,0.36522713608410207
332,2.195280075073242,0.0004096212796866894,2.1953210830688477,22105600,56227840,0.02219434699509293,0.47887120320471394
333,2.262671709060669,0.00041651754872873425,2.2627134323120117,22105600,56227840,0.021512439008802176,0.36761547236815756
334,2.2520222663879395,0.0003728095325641334,2.2520594596862793,22105600,56227840,0.024433497979771346,0.3993837437641411
335,2.239871025085449,0.00029519040253944695,2.239900588989258,22105600,56227840,0.020120128989219666,0.5158686589375111
336,2.253164529800415,0.0003121740010101348,2.2531957626342773,22105600,56227840,0.020527098036836833,0.3909639819833156
337,2.248493194580078,0.00036875868681818247,2.248530149459839,22105600,56227840,0.021465790981892496,0.4214041498515802
338,2.232102394104004,0.00039987583295442164,2.232142448425293,22105600,56227840,0.022729607997462153,0.4162146117966903
339,2.2526450157165527,0.00038498049252666533,2.252683401107788,22105600,56227840,0.022859893972054124,0.4154425119990428
340,2.174973964691162,0.0004182914271950722,2.175015687942505,22105600,56227840,0.02240192994941026,0.4047409800638067
341,2.261080741882324,0.0004339923325460404,2.2611241340637207,22105600,56227840,0.022216119046788663,0.44374982755222864
342,2.2245655059814453,0.0005453856429085135,2.2246201038360596,22105600,56227840,0.022565038001630455,0.41126055310533455
343,2.231922149658203,0.0005539130652323365,2.2319774627685547,22105600,56227840,0.021486098994500935,0.44230921967505094
344,2.2117443084716797,0.0004616099176928401,2.2117905616760254,22105600,56227840,0.020778351987246424,0.42768070012891934
345,2.241386651992798,0.0004111329617444426,2.2414276599884033,22105600,56227840,0.023124835977796465,0.39017229678792537
346,2.2466869354248047,0.0004894215380772948,2.2467358112335205,22105600,56227840,0.022076305001974106,0.568699091522729
347,2.288614273071289,0.0004740740405395627,2.2886617183685303,22105600,56227840,0.020896225003525615,0.46490023275781145
348,2.263613224029541,0.0005663852207362652,2.263669967651367,22105600,56227840,0.022212300973478705,0.40623912906120024
349,2.225642681121826,0.0006013533566147089,2.2257027626037598,22105600,56227840,0.0219315710128285,0.4749236346574922
350,2.2249019145965576,0.0005752211436629295,2.224959373474121,22105600,56227840,0.020870827022008598,0.46308806970466615
351,2.252164602279663,0.0004891276475973427,2.252213478088379,22105600,56227840,0.023086603032425046,0.390036321856418
352,2.2613894939422607,0.0004284077731426805,2.261432409286499,22105600,56227840,0.02242147602373734,0.5295123833414217
353,2.1784720420837402,0.000493117026053369,2.1785213947296143,22105600,56227840,0.02021827403223142,0.4681118597369462
354,2.148757219314575,0.0005960363778285682,2.1488168239593506,22105600,56227840,0.0229141169693321,0.4130445407331159
355,2.2107350826263428,0.0006495125126093626,2.2107999324798584,22105600,56227840,0.021866327966563404,0.4817248388996885
356,2.1958680152893066,0.0005845019477419555,2.1959264278411865,22105600,56227840,0.02336176298558712,0.5849432182770252
357,2.19789719581604,0.0005239690653979778,2.1979496479034424,22105600,56227840,0.02167519595241174,0.4189833187254846
358,2.254091739654541,0.0005447156727313995,2.254146099090576,22105600,56227840,0.022027481987606734,0.5351121947356205
359,2.2417378425598145,0.0005418116925284266,2.2417919635772705,22105600,56227840,0.019704614009242505,0.5273978643207591
360,2.2131924629211426,0.0004920266219414771,2.2132415771484375,22105600,56227840,0.01949390600202605,0.501093293126269
361,2.248504638671875,0.0004970768932253122,2.248554229736328,22105600,56227840,0.019648207002319396,0.5579237841991384
362,2.230830669403076,0.0005598281277343631,2.230886697769165,22105600,56227840,0.01911764603573829,0.5651280003982897
363,2.2121806144714355,0.0005741409258916974,2.212238073348999,22105600,56227840,0.019243433023802936,0.5031911351772314
364,2.2590999603271484,0.000633879448287189,2.2591633796691895,22105600,56227840,0.01978139899438247,0.39579912188631866
365,2.2495837211608887,0.0006264017429202795,2.2496464252471924,22105600,56227840,0.01942359295208007,0.4397054476887814
366,2.2053287029266357,0.0005475133075378835,2.205383539199829,22105600,56227840,0.019574318022932857,0.5225561193137326
367,2.1631381511688232,0.0005745755624957383,2.1631956100463867,22105600,56227840,0.01924286101711914,0.4192087660213241
368,2.2505345344543457,0.0005617794813588262,2.2505908012390137,22105600,56227840,0.019198908004909754,0.5285597043204018
369,2.20326566696167,0.0006127572851255536,2.203326940536499,22105600,56227840,0.01916860102210194,0.4458865701645101
370,2.1504623889923096,0.0006098210578784347,2.1505234241485596,22105600,56227840,0.019296533020678908,0.44347854297680755
371,2.1861319541931152,0.0005889554158784449,2.1861908435821533,22105600,56227840,0.019555392034817487,0.36904505828770495
372,2.1947431564331055,0.0006088315276429057,2.1948039531707764,22105600,56227840,0.019664268009364605,0.42202135572621985
373,2.235888957977295,0.0005593354580923915,2.235944986343384,22105600,56227840,0.01926209795055911,0.4008252265929494
374,2.207737684249878,0.0005127464537508786,2.2077889442443848,22105600,56227840,0.019218516012188047,0.4248275774262506
375,2.241016387939453,0.0004495033645071089,2.2410614490509033,22105600,56227840,0.01925828104140237,0.40642265304137026
376,2.1820549964904785,0.00048518070252612233,2.182103395462036,22105600,56227840,0.019560932996682823,0.40782357416516135
377,2.1740856170654297,0.0004921566578559577,2.1741347312927246,22105600,56227840,0.01927193597657606,0.3980783621481478
378,2.2201902866363525,0.0004876489983871579,2.2202391624450684,22105600,56227840,0.019176986999809742,0.4442444647735012
379,2.177006244659424,0.0004959299694746733,2.177055835723877,22105600,56227840,0.019127142964862287,0.4385030354245022
380,2.2204723358154297,0.0005636484711430967,2.2205286026000977,22105600,56227840,0.020015551010146737,0.4819451454687916
381,2.181168556213379,0.0005560981226153672,2.1812241077423096,22105600,56227840,0.019698593008797616,0.41121168118583135
382,2.1972403526306152,0.0005777401966042817,2.197298049926758,22105600,56227840,0.02401975600514561,0.36759497720377815
383,2.2239990234375,0.0006058230064809322,2.224059581756592,22105600,56227840,0.02566363097866997,0.4546394620889248
384,2.181251049041748,0.0004947716952301562,2.181300640106201,22105600,56227840,0.022397500986699015,0.411352314135119
385,2.248570680618286,0.0004932851297780871,2.24862003326416,22105600,56227840,0.022275360010098666,0.5731623430535376
386,2.243396043777466,0.0005927770398557186,2.243455410003662,22105600,56227840,0.02009841805556789,0.45466675953194097
387,2.242091417312622,0.0006302548572421074,2.242154359817505,22105600,56227840,0.019675849995110184,0.5146370555166024
388,2.17606258392334,0.0005899922107346356,2.176121473312378,22105600,56227840,0.020292074012104422,0.41153322920058855
389,2.221656322479248,0.000549111922737211,2.2217111587524414,22105600,56227840,0.019825181982014328,0.5401526063108715
390,2.203911304473877,0.0005983755108900368,2.2039711475372314,22105600,56227840,0.019381173013243824,0.41922365908063414
391,2.158906936645508,0.0006732689216732979,2.1589741706848145,22105600,56227840,0.019981718040071428,0.44217399354329545
392,2.201836109161377,0.0007403244380839169,2.2019102573394775,22105600,56227840,0.019182257005013525,0.5517167435196586
393,2.197507858276367,0.0007113919127732515,2.1975789070129395,22105600,56227840,0.020420415967237204,0.4268085346048397
394,2.1957056522369385,0.0006211923318915069,2.195767879486084,22105600,56227840,0.019406450970564038,0.4966602228860851
395,2.1370017528533936,0.0004616333753801882,2.1370480060577393,22105600,56227840,0.019083339953795075,0.5474142128472369
396,2.1808676719665527,0.00044433100265450776,2.1809120178222656,22105600,56227840,0.01939255400793627,0.7117287277521955
397,2.174593925476074,0.00044746306957677007,2.1746387481689453,22105600,56227840,0.019430776010267437,0.48925923849963887
398,2.173142671585083,0.0005968248005956411,2.1732022762298584,22105600,56227840,0.020870545995421708,0.512593387774732
399,2.2490711212158203,0.0006895288242958486,2.2491400241851807,22105600,56227840,0.020106312993448228,0.6774869218414533
400,2.1838042736053467,0.0006874006940051913,2.183872938156128,22105600,56227840,0.023661168001126498,0.46142780342578243
401,2.196183204650879,0.0006015087128616869,2.1962432861328125,22105600,56227840,0.020710453973151743,0.4443428081348711
402,2.212184429168701,0.0005857049254700541,2.21224308013916,22105600,56227840,0.01968525699339807,0.549699728758798
403,2.2007522583007812,0.000578773848246783,2.200810194015503,22105600,56227840,0.01969565701438114,0.4825869805743959
404,2.158428192138672,0.0005190275842323899,2.158480167388916,22105600,56227840,0.019271336030215025,0.6159107396108732
405,2.1573755741119385,0.00040218193316832185,2.1574158668518066,22105600,56227840,0.019464229990262538,0.500009802668815
406,2.1706044673919678,0.0004028574039693922,2.170644760131836,22105600,56227840,0.01927914103725925,0.5126706929092955
407,2.1835341453552246,0.0005280566401779652,2.183586835861206,22105600,56227840,0.018919299996923655,0.5068319470918556
408,2.1743292808532715,0.0006622387445531785,2.1743955612182617,22105600,56227840,0.01939525897614658,0.43045706696954134
409,2.147066354751587,0.0007218616083264351,2.1471385955810547,22105600,56227840,0.01923884399002418,0.512122640325379
410,2.2000763416290283,0.0007356411078944802,2.2001500129699707,22105600,56227840,0.019174001005012542,0.42872203385484775
411,2.1486282348632812,0.0006282498361542821,2.148691177368164,22105600,56227840,0.02000616298755631,0.42571085824733806
412,2.1473324298858643,0.0005258647724986076,2.1473851203918457,22105600,56227840,0.0195437700022012,0.44238373532663444
413,2.1702475547790527,0.0004585066926665604,2.1702933311462402,22105600,56227840,0.019662074046209455,0.400425266670445
414,2.150756359100342,0.0004455494345165789,2.150800943374634,22105600,56227840,0.019150726962834597,0.41773438579836725
415,2.2191531658172607,0.000419799005612731,2.2191951274871826,22105600,56227840,0.019277668034192175,0.42596937871259444
416,2.1660947799682617,0.0004660828853957355,2.1661412715911865,22105600,56227840,0.019396351999603212,0.42156226426785814
417,2.135486125946045,0.00048648056690581143,2.1355347633361816,22105600,56227840,0.019016434031073004,0.4172424900235453
418,2.1251485347747803,0.00048735650489106774,2.125197172164917,22105600,56227840,0.01955273695057258,0.4308875084504956
419,2.1515235900878906,0.0004629012546502054,2.1515698432922363,22105600,56227840,0.019099530996754766,0.3982027322275548
420,2.12937593460083,0.0004321906599216163,2.1294190883636475,22105600,56227840,0.01936714700423181,0.5422149371599759
421,2.16818904876709,0.000436926435213536,2.1682326793670654,22105600,56227840,0.01976471795933321,0.4347537008982586
422,2.1450870037078857,0.00043647497659549117,2.1451306343078613,22105600,56227840,0.018995585036464036,0.5205023031404183
423,2.123920440673828,0.0004292779485695064,2.1239633560180664,22105600,56227840,0.020510837028268725,0.4686409357676183
424,2.1927027702331543,0.00046725309221073985,2.192749500274658,22105600,56227840,0.01896422600839287,0.5005851687733294
425,2.178056478500366,0.000475691253086552,2.1781041622161865,22105600,56227840,0.019560452026780695,0.4549957719450464
426,2.155702590942383,0.00042534410022199154,2.155745029449463,22105600,56227840,0.01945025403983891,0.5052554578612192
427,2.1151111125946045,0.0005455210339277983,2.1151657104492188,22105600,56227840,0.019092157017439604,0.42952194184121134
428,2.200911521911621,0.0006210388382896781,2.2009735107421875,22105600,56227840,0.01941204199101776,0.7113226516083433
429,2.1576290130615234,0.0006140287150628865,2.1576905250549316,22105600,56227840,0.019172167987562716,0.5007218719451654
430,2.164574146270752,0.0005882617551833391,2.16463303565979,22105600,56227840,0.019270855002105236,0.6965988805343448
431,2.2084407806396484,0.00050187180750072,2.208491086959839,22105600,56227840,0.01980719796847552,0.5576905938358704
432,2.1444408893585205,0.0005607110215350986,2.1444969177246094,22105600,56227840,0.01914443599525839,0.46820439176342926
433,2.2114267349243164,0.000553497695364058,2.211482048034668,22105600,56227840,0.019586240989156067,0.5973418644201405
434,2.1817736625671387,0.0005564400926232338,2.1818292140960693,22105600,56227840,0.019372567010577768,0.45458479144800945
435,2.1915202140808105,0.0005715725710615516,2.191577434539795,22105600,56227840,0.019238182983826846,0.4681595300227247
436,2.139287233352661,0.0006050896481610835,2.139347791671753,22105600,56227840,0.01953272899845615,0.6654738219018618
437,2.1697750091552734,0.0005540423444472253,2.169830322265625,22105600,56227840,0.018870007013902068,0.43326547522050124
438,2.1439404487609863,0.0004932255251333117,2.1439898014068604,22105600,56227840,0.019230067962780595,0.5755565176274089
439,2.1594362258911133,0.00044475955655798316,2.1594808101654053,22105600,56227840,0.019274270976893604,0.7102477476014466
440,2.1723878383636475,0.00048371258890256286,2.172436237335205,22105600,56227840,0.01921552000567317,0.4162295326536031
441,2.1332573890686035,0.00040120500489138067,2.1332974433898926,22105600,56227840,0.019846131035592407,0.5669474089844716
442,2.143024444580078,0.000447507161879912,2.143069267272949,22105600,56227840,0.01900340896099806,0.5412304844376998
443,2.1721034049987793,0.0005184551700949669,2.1721551418304443,22105600,56227840,0.01964449102524668,0.4154472363815329
444,2.1763968467712402,0.0005313612055033445,2.17645001411438,22105600,56227840,0.019538391032256186,0.5819746873628221
445,2.181913375854492,0.00047261459985747933,2.1819605827331543,22105600,56227840,0.019114259048365057,0.4250863533098315
446,2.1840248107910156,0.00040610902942717075,2.184065341949463,22105600,56227840,0.01952322100987658,0.45045305005572644
447,2.150496482849121,0.0004095642070751637,2.1505374908447266,22105600,56227840,0.019010964024346322,0.5367253842291224
448,2.1419143676757812,0.0003708653966896236,2.141951560974121,22105600,56227840,0.01937211601762101,0.4817868523006784
449,2.1249895095825195,0.0005232346593402326,2.1250417232513428,22105600,56227840,0.019361905986443162,0.4438211460261472
450,2.176873207092285,0.0005669615929946303,2.1769299507141113,22105600,56227840,0.019103899016045034,0.45042295762922924
451,2.1769778728485107,0.0005503629217855632,2.177032947540283,22105600,56227840,0.01977302395971492,0.46875320208950266
452,2.1593761444091797,0.0005044069839641452,2.159426689147949,22105600,56227840,0.019211723003536463,0.43516097197278636
453,2.1607131958007812,0.00046798764378763735,2.160759925842285,22105600,56227840,0.019657806027680635,0.6036289131098964
454,2.123833179473877,0.0004142188117839396,2.1238746643066406,22105600,56227840,0.019390009983908385,0.43719178102615885
455,2.137882709503174,0.00039088528137654066,2.1379218101501465,22105600,56227840,0.019397664989810437,0.4483097749238394
456,2.1461181640625,0.00042590941302478313,2.146160840988159,22105600,56227840,0.019447578000836074,0.37679904081355
457,2.175917625427246,0.00047660412383265793,2.1759653091430664,22105600,56227840,0.019381613994482905,0.4443177109591732
458,2.1427996158599854,0.0004510186263360083,2.1428446769714355,22105600,56227840,0.018984202994033694,0.4658656384713074
459,2.1253457069396973,0.0004707418556790799,2.1253926753997803,22105600,56227840,0.019596058991737664,0.40305562342162643
460,2.1627187728881836,0.0005182792665436864,2.1627705097198486,22105600,56227840,0.018993230012711138,0.4538587219653854
461,2.150952100753784,0.0005155139369890094,2.15100359916687,22105600,56227840,0.019752465013880283,0.47811926424721257
462,2.148895502090454,0.00045426608994603157,2.1489410400390625,22105600,56227840,0.019503043964505196,0.4692887479240419
463,2.131549119949341,0.0004664167936425656,2.1315958499908447,22105600,56227840,0.0193146180245094,0.4313127173949183
464,2.121598243713379,0.00046556489542126656,2.1216447353363037,22105600,56227840,0.019647116016130894,0.3999055048669307
465,2.1814351081848145,0.0004966655978932977,2.1814846992492676,22105600,56227840,0.019155056041199714,0.4218504752613292
466,2.1664462089538574,0.0004428166139405221,2.1664905548095703,22105600,56227840,0.01934131805319339,0.47892765283743943
467,2.0775961875915527,0.00035131286131218076,2.0776312351226807,22105600,56227840,0.019322211970575154,0.382971031542353
468,2.120664596557617,0.00039713457226753235,2.120704412460327,22105600,56227840,0.019308495975565165,0.4543140511594045
469,2.187549591064453,0.0004903022781945765,2.187598705291748,22105600,56227840,0.02002831600839272,0.6247023836434619
470,2.0844151973724365,0.0004713689850177616,2.0844624042510986,22105600,56227840,0.01895484799752012,0.49579570507110493
471,2.1254923343658447,0.0003794511139858514,2.125530242919922,22105600,56227840,0.019724371028132737,0.5124424781450622
472,2.1403188705444336,0.0003768265887629241,2.1403565406799316,22105600,56227840,0.019585489004384726,0.48492582630696024
473,2.1511001586914062,0.00044133179471828043,2.15114426612854,22105600,56227840,0.01924952497938648,0.5987245940099549
474,2.127060890197754,0.00042352458694949746,2.127103328704834,22105600,56227840,0.019669146975502372,0.49150493484443114
475,2.1357359886169434,0.0003881362790707499,2.135774850845337,22105600,56227840,0.018991246994119138,0.5312656191490666
476,2.1625499725341797,0.0004538914654403925,2.162595272064209,22105600,56227840,0.01943903201026842,0.679662543806073
477,2.145484447479248,0.00044527105637826025,2.14552903175354,22105600,56227840,0.019442829012405127,0.526075566528291
478,2.178041934967041,0.0004414904396981001,2.178086042404175,22105600,56227840,0.020938565954566002,0.6123452876057277
479,2.1143534183502197,0.0004966959822922945,2.114403009414673,22105600,56227840,0.023211279010865837,0.5267368134203347
480,2.1216251850128174,0.0005068941973149776,2.121675968170166,22105600,56227840,0.020104499999433756,0.4783570900916992
481,2.148287057876587,0.0004772384709212929,2.1483347415924072,22105600,56227840,0.02028059196891263,0.4496700613813246
482,2.126307487487793,0.0005128337652422488,2.1263587474823,22105600,56227840,0.019544971990399063,0.6831145928596576
483,2.1254959106445312,0.0005087475874461234,2.12554669380188,22105600,56227840,0.019209938996937126,0.48853647969979236
484,2.1009535789489746,0.0005223327316343784,2.101005792617798,22105600,56227840,0.019749949977267534,0.6398322626533507
485,2.136465549468994,0.0004704345774371177,2.136512517929077,22105600,56227840,0.018951701989863068,0.5178473204642927
486,2.1461880207061768,0.00043561571510508657,2.1462316513061523,22105600,56227840,0.019273810961749405,0.6317651467656813
487,2.1499059200286865,0.0004299641586840153,2.149948835372925,22105600,56227840,0.01977575902128592,0.49807141039932257
488,2.1274795532226562,0.00046111131086945534,2.127525568008423,22105600,56227840,0.019115700968541205,0.5465275184361021
489,2.1566948890686035,0.0005184579640626907,2.1567466259002686,22105600,56227840,0.019836132996715605,0.6094132991448019
490,2.1652746200561523,0.0005562028381973505,2.165330171585083,22105600,56227840,0.018990405020304024,0.6432829043386871
491,2.104851722717285,0.0005134015809744596,2.104902982711792,22105600,56227840,0.019716606999281794,0.5174183926093306
492,2.108851194381714,0.00043779052793979645,2.1088950634002686,22105600,56227840,0.019495869055390358,0.503650231210923
493,2.1401493549346924,0.0003929717931896448,2.140188694000244,22105600,56227840,0.01910792599665001,0.5600654110157377
494,2.119978427886963,0.0003593721194192767,2.1200144290924072,22105600,56227840,0.01948321599047631,0.5705070111151412
495,2.0792438983917236,0.0004262598813511431,2.079286575317383,22105600,56227840,0.0189563799649477,0.5083267794755874
496,2.0692238807678223,0.00047936098417267203,2.0692718029022217,22105600,56227840,0.01945604500360787,0.5656624316252701
497,2.134787082672119,0.0004873331927228719,2.134835720062256,22105600,56227840,0.019453549990430474,0.6213345628032864
498,2.050225257873535,0.0005151432706043124,2.050276756286621,22105600,56227840,0.01950788201065734,0.5042922358623894
499,2.093507766723633,0.0006059485021978617,2.0935683250427246,22105600,56227840,0.020594414963852614,0.5610942158391423
500,2.124488353729248,0.000598380109295249,2.1245481967926025,22105600,56227840,0.022633616987150162,0.5486450222764189
501,2.1261796951293945,0.0005550823989324272,2.126235246658325,22105600,56227840,0.023791485000401735,0.5239687375855636
502,2.1348202228546143,0.0005011351313441992,2.1348702907562256,22105600,56227840,0.020640984002966434,0.4922086890209865
503,2.1423864364624023,0.00047071182052604854,2.1424334049224854,22105600,56227840,0.019924138963688165,0.5261178826050426
504,2.1294469833374023,0.0004751382512040436,2.1294944286346436,22105600,56227840,0.01991970097878948,0.5996292912785541
505,2.121898889541626,0.0004882348875980824,2.121947765350342,22105600,56227840,0.019649058987852186,0.6065931311306788
506,2.0682997703552246,0.0004919657949358225,2.0683488845825195,22105600,56227840,0.019608582952059805,0.45093325815805596
507,2.115199089050293,0.0005876271752640605,2.115257740020752,22105600,56227840,0.019764597003813833,0.6048734991489072
508,2.0583910942077637,0.0007132599130272865,2.058462381362915,22105600,56227840,0.019607720954809338,0.6403496478567439
509,2.110018730163574,0.0007111970917321742,2.1100897789001465,22105600,56227840,0.019815233012195677,0.6574354660030077
510,2.1043663024902344,0.0006397510878741741,2.1044301986694336,22105600,56227840,0.019709473999682814,0.7208833011753475
511,2.1051483154296875,0.0006248296704143286,2.105210781097412,22105600,56227840,0.020090913982130587,0.4864550119347632
512,2.092212200164795,0.0006162522477097809,2.092273712158203,22105600,56227840,0.019853735982906073,0.602506944732935
513,2.099949836730957,0.0006018069689162076,2.1000099182128906,22105600,56227840,0.019694516027811915,0.5464785706359011
514,2.079495429992676,0.000539693864993751,2.0795493125915527,22105600,56227840,0.019809752993751317,0.48193675495983485
515,2.0847129821777344,0.0004636300727725029,2.08475923538208,22105600,56227840,0.019532349018845707,0.4817533558957481
516,2.1005492210388184,0.0004575722850859165,2.100594997406006,22105600,56227840,0.01965782605111599,0.7504030692459277
517,2.0487892627716064,0.0005454593920148909,2.0488438606262207,22105600,56227840,0.0197641359991394,0.48605177788340115
518,2.076037883758545,0.0005925556179136038,2.076097249984741,22105600,56227840,0.01967343600699678,0.4623869171560212
519,2.126214027404785,0.0005405338015407324,2.126268148422241,22105600,56227840,0.019710104970727116,0.6108533440171217
520,2.0960240364074707,0.000498603971209377,2.096073865890503,22105600,56227840,0.019568527000956237,0.6021421907290002
521,2.101078987121582,0.0006043373723514378,2.1011393070220947,22105600,56227840,0.020058814028743654,0.4937605874848249
522,2.134941577911377,0.0006445727194659412,2.1350059509277344,22105600,56227840,0.019574579026084393,0.6754974778122558
523,2.1378941535949707,0.0007446309318765998,2.1379685401916504,22105600,56227840,0.019539322005584836,0.7097360382063067
524,2.054816484451294,0.0007690865895710886,2.0548934936523438,22105600,56227840,0.01982609397964552,0.41997347759579956
525,2.097351551055908,0.0007108401041477919,2.0974225997924805,22105600,56227840,0.01963389100274071,0.7322998725388252
526,2.0605955123901367,0.000578774546738714,2.0606534481048584,22105600,56227840,0.019611428026109934,0.7042120439169663
527,2.0124218463897705,0.0005009032320231199,2.012471914291382,22105600,56227840,0.019677814038004726,0.42397450705482487
528,2.147836208343506,0.0005386428092606366,2.147890090942383,22105600,56227840,0.019485470955260098,0.6534914710557076
529,2.099376678466797,0.0005683335475623608,2.099433422088623,22105600,56227840,0.01974835601868108,0.6824075359272247
530,2.119103193283081,0.0005694435094483197,2.1191601753234863,22105600,56227840,0.019436687987763435,0.5003499916749505
531,2.1024866104125977,0.0006231843726709485,2.102548837661743,22105600,56227840,0.019919270009268075,0.7153745602951698
532,2.0621609687805176,0.000642594532109797,2.062225341796875,22105600,56227840,0.01973868894856423,0.7919702702160737
533,2.0816380977630615,0.000706321734469384,2.0817086696624756,22105600,56227840,0.019496691005770117,0.4653637735184475
534,2.091540813446045,0.0007687743054702878,2.0916175842285156,22105600,56227840,0.01977552898460999,0.6221165143024855
535,2.124094247817993,0.0007897619507275522,2.124173164367676,22105600,56227840,0.019558959000278264,0.7832768921864026
536,2.1279349327087402,0.0008126666070893407,2.128016233444214,22105600,56227840,0.019638018973637372,0.44503035102442895
537,2.087907314300537,0.000789801066275686,2.0879862308502197,22105600,56227840,0.019759468035772443,0.746786938137822
538,2.1086063385009766,0.0007547271670773625,2.1086819171905518,22105600,56227840,0.019490950973704457,0.7079400394945212
539,2.0370631217956543,0.0006967609515413642,2.037132740020752,22105600,56227840,0.019769157050177455,0.5021402682596677
540,2.129567861557007,0.0006712465547025204,2.1296350955963135,22105600,56227840,0.01948991895187646,0.7380274789327289
541,2.12471604347229,0.0006067372742109001,2.124776601791382,22105600,56227840,0.01997944398317486,0.7055171008438116
542,2.0591182708740234,0.0005553165101446211,2.059173822402954,22105600,56227840,0.019477285037282854,0.49046199949768143
543,2.0715324878692627,0.000549834338016808,2.071587562561035,22105600,56227840,0.0195898279780522,0.6537154883101413
544,2.113323926925659,0.0006273079197853804,2.113386631011963,22105600,56227840,0.01983462000498548,0.6791953693117291
545,2.0355896949768066,0.0006357456441037357,2.0356533527374268,22105600,56227840,0.019478898029774427,0.42174807659074437
546,2.12353515625,0.0005892534973099828,2.123594045639038,22105600,56227840,0.019559590029530227,0.6574687842034488
547,2.0635204315185547,0.0005452215555123985,2.063575029373169,22105600,56227840,0.019467296020593494,0.601677489002619
548,2.070796012878418,0.0005190865485928953,2.070847988128662,22105600,56227840,0.019635414006188512,0.43783660640170674
549,2.0819571018218994,0.0004552638274617493,2.082002639770508,22105600,56227840,0.01967704202979803,0.47320338025689623
550,2.147345542907715,0.0004016302991658449,2.147385597229004,22105600,56227840,0.01954048400511965,0.5286487359351548
551,2.1225247383117676,0.00037459764280356467,2.1225621700286865,22105600,56227840,0.01992548198904842,0.5167506450286262
552,2.083221435546875,0.00042328675044700503,2.083263874053955,22105600,56227840,0.019749089027754962,0.4756643187600961
553,2.039855480194092,0.00046952138654887676,2.039902448654175,22105600,56227840,0.019715545000508428,0.48292218657297964
554,2.0426745414733887,0.0005450192838907242,2.042729139328003,22105600,56227840,0.019534002000000328,0.5806076333478095
555,2.0594589710235596,0.0005835347692482173,2.0595173835754395,22105600,56227840,0.019593183998949826,0.44601915034295264
556,2.0746874809265137,0.00054880790412426,2.074742317199707,22105600,56227840,0.0196132609853521,0.4826301190736543
557,2.026493787765503,0.0004963981918990612,2.026543378829956,22105600,56227840,0.01980770897353068,0.4960175840138718
558,2.0198006629943848,0.0004248242767062038,2.019843101501465,22105600,56227840,0.019605737004894763,0.5050662466693512
559,2.0311856269836426,0.00037126161623746157,2.0312228202819824,22105600,56227840,0.019661773985717446,0.47247760209990647
560,2.0673718452453613,0.00038488503196276724,2.0674102306365967,22105600,56227840,0.019561463966965675,0.39860284058433204
561,2.130100727081299,0.0004548516299109906,2.1301462650299072,22105600,56227840,0.01999733701813966,0.5260617156525277
562,2.0972986221313477,0.000593403703533113,2.097357988357544,22105600,56227840,0.01976020896108821,0.4740140406458921
563,2.0325393676757812,0.000625189277343452,2.032601833343506,22105600,56227840,0.01956055301707238,0.4522860689661862
564,2.081442356109619,0.0005996089894324541,2.0815021991729736,22105600,56227840,0.019565502007026225,0.48748696039480854
565,2.0473861694335938,0.0005198005237616599,2.047438144683838,22105600,56227840,0.019754648965317756,0.4917315723904215
566,2.0545012950897217,0.00047735380940139294,2.054548978805542,22105600,56227840,0.01945766800781712,0.5581508138661155
567,2.1286535263061523,0.00038856948958709836,2.128692388534546,22105600,56227840,0.019616478006355464,0.45428180315291783
568,2.1105542182922363,0.00034678407246246934,2.110588788986206,22105600,56227840,0.01951066794572398,0.48867191231603196
569,2.0457324981689453,0.00036753551103174686,2.045769214630127,22105600,56227840,0.019502512994222343,0.4923198857540307
570,2.093325138092041,0.0005299596232362092,2.0933780670166016,22105600,56227840,0.01945298898499459,0.5029092068040689
571,2.0971784591674805,0.0006375513039529324,2.0972421169281006,22105600,56227840,0.019738077011425048,0.4829494801504836
572,2.0726218223571777,0.0006319070234894753,2.0726850032806396,22105600,56227840,0.019895694975275546,0.4777082338376297
573,2.0630600452423096,0.0005790862487629056,2.0631179809570312,22105600,56227840,0.01953352097189054,0.7307240690291729
574,2.049025058746338,0.0005347831174731255,2.0490784645080566,22105600,56227840,0.0197448399849236,0.49229511941761267
575,2.1116394996643066,0.00043256705976091325,2.111682653427124,22105600,56227840,0.020193367963656783,0.6976150291807592
576,2.0257225036621094,0.00040347568574361503,2.0257627964019775,22105600,56227840,0.019580671039875597,0.7350514950907739
577,2.028665065765381,0.0004308242932893336,2.0287082195281982,22105600,56227840,0.019826514006126672,0.6052144746191033
578,2.004321575164795,0.00046524073695763946,2.0043680667877197,22105600,56227840,0.01951738097704947,0.8310682636252007
579,2.061363697052002,0.0005192150129005313,2.061415672302246,22105600,56227840,0.019542908994480968,0.5173942947756687
580,2.1257028579711914,0.0005541876307688653,2.125758171081543,22105600,56227840,0.019809573015663773,0.5487415087119684
581,2.1082639694213867,0.0005587275372818112,2.1083197593688965,22105600,56227840,0.019933426985517144,0.5101797919599756
582,2.068294048309326,0.0005684774951077998,2.0683507919311523,22105600,56227840,0.019719982985407114,0.49221014099540616
583,2.026909589767456,0.0006021680310368538,2.0269699096679688,22105600,56227840,0.019553098012693226,0.6141029218983985
584,2.0642974376678467,0.0005731143755838275,2.064354658126831,22105600,56227840,0.019722468045074493,0.6054306595411522
585,2.0315394401550293,0.0005725270020775497,2.0315966606140137,22105600,56227840,0.01977172098122537,0.49906499215587147
586,2.014842987060547,0.0005755478050559759,2.0149004459381104,22105600,56227840,0.01970672799507156,0.4587851144731653
587,2.0580520629882812,0.0006267514545470476,2.058114767074585,22105600,56227840,0.019550524011719972,0.4793256775426892
588,2.045832633972168,0.0006369374459609389,2.045896291732788,22105600,56227840,0.019510917947627604,0.5723486736154493
589,2.0509684085845947,0.0005546826869249344,2.0510239601135254,22105600,56227840,0.01946473104180768,0.5902206338878506
590,2.0090081691741943,0.0005749274278059602,2.009065628051758,22105600,56227840,0.019684877013787627,0.642667741739538
591,2.0205702781677246,0.0006336919032037258,2.0206336975097656,22105600,56227840,0.01995396602433175,0.612279662544131
592,2.0730206966400146,0.0007190643227659166,2.0730926990509033,22105600,56227840,0.019612601026892662,0.6753279226348217
593,2.1012258529663086,0.000688104541040957,2.101294755935669,22105600,56227840,0.01943724899319932,0.5647251633434137
594,2.0770697593688965,0.0006187839317135513,2.077131748199463,22105600,56227840,0.0196272479952313,0.634714778413387
595,2.0055572986602783,0.0006015835097059608,2.005617380142212,22105600,56227840,0.01967532903654501,0.5391160067799544
596,2.088449478149414,0.0005972834769636393,2.0885093212127686,22105600,56227840,0.019521759008057415,0.5803134336201191
597,2.0551490783691406,0.0005667258519679308,2.055205821990967,22105600,56227840,0.01975884597050026,0.6054498410504847
598,2.055473566055298,0.0005379190552048385,2.055527448654175,22105600,56227840,0.019446376943960786,0.47619950632731045
599,2.066171646118164,0.00046614333405159414,2.066218376159668,22105600,56227840,0.019534382037818432,0.5549368746643256
600,2.0704588890075684,0.0005326602840796113,2.070512056350708,22105600,56227840,0.023674533993471414,0.5017631609118138
601,2.018303394317627,0.0005622826283797622,2.018359661102295,22105600,56227840,0.023484083998482674,0.52351827889722
602,2.027106761932373,0.0006078918813727796,2.027167558670044,22105600,56227840,0.020556214032694697,0.4794895074761815
603,2.062534809112549,0.0006105535430833697,2.062595844268799,22105600,56227840,0.019832667021546513,0.5293821856581025
604,2.029799699783325,0.000627409084700048,2.029862403869629,22105600,56227840,0.019978731987066567,0.48965996426529806
605,2.015162706375122,0.0005645891651511192,2.015219211578369,22105600,56227840,0.01960800203960389,0.5282817822146691
606,2.0927233695983887,0.0005091120838187635,2.0927743911743164,22105600,56227840,0.019501470029354095,0.6526013000605857
607,2.0351929664611816,0.0005529419868253171,2.035248279571533,22105600,56227840,0.01961246004793793,0.4910293136989817
608,2.0875039100646973,0.0005730094853788614,2.0875611305236816,22105600,56227840,0.01950434601167217,0.48280051422760284
609,2.1175193786621094,0.0005648427759297192,2.1175758838653564,22105600,56227840,0.019818900036625564,0.5364047729461026
610,2.045865297317505,0.000519865017849952,2.045917272567749,22105600,56227840,0.019672833965159953,0.479984886954277
611,2.0432872772216797,0.0004818984307348728,2.043335437774658,22105600,56227840,0.019904862041585147,0.4724016967831547
612,2.011962652206421,0.00041082047391682863,2.0120036602020264,22105600,56227840,0.019667343993205577,0.5574352483310108
613,2.080806255340576,0.000386962725315243,2.0808448791503906,22105600,56227840,0.01945781899848953,0.5017980649731846
614,2.0210883617401123,0.0004178636590950191,2.021130084991455,22105600,56227840,0.019838868000078946,0.532558666275297
615,2.0337424278259277,0.0004630942130461335,2.0337886810302734,22105600,56227840,0.01944039500085637,0.5585593118078258
616,2.0498673915863037,0.00041841494385153055,2.0499091148376465,22105600,56227840,0.01957484899321571,0.5397034237470375
617,2.027431011199951,0.00040702661499381065,2.0274717807769775,22105600,56227840,0.019605717970989645,0.4887127828823901
618,2.0798110961914062,0.00037744492874480784,2.0798487663269043,22105600,56227840,0.01953141699777916,0.5439352313964988
619,2.116525411605835,0.00039446871960535645,2.1165647506713867,22105600,56227840,0.019720254000276327,0.5486962285649783
620,2.030245780944824,0.0003819530247710645,2.0302839279174805,22105600,56227840,0.01951839297544211,0.49831989125288406
621,1.9997166395187378,0.00037218350917100906,1.9997538328170776,22105600,56227840,0.019977870979346335,0.6079605483266294
622,2.0219948291778564,0.0003480676678009331,2.0220296382904053,22105600,56227840,0.019717959046829492,0.5277307627967115
623,1.9580827951431274,0.00036767765413969755,1.958119511604309,22105600,56227840,0.01962935196934268,0.5383753354958495
624,2.0097780227661133,0.000401048397179693,2.0098180770874023,22105600,56227840,0.01979781099362299,0.5736982889548043
625,2.026677131652832,0.0004119336954317987,2.0267183780670166,22105600,56227840,0.019429464999120682,0.5492193724773741
626,2.002169132232666,0.0003880510339513421,2.0022079944610596,22105600,56227840,0.0194877139874734,0.4878909506979359
627,2.014232635498047,0.0003374407533556223,2.0142664909362793,22105600,56227840,0.019694546004757285,0.5633149753695206
628,2.0371625423431396,0.0003826666797976941,2.037200927734375,22105600,56227840,0.019456384994555265,0.5287846143554111
629,2.004408836364746,0.00040723965503275394,2.0044496059417725,22105600,56227840,0.019999741984065622,0.43848673668906263
630,2.054253101348877,0.0004773863183800131,2.0543007850646973,22105600,56227840,0.019987329025752842,0.5675470144949916
631,2.110470771789551,0.00042257431778125465,2.1105129718780518,22105600,56227840,0.020064575015567243,0.5421277487620589
632,2.008528232574463,0.00035944924456998706,2.0085642337799072,22105600,56227840,0.019900745013728738,0.4685633611589333
633,1.9473416805267334,0.00035121574182994664,1.9473768472671509,22105600,56227840,0.019670369976665825,0.6321508426963554
634,2.026770830154419,0.0004069802525918931,2.0268115997314453,22105600,56227840,0.019768274971283972,0.47153003504508906
635,2.0172648429870605,0.00037478539161384106,2.0173022747039795,22105600,56227840,0.01981614500982687,0.49650736766920195
636,2.0226356983184814,0.00034957219031639397,2.0226707458496094,22105600,56227840,0.01974912901641801,0.5087498108840239
637,2.0261030197143555,0.0003074609558098018,2.0261337757110596,22105600,56227840,0.01979763002600521,0.5696437626450293
638,2.010439872741699,0.0004026446840725839,2.0104801654815674,22105600,56227840,0.019646233995445073,0.490637389987653
639,2.0331039428710938,0.00044500111835077405,2.0331485271453857,22105600,56227840,0.01980371098034084,0.5044092608327698
640,2.002394199371338,0.0004085846012458205,2.0024349689483643,22105600,56227840,0.019428792991675436,0.49177323042892646
641,2.019509792327881,0.0003858785203192383,2.0195484161376953,22105600,56227840,0.02039894595509395,0.4891387185877747
642,2.021918773651123,0.00033150610397569835,2.021951913833618,22105600,56227840,0.01965095300693065,0.525447117956666
643,2.070895195007324,0.00040411617374047637,2.0709354877471924,22105600,56227840,0.01982951001264155,0.6386365675055036
644,2.0459067821502686,0.0004777521826326847,2.045954465866089,22105600,56227840,0.020027004007715732,0.5270978018382718
645,1.9899042844772339,0.0005171692464500666,1.989956021308899,22105600,56227840,0.019769165955949575,0.5101032505518006
646,2.0365662574768066,0.0004963410901837051,2.0366158485412598,22105600,56227840,0.01965973002370447,0.5834885320911686
647,2.069295883178711,0.00045027013402432203,2.069340944290161,22105600,56227840,0.019672864000312984,0.5561594899229078
648,2.062319040298462,0.00038937939098104835,2.0623579025268555,22105600,56227840,0.019386262982152402,0.5794049593313384
649,2.0541648864746094,0.0002837791107594967,2.0541932582855225,22105600,56227840,0.01956943899858743,0.6052429965275102
650,2.0114638805389404,0.0003665732219815254,2.011500597000122,22105600,56227840,0.019343752996064723,0.5240531313231126
651,1.9855858087539673,0.0004303765017539263,1.9856288433074951,22105600,56227840,0.019926392997149378,0.6486325045376599
652,2.0141654014587402,0.0004907876718789339,2.014214515686035,22105600,56227840,0.019568977993912995,0.5945117891414188
653,1.973036766052246,0.000525916984770447,1.973089337348938,22105600,56227840,0.01945044397143647,0.45169475581571633
654,2.053443670272827,0.000504379509948194,2.0534942150115967,22105600,56227840,0.019628059992101043,0.49066789419968904
655,2.010326385498047,0.000530742050614208,2.0103795528411865,22105600,56227840,0.019440445001237094,0.5430858548571441
656,2.0150952339172363,0.00048119816347025335,2.015143394470215,22105600,56227840,0.019522621005307883,0.5604449321628615
657,2.032820224761963,0.00042798591312021017,2.032863140106201,22105600,56227840,0.019643680017907172,0.5876427103512953
658,2.01662540435791,0.00045042121200822294,2.0166704654693604,22105600,56227840,0.01941738202003762,0.5324445926510433
659,1.9900789260864258,0.00043099038884975016,1.9901220798492432,22105600,56227840,0.01954452198697254,0.4838934386797017
660,2.040825843811035,0.00040489420644007623,2.0408663749694824,22105600,56227840,0.019380010955501348,0.6796181575970168
661,2.0145070552825928,0.0003365372831467539,2.014540672302246,22105600,56227840,0.019898992031812668,0.5096572490882385
662,2.0476508140563965,0.0002996581606566906,2.0476808547973633,22105600,56227840,0.019463378004729748,0.5758520063821371
663,1.9863353967666626,0.0002298195759067312,1.986358404159546,22105600,56227840,0.019530004006810486,0.6174749514904107
664,1.9904837608337402,0.00025930273113772273,1.9905097484588623,22105600,56227840,0.01966303598601371,0.586524908219196
665,2.050271511077881,0.0003445651673246175,2.0503060817718506,22105600,56227840,0.01945484196767211,0.595218011430173
666,2.0113489627838135,0.0004213367938064039,2.0113911628723145,22105600,56227840,0.019522902031894773,0.5905447108418562
667,1.9965896606445312,0.0004686512111220509,1.9966365098953247,22105600,56227840,0.01965680404100567,0.6424838841253455
668,2.0110557079315186,0.0004354117263574153,2.011099338531494,22105600,56227840,0.020569419022649527,0.7604030388048463
669,1.9846962690353394,0.0004636773082893342,1.9847426414489746,22105600,56227840,0.020617238013073802,0.6849448451237927
670,1.9638506174087524,0.0005109577905386686,1.9639017581939697,22105600,56227840,0.020479698025155813,0.5495420648413308
671,1.9667332172393799,0.000502121401950717,1.9667834043502808,22105600,56227840,0.020587262057233602,0.6870676426340729
672,2.0403876304626465,0.00050152069889009,2.040437698364258,22105600,56227840,0.019859547959640622,0.8226572202433261
673,1.9672520160675049,0.0005301141645759344,1.967305064201355,22105600,56227840,0.01971202902495861,0.6599537633551609
674,2.0129048824310303,0.0005764839588664472,2.012962579727173,22105600,56227840,0.01980129798175767,0.7423464691009379
675,1.96498441696167,0.0005536936223506927,1.9650397300720215,22105600,56227840,0.019339204009156674,0.7303101452309446
676,2.0031321048736572,0.00046088360249996185,2.003178119659424,22105600,56227840,0.019746623991522938,0.5774157920608054
677,2.06600284576416,0.0004303049936424941,2.0660457611083984,22105600,56227840,0.019616316945757717,0.7455747635578699
678,2.029053211212158,0.00048358095227740705,2.029101610183716,22105600,56227840,0.01956319803139195,0.7154389085474085
679,1.9873082637786865,0.0005360485520213842,1.9873619079589844,22105600,56227840,0.019631736970040947,0.49615352099211013
680,2.0694704055786133,0.00048737449105829,2.06951904296875,22105600,56227840,0.01941850397270173,0.5898456180635987
681,1.9721888303756714,0.00042632236727513373,1.9722315073013306,22105600,56227840,0.0200858450261876,0.7083384282115968
682,2.001173973083496,0.0004141207900829613,2.0012154579162598,22105600,56227840,0.019690868037287146,0.5182052789728415
683,2.0101561546325684,0.0004979887162335217,2.0102059841156006,22105600,56227840,0.019430446962360293,0.6265758587780965
684,1.9513111114501953,0.0005328184925019741,1.9513643980026245,22105600,56227840,0.019766491022892296,0.5109745492442754
685,2.0197031497955322,0.0005165348411537707,2.0197548866271973,22105600,56227840,0.019402552978135645,0.5003444366717812
686,1.9861299991607666,0.0005060489638708532,1.9861806631088257,22105600,56227840,0.019379650009796023,0.5331409279715658
687,1.9781832695007324,0.0004841367481276393,1.97823166847229,22105600,56227840,0.01958012901013717,0.5874005924583824
688,1.9852594137191772,0.00045349422725848854,1.9853047132492065,22105600,56227840,0.019612239964772016,0.614282153739696
689,2.009765863418579,0.0004355906858108938,2.0098094940185547,22105600,56227840,0.019546636031009257,0.5820231410053615
690,2.022243022918701,0.000532804406248033,2.022296190261841,22105600,56227840,0.019429595035035163,0.5318799283867712
691,1.9414236545562744,0.000592699449043721,1.9414829015731812,22105600,56227840,0.019807509030215442,0.7667345164570333
692,1.9699735641479492,0.0006095257122069597,1.9700344800949097,22105600,56227840,0.019461004005279392,0.49203465477014485
693,2.0092687606811523,0.0005826083943247795,2.009326934814453,22105600,56227840,0.019559499982278794,0.6546159572502432
694,1.9784836769104004,0.0005862524849362671,1.9785423278808594,22105600,56227840,0.019697239971719682,0.6750866207501899
695,1.9544416666030884,0.0005976503598503768,1.9545013904571533,22105600,56227840,0.019412552996072918,0.5973650010498062
696,2.0115368366241455,0.0006096676224842668,2.0115978717803955,22105600,56227840,0.019531678000930697,0.6316599111273666
697,1.9562158584594727,0.0005746190436184406,1.9562733173370361,22105600,56227840,0.019640383019577712,0.5233958080529185
698,1.9994332790374756,0.0004960079095326364,1.9994828701019287,22105600,56227840,0.019445684971287847,0.6485567758100772
699,1.9890565872192383,0.0004878800828009844,1.9891053438186646,22105600,56227840,0.019325347966514528,0.5228208317404014
700,1.9888160228729248,0.0004913541488349438,1.9888651371002197,22105600,56227840,0.025404752988833934,0.493975722828491
701,2.022463798522949,0.0004903787048533559,2.022512912750244,22105600,56227840,0.024520472972653806,0.5404875687047672
702,1.9779514074325562,0.0005248973611742258,1.9780038595199585,22105600,56227840,0.025436202995479107,0.5490042530298156
703,1.989341378211975,0.0005358546040952206,1.989395022392273,22105600,56227840,0.022838365053758025,0.5206572533564863
704,1.982792615890503,0.0004970975569449365,1.9828423261642456,22105600,56227840,0.022556982992682606,0.5832284748095116
705,1.9746795892715454,0.0004763936158269644,1.9747272729873657,22105600,56227840,0.022989390010479838,0.5015642677536097
706,1.9692356586456299,0.00045176991261541843,1.9692808389663696,22105600,56227840,0.023151625995524228,0.5681745414869473
707,1.9907329082489014,0.00043399829883128405,1.9907763004302979,22105600,56227840,0.02374638000037521,0.5461492512332138
708,1.9807515144348145,0.00043307174928486347,1.9807947874069214,22105600,56227840,0.021470209991093725,0.5579663867960983
709,1.9652018547058105,0.0004126767162233591,1.9652431011199951,22105600,56227840,0.025422146019991487,0.4549097736448482
710,1.9822027683258057,0.00040346404421143234,1.9822430610656738,22105600,56227840,0.022592761029955,0.5965084757197779
711,1.9590580463409424,0.0004753132234327495,1.9591056108474731,22105600,56227840,0.023219815047923476,0.513013688586508
712,1.9828760623931885,0.0005371684674173594,1.9829298257827759,22105600,56227840,0.023892095021437854,0.5217413503107299
713,1.9564697742462158,0.0005249978858046234,1.9565222263336182,22105600,56227840,0.024561288999393582,0.5423820023492318
714,2.0235109329223633,0.0005384250544011593,2.0235648155212402,22105600,56227840,0.023773050983436406,0.6141154357186529
715,1.978949785232544,0.0005567927146330476,1.9790054559707642,22105600,56227840,0.02231680997647345,0.565944807117019
716,1.9737154245376587,0.0006315617356449366,1.9737786054611206,22105600,56227840,0.025318971020169556,0.5367304096082162
717,1.9890776872634888,0.0006676387856714427,1.9891444444656372,22105600,56227840,0.022138283005915582,0.5208291726571717
718,1.9889779090881348,0.0006667570560239255,1.9890445470809937,22105600,56227840,0.023443136946298182,0.5411682884913455
719,1.9478199481964111,0.0006213902379386127,1.947882056236267,22105600,56227840,0.023884330003056675,0.5054374024394529
720,1.954079031944275,0.0005994622479192913,1.954138994216919,22105600,56227840,0.02360771899111569,0.5414178149009855
721,1.9538748264312744,0.0005438362713903189,1.9539291858673096,22105600,56227840,0.025941336003597826,0.6082255229345013
722,1.9712955951690674,0.0005172583041712642,1.9713473320007324,22105600,56227840,0.02426347602158785,0.5623546424520871
723,1.953716516494751,0.0005147397750988603,1.953768014907837,22105600,56227840,0.022477613005321473,0.5477036301882657
724,1.9481358528137207,0.00047456572065129876,1.948183298110962,22105600,56227840,0.022642524971161038,0.5879319590834131
725,1.9422471523284912,0.00047188327880576253,1.9422943592071533,22105600,56227840,0.022609292005654424,0.6332975408595534
726,1.9671521186828613,0.0005135133396834135,1.9672034978866577,22105600,56227840,0.023273277038242668,0.5617460340067689
727,2.0270419120788574,0.0005205640918575227,2.0270938873291016,22105600,56227840,0.02488457999425009,0.6071051419377038
728,2.0052642822265625,0.0005789899150840938,2.005322217941284,22105600,56227840,0.023764975019730628,0.6244216858579335
729,1.9649012088775635,0.0006109331152401865,1.9649622440338135,22105600,56227840,0.024594131973572075,0.5572459069456986
730,1.9696416854858398,0.0006138848839327693,1.9697030782699585,22105600,56227840,0.022373927989974618,0.5738674592893462
731,1.943198323249817,0.0005298346513882279,1.9432512521743774,22105600,56227840,0.02365131099941209,0.5490377545840993
732,1.9413807392120361,0.0004504956305027008,1.9414258003234863,22105600,56227840,0.022660549031570554,0.6240597014361059
733,2.012653350830078,0.0004098776262253523,2.0126943588256836,22105600,56227840,0.022437297040596604,0.5935957239573263
734,1.966200828552246,0.000379612494725734,1.9662387371063232,22105600,56227840,0.02451483201002702,0.5337122865674148
735,2.013922691345215,0.00044005029485560954,2.0139667987823486,22105600,56227840,0.024283614999148995,0.577929908755763
736,1.9838321208953857,0.0005313565488904715,1.9838852882385254,22105600,56227840,0.024012994021177292,0.5156294678031421
737,1.9920825958251953,0.0005307838437147439,1.9921356439590454,22105600,56227840,0.02287712797988206,0.6405420303280832
738,1.9765123128890991,0.0005161271546967328,1.9765639305114746,22105600,56227840,0.0228045399999246,0.6020204195135118
739,1.9842690229415894,0.0004840629699174315,1.984317421913147,22105600,56227840,0.025992352981120348,0.5469718453205447
740,1.965383529663086,0.000496399705298245,1.965433120727539,22105600,56227840,0.02444052102509886,0.6331204657815855
741,2.0013394355773926,0.0004543751711025834,2.001384973526001,22105600,56227840,0.024207902024500072,0.5435402243377053
742,1.9853425025939941,0.0004958051722496748,1.9853920936584473,22105600,56227840,0.022021521988790482,0.5396836515774333
743,1.92723548412323,0.0005365531542338431,1.9272891283035278,22105600,56227840,0.022749347030185163,0.47933572059003404
744,2.007753849029541,0.0005199862061999738,2.007805824279785,22105600,56227840,0.023329772986471653,0.5394582920572926
745,1.9872413873672485,0.00048120750579982996,1.987289547920227,22105600,56227840,0.022129766002763063,0.5030228266491088
746,1.9810597896575928,0.0004638328682631254,1.981106162071228,22105600,56227840,0.02176416601287201,0.6297587408708537
747,1.9385915994644165,0.00037935024010948837,1.9386295080184937,22105600,56227840,0.021366685046814382,0.49313378505929933
748,2.0209414958953857,0.0003740725514944643,2.0209789276123047,22105600,56227840,0.024158187967259437,0.6711361695272362
749,1.965618371963501,0.00037756707752123475,1.9656561613082886,22105600,56227840,0.023414933995809406,0.6041326349511604
750,1.990443468093872,0.00035570241743698716,1.9904789924621582,22105600,56227840,0.023854094033595175,0.5365951532249932
751,1.9369206428527832,0.000347958120983094,1.936955451965332,22105600,56227840,0.023502488969825208,0.585899155642371
752,1.9874281883239746,0.00033380184322595596,1.9874615669250488,22105600,56227840,0.02163572295103222,0.5589092839466789
753,1.9712519645690918,0.00038270087679848075,1.9712902307510376,22105600,56227840,0.022709550976287574,0.5732618201925435
754,1.9737863540649414,0.0004444232617970556,1.9738308191299438,22105600,56227840,0.023560819041449577,0.4992513728309883
755,1.9724175930023193,0.0004694207455031574,1.9724645614624023,22105600,56227840,0.021320005995221436,0.5034779229576234
756,2.0082006454467773,0.0004483905213419348,2.0082454681396484,22105600,56227840,0.02028767700539902,0.6415340623705863
757,2.003800868988037,0.0004303939058445394,2.0038440227508545,22105600,56227840,0.019937584991566837,0.6026028150073445
758,1.93715500831604,0.0004027143295388669,1.9371953010559082,22105600,56227840,0.01987413503229618,0.5976439438576822
759,1.9557722806930542,0.0003941378090530634,1.9558117389678955,22105600,56227840,0.019804654002655298,0.5721447636545959
760,1.9351215362548828,0.0005058018723502755,1.9351720809936523,22105600,56227840,0.01980088697746396,0.501099844665665
761,1.9928107261657715,0.0006065666093491018,1.9928714036941528,22105600,56227840,0.020048725011292845,0.5721003122425958
762,1.9618909358978271,0.000597161240875721,1.961950659751892,22105600,56227840,0.01978556701214984,0.6490585106172082
763,1.9189574718475342,0.0005487859016284347,1.9190123081207275,22105600,56227840,0.019633719988632947,0.6477631104986571
764,1.9699410200119019,0.0005636099958792329,1.9699974060058594,22105600,56227840,0.019770438957493752,0.5612083133593124
765,1.9598286151885986,0.0005861953250132501,1.9598872661590576,22105600,56227840,0.019790858030319214,0.5665374637851534
766,1.9377961158752441,0.0005715369479730725,1.937853217124939,22105600,56227840,0.020541875972412527,0.5427873433715575
767,2.059852123260498,0.0005137362168170512,2.059903383255005,22105600,56227840,0.020169844035990536,0.5533487055099701
768,1.9285190105438232,0.000415682588936761,1.9285606145858765,22105600,56227840,0.019869414973072708,0.5908978770225759
769,1.9666855335235596,0.00048120974679477513,1.966733694076538,22105600,56227840,0.019751623971387744,0.5759902969921984
770,1.9317312240600586,0.0005128628108650446,1.9317824840545654,22105600,56227840,0.019716606999281794,0.6184493438684572
771,1.938576340675354,0.0005571938818320632,1.9386320114135742,22105600,56227840,0.02014257200062275,0.4930821638085358
772,1.9853785037994385,0.0005710834520868957,1.9854356050491333,22105600,56227840,0.020866990031208843,0.5351077198704026
773,1.9063907861709595,0.0005592374363914132,1.9064466953277588,22105600,56227840,0.02212070900714025,0.5593769793074899
774,1.9248631000518799,0.0005702633643522859,1.9249200820922852,22105600,56227840,0.021798219997435808,0.5136074057830862
775,2.037111759185791,0.0005900862161070108,2.037170886993408,22105600,56227840,0.021479949005879462,0.5889094943060378
776,1.9429066181182861,0.0005351055297069252,1.9429601430892944,22105600,56227840,0.021435083996038884,0.5314606073684408
777,1.961686134338379,0.0004155101487413049,1.9617277383804321,22105600,56227840,0.021084211010020226,0.533028934511062
778,1.9760932922363281,0.0003771775518544018,1.9761309623718262,22105600,56227840,0.021353389020077884,0.5195191336111061
779,1.9271807670593262,0.0004015628364868462,1.9272209405899048,22105600,56227840,0.022006121987942606,0.6323407268175842
780,1.8935959339141846,0.00045576051343232393,1.893641471862793,22105600,56227840,0.021977878990583122,0.5597822138561181
781,1.9402124881744385,0.000511975260451436,1.9402636289596558,22105600,56227840,0.02220772299915552,0.5488697165487438
782,2.0104212760925293,0.0005101833958178759,2.010472297668457,22105600,56227840,0.021580357977654785,0.5387096456994669
783,1.993145227432251,0.0004880846827290952,1.9931939840316772,22105600,56227840,0.021145887032616884,0.5430916263344336
784,1.9495539665222168,0.00044702820014208555,1.9495986700057983,22105600,56227840,0.021628339018207043,0.6179916031944755
785,1.9269425868988037,0.00041154242353513837,1.9269837141036987,22105600,56227840,0.02113325399113819,0.6591125076883398
786,1.9766067266464233,0.00039699606713838875,1.9766464233398438,22105600,56227840,0.020722827990539372,0.5605751036564491
787,1.9648253917694092,0.00040148041443899274,1.9648655652999878,22105600,56227840,0.021786937955766916,0.6415505986633959
788,1.9636434316635132,0.000375658884877339,1.9636809825897217,22105600,56227840,0.021010492055211216,0.5702620668695495
789,1.9893598556518555,0.0003690194571390748,1.9893968105316162,22105600,56227840,0.020212353963870555,0.5396318940740719
790,1.9004464149475098,0.00038015475729480386,1.9004844427108765,22105600,56227840,0.020049436017870903,0.6958932584451882
791,1.9458746910095215,0.0004271701327525079,1.9459173679351807,22105600,56227840,0.02087237103842199,0.6118943591585394
792,1.9384227991104126,0.0004931445000693202,1.9384721517562866,22105600,56227840,0.020229726971592754,0.5900927189267217
793,1.9246156215667725,0.0004847227828577161,1.9246641397476196,22105600,56227840,0.020037903974298388,0.6651171565635888
794,1.9549753665924072,0.0005080221453681588,1.9550261497497559,22105600,56227840,0.02012522000586614,0.656488605410454
795,1.9562773704528809,0.0005742266657762229,1.9563348293304443,22105600,56227840,0.019713131012395024,0.5541074084586328
796,1.9454455375671387,0.0005754344747401774,1.9455031156539917,22105600,56227840,0.020033186010550708,0.696762470232682
797,1.9877543449401855,0.0005174479447305202,1.9878060817718506,22105600,56227840,0.01975386799313128,0.6178543408513119
798,1.955115795135498,0.0004222131974529475,1.955157995223999,22105600,56227840,0.021894571953453124,0.6806689550659732
799,1.887996792793274,0.0003663083480205387,1.888033390045166,22105600,56227840,0.020309877989348024,0.5902209039714595
800,1.9633679389953613,0.0003878172137774527,1.9634066820144653,22105600,56227840,0.02244178595719859,0.5877030226038917
801,1.938273310661316,0.00044656189857050776,1.9383180141448975,22105600,56227840,0.02170528401620686,0.5676492566295305
802,1.9979908466339111,0.000454496534075588,1.99803626537323,22105600,56227840,0.02342000399949029,0.5929342652667238
803,1.9381027221679688,0.0004909249837510288,1.9381518363952637,22105600,56227840,0.02260996395489201,0.6362195758964834
804,1.9058966636657715,0.000504251744132489,1.9059470891952515,22105600,56227840,0.021043784043285996,0.575624176341548
805,1.942457914352417,0.00047998211812227964,1.942505955696106,22105600,56227840,0.0229704049997963,0.5758772207922765
806,1.972164511680603,0.0005202802130952477,1.9722164869308472,22105600,56227840,0.021943343977909535,0.5810263240126508
807,1.9308879375457764,0.000470019323984161,1.9309349060058594,22105600,56227840,0.02036763698561117,0.6334628796813414
808,1.9284930229187012,0.0004063211672473699,1.928533673286438,22105600,56227840,0.021217513014562428,0.6608311258301266
809,1.9269744157791138,0.00038219254929572344,1.9270126819610596,22105600,56227840,0.020006003964226693,0.5853078779199801
810,1.9387390613555908,0.00041717002750374377,1.9387807846069336,22105600,56227840,0.019385492021683604,0.5936517403953279
811,1.9632129669189453,0.0004739129508379847,1.9632604122161865,22105600,56227840,0.019744480028748512,0.5810307228707237
812,1.9595189094543457,0.0004939237842336297,1.9595682621002197,22105600,56227840,0.02014695102116093,0.5764979715120492
813,1.9526607990264893,0.0004529170400928706,1.9527060985565186,22105600,56227840,0.019388768007047474,0.6795612986190932
814,1.966038703918457,0.0003550547990016639,1.9660742282867432,22105600,56227840,0.021321428997907788,0.5864938091450138
815,1.9101893901824951,0.00032851763535290956,1.9102222919464111,22105600,56227840,0.02027308801189065,0.5917528656117976
816,1.978793740272522,0.0003800886624958366,1.9788317680358887,22105600,56227840,0.019517872016876936,0.6355008764692626
817,2.0010852813720703,0.00044333882397040725,2.001129627227783,22105600,56227840,0.021348761045373976,0.6055322345351121
818,1.9182641506195068,0.0005046491278335452,1.9183145761489868,22105600,56227840,0.02023119997465983,0.5818373367075996
819,1.9331481456756592,0.0005187392816878855,1.9332000017166138,22105600,56227840,0.019970416964497417,0.5414211171450842
820,1.9050670862197876,0.0004820111207664013,1.9051152467727661,22105600,56227840,0.019568598014302552,0.5654750851920407
821,1.9559509754180908,0.00046031849342398345,1.9559969902038574,22105600,56227840,0.020420997985638678,0.5750940177696594
822,1.9296926259994507,0.0004444168007466942,1.9297370910644531,22105600,56227840,0.021234395040664822,0.57348211163912
823,1.9319998025894165,0.0003996199229732156,1.932039737701416,22105600,56227840,0.019927636021748185,0.5766465611017567
824,1.9303847551345825,0.00039610345265828073,1.9304243326187134,22105600,56227840,0.02139193197945133,0.5712214090754324
825,1.9383763074874878,0.0003885566839016974,1.9384151697158813,22105600,56227840,0.026435911015141755,0.5286697821633913
826,1.9033868312835693,0.0003697476349771023,1.90342378616333,22105600,56227840,0.02239257300971076,0.5606380178310293
827,1.945646047592163,0.0003603286459110677,1.9456820487976074,22105600,56227840,0.023741491022519767,0.6565359003579962
828,1.9615933895111084,0.0003600176132749766,1.9616293907165527,22105600,56227840,0.02210152300540358,0.616826903227106
829,1.890571117401123,0.0004035304009448737,1.8906115293502808,22105600,56227840,0.020955968997441232,0.6407600617506602
830,1.9940800666809082,0.0004322912427596748,1.9941233396530151,22105600,56227840,0.023070153023581952,0.5981916954947474
831,1.9524202346801758,0.0004031900898553431,1.952460527420044,22105600,56227840,0.02345103200059384,0.5632062081136618
832,1.9470162391662598,0.00042607643990777433,1.9470587968826294,22105600,56227840,0.021507891011424363,0.5904356533718068
833,1.9448834657669067,0.00040951123810373247,1.9449244737625122,22105600,56227840,0.021298025036230683,0.551865188727181
834,1.8634684085845947,0.00038170634070411325,1.863506555557251,22105600,56227840,0.023102934996131808,0.5726661229879872
835,1.9333410263061523,0.0003706107090692967,1.9333781003952026,22105600,56227840,0.021143293008208275,0.5519614153374465
836,1.9507713317871094,0.00044004825758747756,1.9508153200149536,22105600,56227840,0.022202013002242893,0.5402662045784825
837,1.913959264755249,0.0005005840794183314,1.9140093326568604,22105600,56227840,0.022581800003536046,0.5551477397739022
838,1.8846521377563477,0.0004926190013065934,1.8847013711929321,22105600,56227840,0.02085111098131165,0.5694778257245605
839,1.8846275806427002,0.0004759251023642719,1.884675145149231,22105600,56227840,0.022615202993620187,0.5586823549615862
840,1.8838772773742676,0.0004897413891740143,1.883926272392273,22105600,56227840,0.02242545399349183,0.6060360887783186
841,1.9447226524353027,0.0004525174736045301,1.944767951965332,22105600,56227840,0.022039966948796064,0.520024171919611
842,2.0155632495880127,0.0004252747748978436,2.0156056880950928,22105600,56227840,0.021583915047813207,0.5999043551894411
843,1.895539402961731,0.000409445958212018,1.8955802917480469,22105600,56227840,0.022258680022787303,0.5413553547806825
844,1.914592981338501,0.00040569898555986583,1.9146335124969482,22105600,56227840,0.023943172011058778,0.5887193617636289
845,1.8833036422729492,0.00038844882510602474,1.8833425045013428,22105600,56227840,0.024379827023949474,0.6461894037663869
846,1.9450374841690063,0.00039569460204802454,1.9450770616531372,22105600,56227840,0.02371799695538357,0.5290242066495853
847,1.8901121616363525,0.00044098548823967576,1.8901562690734863,22105600,56227840,0.023261544993147254,0.600629230064139
848,1.9073622226715088,0.0004551984602585435,1.9074077606201172,22105600,56227840,0.02106686803745106,0.5580024613359222
849,1.9227145910263062,0.00047621779958717525,1.922762155532837,22105600,56227840,0.02319723297841847,0.6076477138797141
850,1.9273241758346558,0.00047154701314866543,1.9273713827133179,22105600,56227840,0.023141546989791095,0.5875731287903149
851,1.9414527416229248,0.000485698867123574,1.941501259803772,22105600,56227840,0.021769896033219993,0.5829556856582077
852,1.9459772109985352,0.0004848209791816771,1.9460257291793823,22105600,56227840,0.021962170023471117,0.5438566390225626
853,1.9639689922332764,0.00046079105231910944,1.9640151262283325,22105600,56227840,0.021624291955959052,0.5618040208443462
854,1.9321885108947754,0.00039602024480700493,1.9322280883789062,22105600,56227840,0.020932645013090223,0.6134469162218789
855,1.9665497541427612,0.00039136590203270316,1.9665888547897339,22105600,56227840,0.02501638000831008,0.5836176877799282
856,1.8916618824005127,0.00043863608152605593,1.8917057514190674,22105600,56227840,0.022292684006970376,0.48971194418260233
857,1.92179274559021,0.00044384831562638283,1.9218370914459229,22105600,56227840,0.022194599034264684,0.48546590965569725
858,1.8663139343261719,0.00041806974331848323,1.8663557767868042,22105600,56227840,0.021762211981695145,0.606659331577768
859,1.9995677471160889,0.0003360905102454126,1.9996013641357422,22105600,56227840,0.0212576889898628,0.6473987788511338
860,1.9450678825378418,0.0003520760510582477,1.9451030492782593,22105600,56227840,0.02057574997888878,0.6051536817386547
861,1.9857659339904785,0.000429341453127563,1.9858088493347168,22105600,56227840,0.020043374970555305,0.6602133833961304
862,1.9076223373413086,0.00043752012425102293,1.9076660871505737,22105600,56227840,0.019512381055392325,0.5909587426574141
863,1.8958157300949097,0.00038900680374354124,1.8958545923233032,22105600,56227840,0.019170655985362828,0.6358800170955876
864,1.8465261459350586,0.000382440397515893,1.8465644121170044,22105600,56227840,0.019255906983744353,0.5838396217198776
865,1.9241268634796143,0.00042972719529643655,1.9241697788238525,22105600,56227840,0.019356017000973225,0.6321152267192949
866,1.8900582790374756,0.00047423283103853464,1.8901057243347168,22105600,56227840,0.019438242015894502,0.5844986703846876
867,1.9043949842453003,0.0004971380694769323,1.904444694519043,22105600,56227840,0.01930372801143676,0.5802822347603966
868,1.915574550628662,0.0005702393827959895,1.9156315326690674,22105600,56227840,0.01913920702645555,0.58167652140559
869,1.9427471160888672,0.0005776321631856263,1.9428049325942993,22105600,56227840,0.019682172045577317,0.537676274996407
870,1.946429967880249,0.0005791176808997989,1.9464879035949707,22105600,56227840,0.019495890010148287,0.5755882531297238
871,1.8796277046203613,0.0005494383512996137,1.8796826601028442,22105600,56227840,0.019774726999457926,0.6545741347382568
872,1.9162651300430298,0.0005459366366267204,1.916319727897644,22105600,56227840,0.01935641694581136,0.5483203076213957
873,1.8625733852386475,0.0005252069677226245,1.8626259565353394,22105600,56227840,0.01911303697852418,0.5200902235911038
874,1.9399971961975098,0.0005106968455947936,1.9400482177734375,22105600,56227840,0.02166127198142931,0.5858874633715737
875,1.878958821296692,0.0004930068971589208,1.879008173942566,22105600,56227840,0.01933235104661435,0.5612159302550527
876,1.928636074066162,0.0004853428399655968,1.9286845922470093,22105600,56227840,0.019156188005581498,0.6040479349264334
877,1.828571081161499,0.0005017048679292202,1.8286212682724,22105600,56227840,0.019522710994351655,0.5533654141879675
878,1.9638831615447998,0.0005566378240473568,1.96393883228302,22105600,56227840,0.01917507400503382,0.6303069716924015
879,1.8725980520248413,0.00056495051831007,1.8726545572280884,22105600,56227840,0.019513582985382527,0.5213231680871647
880,1.9112428426742554,0.0005373350577428937,1.9112966060638428,22105600,56227840,0.02163028303766623,0.6169057647993593
881,1.9369935989379883,0.0004681271384470165,1.9370404481887817,22105600,56227840,0.02061752899317071,0.6088718608085021
882,1.9333727359771729,0.0004178550443612039,1.9334145784378052,22105600,56227840,0.020050617982633412,0.6311233581374116
883,1.8905909061431885,0.0004665378073696047,1.8906375169754028,22105600,56227840,0.019761542964261025,0.5471905609659617
884,1.9086350202560425,0.0004989150911569595,1.9086849689483643,22105600,56227840,0.020270633976906538,0.7087268033789346
885,1.928157091140747,0.0005006685387343168,1.9282071590423584,22105600,56227840,0.020598594041075557,0.7033527824613812
886,1.8998900651931763,0.00046335411025211215,1.8999364376068115,22105600,56227840,0.01968097104690969,0.5899086222398019
887,1.959068775177002,0.00037895029527135193,1.959106683731079,22105600,56227840,0.019521759008057415,0.6951874063700713
888,1.9149795770645142,0.0003792865027207881,1.9150174856185913,22105600,56227840,0.019974624970927835,0.6582323774849737
889,1.9569770097732544,0.0004265360184945166,1.9570196866989136,22105600,56227840,0.01961111801210791,0.6196499761630526
890,1.9441969394683838,0.0004185896832495928,1.9442387819290161,22105600,56227840,0.01938796602189541,0.5786048199944378
891,1.8859171867370605,0.00039200697210617363,1.8859564065933228,22105600,56227840,0.020168520975857973,0.6556742605492535
892,1.8894367218017578,0.00041206946480087936,1.8894779682159424,22105600,56227840,0.019404738035518676,0.6743772744441734
893,1.9045718908309937,0.0005001378012821078,1.904621958732605,22105600,56227840,0.019554231024812907,0.6352682502882843
894,1.9202134609222412,0.0005154517712071538,1.9202649593353271,22105600,56227840,0.0198450600146316,0.5911685824071838
895,1.8885549306869507,0.0005048339371569455,1.8886053562164307,22105600,56227840,0.020467155030928552,0.7163815379798254
896,1.942337989807129,0.00047807153896428645,1.9423857927322388,22105600,56227840,0.01957407803274691,0.7339478334567607
897,1.8697686195373535,0.00045376719208434224,1.8698140382766724,22105600,56227840,0.019192357023712248,0.5548022011164153
898,1.8718504905700684,0.0004674305091612041,1.8718972206115723,22105600,56227840,0.019333973992615938,0.6114413644082881
899,1.8484739065170288,0.00043656109482981265,1.8485175371170044,22105600,56227840,0.019512462022248656,0.6099045868900829
900,1.8353596925735474,0.0004501295043155551,1.8354047536849976,22105600,56227840,0.022842914040666074,0.5968998210244159
901,1.9042515754699707,0.00045468559255823493,1.9042969942092896,22105600,56227840,0.02522184798726812,0.7564013811183132
902,1.9414788484573364,0.0004570398014038801,1.9415245056152344,22105600,56227840,0.027814795961603522,0.543941744890811
903,1.8867021799087524,0.00046727084554731846,1.8867489099502563,22105600,56227840,0.022312160988803953,0.6051047393200126
904,1.9249005317687988,0.0004846924857702106,1.924949049949646,22105600,56227840,0.02423336001811549,0.6604688755872354
905,1.9059052467346191,0.00048129388596862555,1.9059534072875977,22105600,56227840,0.021783883043099195,0.6791887895925276
906,1.9647142887115479,0.0004045213863719255,1.9647547006607056,22105600,56227840,0.02041848300723359,0.5513449236341144
907,1.9514070749282837,0.000339966150932014,1.9514410495758057,22105600,56227840,0.019814201979897916,0.6353195334210469
908,1.9223384857177734,0.00030068724299781024,1.9223685264587402,22105600,56227840,0.020502192026469857,0.5699467054714517
909,1.901258945465088,0.000332427240209654,1.9012922048568726,22105600,56227840,0.01945986202917993,0.5261872707145212
910,1.871980905532837,0.00039757497143000364,1.8720207214355469,22105600,56227840,0.019836454011965543,0.5524854292794416
911,1.9312546253204346,0.0004382183833513409,1.9312984943389893,22105600,56227840,0.020220539008732885,0.5547846521262548
912,1.860255241394043,0.0004828596720471978,1.860303521156311,22105600,56227840,0.019345155043993145,0.5119440360595483
913,1.9218521118164062,0.0004591329488903284,1.9218980073928833,22105600,56227840,0.021901475032791495,0.5446334068397807
914,1.8968695402145386,0.00046032777754589915,1.8969155550003052,22105600,56227840,0.019732005952391773,0.5549513293970046
915,1.896819829940796,0.00045043276622891426,1.896864891052246,22105600,56227840,0.019687742984388024,0.5482167239514619
916,1.9067316055297852,0.0004476725880522281,1.9067764282226562,22105600,56227840,0.019454371999017894,0.5776880988932893
917,1.8896713256835938,0.0004859177570324391,1.8897199630737305,22105600,56227840,0.01920818700455129,0.6122657823741531
918,1.9314699172973633,0.0004329362709540874,1.9315131902694702,22105600,56227840,0.021022905013523996,0.5453365712063994
919,1.8551052808761597,0.00037457013968378305,1.8551427125930786,22105600,56227840,0.0201952219940722,0.5466240286240572
920,1.8974874019622803,0.0003434931277297437,1.897521734237671,22105600,56227840,0.01988558698212728,0.5414134960918843
921,1.9250832796096802,0.00033775949850678444,1.925117015838623,22105600,56227840,0.02010896900901571,0.6168422417917535
922,1.9269781112670898,0.0003795026568695903,1.927016019821167,22105600,56227840,0.019556624989490956,0.5256765651737926
923,1.9275197982788086,0.00042930745985358953,1.9275627136230469,22105600,56227840,0.020579005999024957,0.5777119026413718
924,1.9357008934020996,0.0004931119037792087,1.9357502460479736,22105600,56227840,0.023039123974740505,0.5434280750120801
925,1.8511720895767212,0.0005012977635487914,1.851222276687622,22105600,56227840,0.024801584018860012,0.6293540734762203
926,1.8772538900375366,0.0004736622213385999,1.8773012161254883,22105600,56227840,0.0226537260459736,0.6769299962363766
927,1.9048824310302734,0.00046082239714451134,1.9049285650253296,22105600,56227840,0.02561729500303045,0.6096122716522716
928,1.886866807937622,0.0005087784957140684,1.8869177103042603,22105600,56227840,0.020962061011232436,0.6060191650721161
929,1.9113729000091553,0.0005457357037812471,1.9114274978637695,22105600,56227840,0.02291267499094829,0.5904048632879946
930,1.8423550128936768,0.0005556911928579211,1.8424105644226074,22105600,56227840,0.02309206494828686,0.5967987185591694
931,1.941596269607544,0.0005661592585965991,1.9416528940200806,22105600,56227840,0.025807894999161363,0.5860947446816884
932,1.8740425109863281,0.0005523842992261052,1.8740977048873901,22105600,56227840,0.02306305995443836,0.6777997613081892
933,1.8622417449951172,0.00046944167115725577,1.8622887134552002,22105600,56227840,0.02219741401495412,0.6246591521876569
934,1.897569179534912,0.000394077185774222,1.8976086378097534,22105600,56227840,0.02172821800922975,0.5945190193895276
935,1.8848798274993896,0.0004125179839320481,1.8849210739135742,22105600,56227840,0.021668525005225092,0.5570127935747202
936,1.9113904237747192,0.00044465280370786786,1.9114348888397217,22105600,56227840,0.0221555259777233,0.6201658598281251
937,1.8864713907241821,0.0004963639075867832,1.8865209817886353,22105600,56227840,0.021978050004690886,0.6254687932345563
938,1.9271385669708252,0.0004889033152721822,1.927187442779541,22105600,56227840,0.02108202694216743,0.5659393714526648
939,1.8546234369277954,0.0004316707490943372,1.8546665906906128,22105600,56227840,0.021984852966852486,0.5478839392830502
940,1.9013540744781494,0.0004102213424630463,1.9013950824737549,22105600,56227840,0.025029063050169498,0.6607041878718912
941,1.847881555557251,0.00039576110430061817,1.8479211330413818,22105600,56227840,0.024573993985541165,0.618105860538427
942,1.848522424697876,0.00040734215872362256,1.8485631942749023,22105600,56227840,0.02391313499538228,0.5253271248219893
943,1.8726838827133179,0.0004606464062817395,1.8727298974990845,22105600,56227840,0.02066130196908489,0.641831601177686
944,1.8662080764770508,0.0004765247576870024,1.866255760192871,22105600,56227840,0.023294626967981458,0.6755959304215766
945,1.9074664115905762,0.00048254738794639707,1.9075146913528442,22105600,56227840,0.022457144979853183,0.5982380901305075
946,1.8909697532653809,0.0004345922789070755,1.891013264656067,22105600,56227840,0.0208934000111185,0.5995962386937695
947,1.9044671058654785,0.0003419698332436383,1.9045013189315796,22105600,56227840,0.022609814011957496,0.5903167451291097
948,1.867095947265625,0.0002647030632942915,1.8671224117279053,22105600,56227840,0.022207834001164883,0.6615302813149627
949,1.9032654762268066,0.00027118955040350556,1.9032925367355347,22105600,56227840,0.02105441497405991,0.5617038263750876
950,1.925472617149353,0.0003876269329339266,1.925511360168457,22105600,56227840,0.02280211600009352,0.659413428797896
951,1.8872398138046265,0.0004912236472591758,1.8872889280319214,22105600,56227840,0.024360389972571284,0.5923913364548529
952,1.8783798217773438,0.0005391218001022935,1.8784337043762207,22105600,56227840,0.021491109975613654,0.6121143334953553
953,1.859261393547058,0.0005076847737655044,1.8593121767044067,22105600,56227840,0.02144883101573214,0.5512163591449731
954,1.814213514328003,0.0004621637344826013,1.8142597675323486,22105600,56227840,0.022053241962566972,0.6255519082811469
955,1.9122850894927979,0.0004292225348763168,1.9123280048370361,22105600,56227840,0.023048753035254776,0.6063991539946424
956,1.883554220199585,0.0004404921783134341,1.8835983276367188,22105600,56227840,0.021718819974921644,0.6305520589866204
957,1.9015673398971558,0.00043805132736451924,1.901611089706421,22105600,56227840,0.021375801996327937,0.7108883400757333
958,1.9044888019561768,0.0004409026587381959,1.9045329093933105,22105600,56227840,0.027106187015306205,0.5697570499841925
959,1.8316190242767334,0.0004743315221276134,1.8316664695739746,22105600,56227840,0.020258720964193344,0.5882270644327917
960,1.8855392932891846,0.0004883714718744159,1.8855881690979004,22105600,56227840,0.01960891397902742,0.6505810110467383
961,1.9100652933120728,0.0005526338936761022,1.9101206064224243,22105600,56227840,0.019929569971282035,0.557476317823983
962,1.847266674041748,0.0006105942302383482,1.847327709197998,22105600,56227840,0.019055548997130245,0.5503279825287728
963,1.9097187519073486,0.000584488152526319,1.9097771644592285,22105600,56227840,0.018991779012139887,0.5718696019810428
964,1.8182387351989746,0.0005197108257561922,1.8182907104492188,22105600,56227840,0.020717918989248574,0.5700427259424552
965,1.8591666221618652,0.00043918826850131154,1.85921049118042,22105600,56227840,0.01958743401337415,0.6000945252035369
966,1.9121359586715698,0.0004156126524321735,1.912177562713623,22105600,56227840,0.0194349359953776,0.5739814018938172
967,1.8994362354278564,0.0004562764661386609,1.8994818925857544,22105600,56227840,0.019405440019909292,0.5808727153263178
968,1.9199610948562622,0.0004894600715488195,1.9200100898742676,22105600,56227840,0.019315639976412058,0.5996680919163183
969,1.8207883834838867,0.0005338367773219943,1.8208417892456055,22105600,56227840,0.0192026769509539,0.5797703753390246
970,1.900902271270752,0.000552210200112313,1.900957465171814,22105600,56227840,0.02024806197732687,0.6413852301572273
971,1.9000786542892456,0.0005618743598461151,1.900134801864624,22105600,56227840,0.02157105103833601,0.547886256152267
972,1.8387892246246338,0.0005582845769822598,1.8388450145721436,22105600,56227840,0.019531548023223877,0.5864083263208889
973,1.9063851833343506,0.000509139965288341,1.9064360857009888,22105600,56227840,0.02109307801583782,0.6608382625334196
974,1.8816032409667969,0.0004872892750427127,1.8816519975662231,22105600,56227840,0.020180504012387246,0.5559808481554567
975,1.7872061729431152,0.0004285822797100991,1.7872490882873535,22105600,56227840,0.01978520699776709,0.5622987697754777
976,1.9075981378555298,0.00043293030466884375,1.9076414108276367,22105600,56227840,0.019930091046262532,0.6154093739117446
977,1.9342576265335083,0.00045469001634046435,1.9343030452728271,22105600,56227840,0.01956166495801881,0.6406434397796218
978,1.797969102859497,0.0004443228244781494,1.7980135679244995,22105600,56227840,0.019637196965049952,0.5613000171502485
979,1.909461498260498,0.00040957375313155353,1.9095025062561035,22105600,56227840,0.01993245497578755,0.6103410611620158
980,1.9218177795410156,0.0003832307120319456,1.9218560457229614,22105600,56227840,0.019762725045438856,0.5753089145021578
981,1.8400182723999023,0.000357816374162212,1.8400540351867676,22105600,56227840,0.01986818399745971,0.6378369509624688
982,1.827401041984558,0.0003438546264078468,1.8274353742599487,22105600,56227840,0.02145991101861,0.58122997700288
983,1.8698623180389404,0.0003683400573208928,1.8698991537094116,22105600,56227840,0.020172699994873255,0.5978006981331494
984,1.8587815761566162,0.0004572351463139057,1.8588273525238037,22105600,56227840,0.01960492698708549,0.6232743425668642
985,1.9182292222976685,0.0005195072153583169,1.9182811975479126,22105600,56227840,0.019393758033402264,0.7174065033449134
986,1.8204100131988525,0.0005958948750048876,1.820469617843628,22105600,56227840,0.019326169975101948,0.6180977034553746
987,1.8967982530593872,0.0006077070720493793,1.896859049797058,22105600,56227840,0.019843507965561002,0.5770561610741899
988,1.9020987749099731,0.0005795147735625505,1.9021567106246948,22105600,56227840,0.020748777023982257,0.6288507849000367
989,1.8398501873016357,0.0006133826682344079,1.8399115800857544,22105600,56227840,0.02226126496680081,0.5493509854122116
990,1.8820340633392334,0.0006113460985943675,1.882095217704773,22105600,56227840,0.019639542035292834,0.6421651574449466
991,1.8287179470062256,0.0006027852068655193,1.8287782669067383,22105600,56227840,0.020724242029245943,0.6199505448655361
992,1.8918328285217285,0.0006267144926823676,1.8918955326080322,22105600,56227840,0.01974798704031855,0.6067801822337225
993,1.8989739418029785,0.0006194751476868987,1.899035930633545,22105600,56227840,0.020221061015035957,0.618817343215591
994,1.9130276441574097,0.0005714984145015478,1.9130847454071045,22105600,56227840,0.01955896901199594,0.6833376440370866
995,1.8124767541885376,0.0005317084142006934,1.8125299215316772,22105600,56227840,0.020063332049176097,0.5923452812693412
996,1.8640499114990234,0.0005113250226713717,1.8641010522842407,22105600,56227840,0.021869894990231842,0.6990990303566873
997,1.9208197593688965,0.0004988469881936908,1.9208695888519287,22105600,56227840,0.019778726040385664,0.6368346850375881
998,1.9106197357177734,0.0005040933610871434,1.9106701612472534,22105600,56227840,0.019333934993483126,0.6800436684810712
999,1.8939743041992188,0.0005665029748342931,1.8940309286117554,22105600,56227840,0.019743818964343518,0.596154019199275
1000,1.852529525756836,0.0006398758850991726,1.8525935411453247,22105600,56227840,0.024185119953472167,0.534023091630737
1001,1.9360026121139526,0.0006820471026003361,1.9360707998275757,22105600,56227840,0.025271502032410353,0.6401610511677023
1002,1.8462575674057007,0.0006863366579636931,1.846326231956482,22105600,56227840,0.023548968019895256,0.5880547723475862
1003,1.830493688583374,0.0006520611932501197,1.8305588960647583,22105600,56227840,0.024865684972610325,0.5361254208623905
1004,1.8264813423156738,0.0006176299648359418,1.8265430927276611,22105600,56227840,0.024091473023872823,0.6033482734994773
1005,1.8743940591812134,0.0006015595863573253,1.8744542598724365,22105600,56227840,0.02231773198582232,0.6858747551974782
1006,1.8155200481414795,0.0006170510314404964,1.8155817985534668,22105600,56227840,0.023160303011536598,0.6389082142814051
1007,1.8780006170272827,0.0005745175876654685,1.8780580759048462,22105600,56227840,0.021088689973112196,0.5824451058497621
1008,1.866091251373291,0.0005332069122232497,1.8661445379257202,22105600,56227840,0.02073090401245281,0.6192219583513048
1009,1.8452084064483643,0.0004606514412444085,1.8452544212341309,22105600,56227840,0.01986710197525099,0.5421277115721543
1010,1.879746675491333,0.0004256352549418807,1.8797892332077026,22105600,56227840,0.01977104099933058,0.6012645244239875
1011,1.8030600547790527,0.00044034860911779106,1.803104043006897,22105600,56227840,0.019806487020105124,0.6419605663465869
1012,1.9351179599761963,0.0004617263039108366,1.9351640939712524,22105600,56227840,0.02004346501780674,0.5905332487369619
1013,1.9290634393692017,0.00048121734289452434,1.9291115999221802,22105600,56227840,0.01966442901175469,0.6105913066946443
1014,1.8529350757598877,0.00045822601532563567,1.8529808521270752,22105600,56227840,0.021123084996361285,0.6808293909439116
1015,1.9220106601715088,0.00041040757787413895,1.9220516681671143,22105600,56227840,0.020290993037633598,0.6238655878175502
1016,1.8515417575836182,0.00041904064710251987,1.85158371925354,22105600,56227840,0.019728209997992963,0.5538221839131284
1017,1.8281136751174927,0.0004891605931334198,1.8281625509262085,22105600,56227840,0.019319877959787846,0.6588345309621773
1018,1.895448923110962,0.0005458166706375778,1.8955035209655762,22105600,56227840,0.019397475000005215,0.6952952065478771
1019,1.883530855178833,0.0005297909374348819,1.8835837841033936,22105600,56227840,0.019511419988702983,0.5860105626367679
1020,1.8694425821304321,0.0005419169319793582,1.8694968223571777,22105600,56227840,0.02154078398598358,0.6668257984885584
1021,1.8570005893707275,0.0005739432526752353,1.8570579290390015,22105600,56227840,0.020210600981954485,0.6533241852089936
1022,1.9221117496490479,0.0005636272253468633,1.9221681356430054,22105600,56227840,0.02014090900775045,0.6586874189677667
1023,1.800145149230957,0.0005460070096887648,1.8001997470855713,22105600,56227840,0.021225347998552024,0.5878299212741978
1024,1.923293113708496,0.00048469420289620757,1.9233416318893433,22105600,56227840,0.024033502966631204,0.6769488362740111
1025,1.862187385559082,0.0004623349814210087,1.8622336387634277,22105600,56227840,0.02395652700215578,0.6707351998217387
1026,1.8495694398880005,0.0004513249732553959,1.8496146202087402,22105600,56227840,0.023171534994617105,0.6402165872195078
1027,1.884263277053833,0.00045355790643952787,1.8843085765838623,22105600,56227840,0.022492733027320355,0.7006346138422894
1028,1.8730196952819824,0.00045013256021775305,1.8730647563934326,22105600,56227840,0.021258460998069495,0.7293300930068669
1029,1.9166895151138306,0.00046217493945732713,1.9167357683181763,22105600,56227840,0.02132955502020195,0.6206066097839732
1030,1.9798846244812012,0.0004987919819541276,1.9799344539642334,22105600,56227840,0.02112076000776142,0.8585446373201482
1031,1.882378101348877,0.0005208941292949021,1.8824301958084106,22105600,56227840,0.0217487970367074,0.629324012704226
1032,1.824589729309082,0.0004977589705958962,1.8246395587921143,22105600,56227840,0.023257928027305752,0.6428001002720939
1033,1.8707174062728882,0.00043137383181601763,1.8707605600357056,22105600,56227840,0.024843351973686367,0.6835417148516779
1034,1.835397720336914,0.0004385259817354381,1.8354415893554688,22105600,56227840,0.022837814001832157,0.7042047139160058
1035,1.8216502666473389,0.0004641786217689514,1.8216966390609741,22105600,56227840,0.02339458599453792,0.552665157694627
1036,1.8174242973327637,0.00046361886779777706,1.817470669746399,22105600,56227840,0.023602579021826386,0.7392657468631708
1037,1.8854618072509766,0.0004570289747789502,1.8855074644088745,22105600,56227840,0.020857092982623726,0.7002952973485727
1038,1.8601837158203125,0.0005172365927137434,1.8602354526519775,22105600,56227840,0.023410045017953962,0.6180367954776592
1039,1.873528003692627,0.0005281988997012377,1.873580813407898,22105600,56227840,0.022015370021108538,0.7303746072869246
1040,1.83456289768219,0.0004986160201951861,1.8346127271652222,22105600,56227840,0.02097355294972658,0.606014408528577
1041,1.881685495376587,0.0004840408219024539,1.8817338943481445,22105600,56227840,0.023389376001432538,0.6016825652156806
1042,1.8603746891021729,0.0004446336242835969,1.8604191541671753,22105600,56227840,0.022302703000605106,0.5424254118925913
1043,1.8265174627304077,0.0004412070557009429,1.8265615701675415,22105600,56227840,0.023068649985361844,0.6346335077859393
1044,1.8717983961105347,0.0004771506355609745,1.871846079826355,22105600,56227840,0.021427790983580053,0.6287994885335273
1045,1.8692824840545654,0.0005547236651182175,1.8693379163742065,22105600,56227840,0.022791046008933336,0.5461751263603579
1046,1.8941890001296997,0.0006005392060615122,1.8942490816116333,22105600,56227840,0.02269129699561745,0.6276756017113884
1047,1.8399287462234497,0.0006061737076379359,1.8399893045425415,22105600,56227840,0.021515597007237375,0.6592020279136247
1048,1.8350608348846436,0.0005917747039347887,1.8351199626922607,22105600,56227840,0.021605907008051872,0.6169846718002712
1049,1.8773483037948608,0.0005385119002312422,1.8774021863937378,22105600,56227840,0.023897516017314047,0.6821577568212595
1050,1.843988299369812,0.0004752621171064675,1.8440358638763428,22105600,56227840,0.023116069962270558,0.6182063117450991
1051,1.8393564224243164,0.00046425798791460693,1.8394027948379517,22105600,56227840,0.02412342297611758,0.6227526957550853
1052,1.829578161239624,0.0004896926693618298,1.8296271562576294,22105600,56227840,0.022664506977889687,0.6493220402678735
1053,1.8325064182281494,0.0005127294571138918,1.8325576782226562,22105600,56227840,0.020905935030896217,0.5965097834265927
1054,1.8513767719268799,0.0004983945400454104,1.851426601409912,22105600,56227840,0.023303684021811932,0.6006816625086803
1055,1.8099491596221924,0.00045021649566479027,1.8099942207336426,22105600,56227840,0.02204458595952019,0.6089947059791851
1056,1.9569183588027954,0.0004259298148099333,1.956960916519165,22105600,56227840,0.022726894996594638,0.6396831339583194
1057,1.8119066953659058,0.00040864726179279387,1.8119475841522217,22105600,56227840,0.0222296750289388,0.6304840709015787
1058,1.853988766670227,0.00045788389979861677,1.8540345430374146,22105600,56227840,0.025803085998632014,0.6483888417874909
1059,1.8998923301696777,0.000471315550385043,1.8999394178390503,22105600,56227840,0.019988700980320573,0.6212741740561725
1060,1.8531244993209839,0.0004693747032433748,1.853171467781067,22105600,56227840,0.019956131000071764,0.6393981727642826
1061,1.8590114116668701,0.0004493441665545106,1.8590563535690308,22105600,56227840,0.020108408003579825,0.6257957891945191
1062,1.8293571472167969,0.0005036169895902276,1.8294074535369873,22105600,56227840,0.01927445299224928,0.5781110900391758
1063,1.8520081043243408,0.0005386394914239645,1.8520619869232178,22105600,56227840,0.019208116980735213,0.5858868025351929
1064,1.8496928215026855,0.0005199853330850601,1.8497447967529297,22105600,56227840,0.019455805013421923,0.5745748304772126
1065,1.8559660911560059,0.0005659526214003563,1.8560227155685425,22105600,56227840,0.019285322981886566,0.5896314926972236
1066,1.8338791131973267,0.0005521877319552004,1.8339343070983887,22105600,56227840,0.021119909011758864,0.6328702672393809
1067,1.8506989479064941,0.0005209563532844186,1.8507510423660278,22105600,56227840,0.020992918987758458,0.6604671930246032
1068,1.7911365032196045,0.00042365549597889185,1.791178822517395,22105600,56227840,0.0204230320523493,0.6765318622861574
1069,1.8034623861312866,0.0003690930607262999,1.8034993410110474,22105600,56227840,0.019732347049284726,0.5535864297464602
1070,1.814281702041626,0.00043434579856693745,1.8143250942230225,22105600,56227840,0.01914628001395613,0.5988081176134284
1071,1.8938369750976562,0.0005523459985852242,1.8938921689987183,22105600,56227840,0.021420105011202395,0.5867430588938857
1072,1.869826316833496,0.0006433587986975908,1.8698906898498535,22105600,56227840,0.021012395969592035,0.5730004206879165
1073,1.8935701847076416,0.0006771314656361938,1.8936378955841064,22105600,56227840,0.01949157298076898,0.6053521386682822
1074,1.838232398033142,0.0006892829551361501,1.8383013010025024,22105600,56227840,0.019458099035546184,0.5807885081092373
1075,1.878940224647522,0.0006708225701004267,1.879007339477539,22105600,56227840,0.019404568010941148,0.6123790172052751
1076,1.8328025341033936,0.000643980223685503,1.832866907119751,22105600,56227840,0.01996941596735269,0.6080069572340163
1077,1.8533216714859009,0.0006104127387516201,1.8533827066421509,22105600,56227840,0.019628742011263967,0.6261058349389443
1078,1.868401288986206,0.0005989805795252323,1.8684611320495605,22105600,56227840,0.0193666759878397,0.6669892199860533
1079,1.7577106952667236,0.0005603964673355222,1.7577667236328125,22105600,56227840,0.02327998902183026,0.694689605762128
1080,1.843592882156372,0.0005287936655804515,1.8436458110809326,22105600,56227840,0.02093309600604698,0.5841418183960313
1081,1.8153284788131714,0.0004816584987565875,1.81537663936615,22105600,56227840,0.020023626973852515,0.740590905793053
1082,1.8633273839950562,0.0004254632513038814,1.8633699417114258,22105600,56227840,0.019271987956017256,0.6738138890036753
1083,1.8288278579711914,0.0003983454080298543,1.8288676738739014,22105600,56227840,0.019208887999411672,0.5835190342851155
1084,1.8439878225326538,0.00045055049122311175,1.844032883644104,22105600,56227840,0.02177209098590538,0.7547336488307271
1085,1.8634780645370483,0.0005265211220830679,1.8635307550430298,22105600,56227840,0.02000622497871518,0.5815024144575996
1086,1.8160068988800049,0.0005980697460472584,1.8160667419433594,22105600,56227840,0.01942343299742788,0.5973806599662109
1087,1.8590366840362549,0.0006050234660506248,1.8590972423553467,22105600,56227840,0.019588625989854336,0.5954083622516047
1088,1.8449695110321045,0.0005682422779500484,1.8450263738632202,22105600,56227840,0.01964298903476447,0.6670567644792955
1089,1.8588963747024536,0.0005063401185907423,1.8589470386505127,22105600,56227840,0.020136760955210775,0.6336670484393092
1090,1.7624545097351074,0.00046589571866206825,1.7625011205673218,22105600,56227840,0.02210472000297159,0.6034280881577826
1091,1.8204785585403442,0.0004545740666799247,1.820523977279663,22105600,56227840,0.020959175017196685,0.5971160347265507
1092,1.848498821258545,0.00046371002099476755,1.8485451936721802,22105600,56227840,0.019476915011182427,0.6464704120841434
1093,1.798879861831665,0.0003970033721998334,1.7989195585250854,22105600,56227840,0.019691399997100234,0.6326830235974145
1094,1.805685043334961,0.0004313391982577741,1.8057281970977783,22105600,56227840,0.019615415949374437,0.5937243634998539
1095,1.904068946838379,0.0004883130313828588,1.9041178226470947,22105600,56227840,0.018991367949638516,0.825582109389512
1096,1.8888273239135742,0.00051207619253546,1.888878583908081,22105600,56227840,0.02137931901961565,0.5894795309083677
1097,1.7804224491119385,0.0004894789308309555,1.7804714441299438,22105600,56227840,0.02035840996541083,0.563430863182202
1098,1.8620619773864746,0.0004836894804611802,1.8621103763580322,22105600,56227840,0.01974866900127381,0.6026509997566046
1099,1.8815163373947144,0.00047902914229780436,1.8815642595291138,22105600,56227840,0.019720064010471106,0.6589515807268805
1100,1.8776527643203735,0.0004649369220715016,1.8776992559432983,22105600,56227840,0.021719282027333975,0.6300317089915489
1101,1.8240673542022705,0.00039141590241342783,1.8241064548492432,22105600,56227840,0.02223688899539411,0.6024374288664615
1102,1.8782176971435547,0.00035368301905691624,1.8782531023025513,22105600,56227840,0.021275823994074017,0.7890622583632495
1103,1.8196545839309692,0.0003939585294574499,1.819693922996521,22105600,56227840,0.02177284297067672,0.6058820166768746
1104,1.7850981950759888,0.0005185604095458984,1.7851500511169434,22105600,56227840,0.02278593700611964,0.625786865314624
1105,1.8212313652038574,0.00063724210485816,1.821295142173767,22105600,56227840,0.021707859996240586,0.6316406685522591
1106,1.8352423906326294,0.0006777528906241059,1.8353102207183838,22105600,56227840,0.020215630007442087,0.7511391811269115
1107,1.8057211637496948,0.0006477900897152722,1.805785894393921,22105600,56227840,0.019541246991138905,0.6284772855165212
1108,1.8022799491882324,0.0006354964571073651,1.802343487739563,22105600,56227840,0.01966480998089537,0.700459474353786
1109,1.8103127479553223,0.0006272363243624568,1.810375452041626,22105600,56227840,0.01963488303590566,0.6722311029549672
1110,1.8713347911834717,0.0005886420840397477,1.8713936805725098,22105600,56227840,0.01973378995899111,0.7035694450786093
1111,1.845300555229187,0.0004891736898571253,1.8453494310379028,22105600,56227840,0.022475519974250346,0.6082820138730425
1112,1.8715400695800781,0.00046853587264195085,1.8715869188308716,22105600,56227840,0.019656704971566796,0.7596993226271521
1113,1.8976950645446777,0.00045571106602437794,1.8977406024932861,22105600,56227840,0.019609755952842534,0.6607441845723645
1114,1.8263320922851562,0.00044128563604317605,1.82637619972229,22105600,56227840,0.019509245990775526,0.692512578199034
1115,1.8586833477020264,0.0003944048658013344,1.8587228059768677,22105600,56227840,0.019788142992183566,0.6502357345482458
1116,1.7721675634384155,0.0004191636689938605,1.7722095251083374,22105600,56227840,0.019648599962238222,0.7674126901352227
1117,1.8071047067642212,0.0004878780455328524,1.8071534633636475,22105600,56227840,0.019345306034665555,0.6634600888582493
1118,1.7801878452301025,0.0004819880414288491,1.780236005783081,22105600,56227840,0.020067992038093507,0.6969188892295922
1119,1.791052222251892,0.00045327545376494527,1.7910975217819214,22105600,56227840,0.02153676695888862,0.6892681104065596
1120,1.85378098487854,0.0004692569200415164,1.853827953338623,22105600,56227840,0.020961710019037127,0.5964962989685845
1121,1.849216103553772,0.00045581668382510543,1.8492616415023804,22105600,56227840,0.02034659800119698,0.6276218996526426
1122,1.8410637378692627,0.00047725439071655273,1.841111421585083,22105600,56227840,0.020609775034245104,0.5820402569634441
1123,1.8674378395080566,0.00043817644473165274,1.8674817085266113,22105600,56227840,0.020473898970521986,0.6136107765376306
1124,1.8106226921081543,0.00045291235437616706,1.8106679916381836,22105600,56227840,0.02368496498093009,0.65110656892669
1125,1.7663328647613525,0.0004963827086612582,1.7663824558258057,22105600,56227840,0.021346185996662825,0.6432412357084782
1126,1.8580213785171509,0.0005016279174014926,1.8580715656280518,22105600,56227840,0.024307490966748446,0.6822113762905545
1127,1.8484022617340088,0.0005162248271517456,1.8484538793563843,22105600,56227840,0.021881658991333097,0.6880179356878183
1128,1.8318043947219849,0.0005044198478572071,1.8318548202514648,22105600,56227840,0.02256446803221479,0.6140990015247381
1129,1.8609579801559448,0.0004644467553589493,1.8610044717788696,22105600,56227840,0.025675295037217438,0.7574382615086689
1130,1.8333892822265625,0.00043212054879404604,1.8334324359893799,22105600,56227840,0.02655954600777477,0.790715662526075
1131,1.8061392307281494,0.0004001037741545588,1.8061792850494385,22105600,56227840,0.023462163982912898,0.6297793669887138
1132,1.8444504737854004,0.00043500433093868196,1.8444939851760864,22105600,56227840,0.02219183399574831,0.7063663729921298
1133,1.8216073513031006,0.00043458325671963394,1.8216508626937866,22105600,56227840,0.02188793005188927,0.7179848929329241
1134,1.840808629989624,0.00047232737415470183,1.8408558368682861,22105600,56227840,0.0230233549955301,0.6054397122881167
1135,1.8241324424743652,0.0005660579772666097,1.8241890668869019,22105600,56227840,0.021984853025060147,0.6041128665358038
1136,1.8306355476379395,0.000630413880571723,1.8306986093521118,22105600,56227840,0.0219697339925915,0.7342168101531822
1137,1.8263694047927856,0.000613517127931118,1.8264307975769043,22105600,56227840,0.02173966000555083,0.6564359969222171
1138,1.8022379875183105,0.0005923367571085691,1.8022972345352173,22105600,56227840,0.026387980964500457,0.6166514439300654
1139,1.8989732265472412,0.0005353196174837649,1.8990267515182495,22105600,56227840,0.022740280022844672,0.6506888238024086
1140,1.8271492719650269,0.0004419464967213571,1.8271934986114502,22105600,56227840,0.023884622030891478,0.6300571490269011
1141,1.8299052715301514,0.0003505162021610886,1.8299403190612793,22105600,56227840,0.02301949803950265,0.6256719186075577
1142,1.812789797782898,0.00033316182089038193,1.8128230571746826,22105600,56227840,0.022042502008844167,0.6218819898860022
1143,1.8323428630828857,0.00039278544136323035,1.832382082939148,22105600,56227840,0.02191401901654899,0.6418304275809431
1144,1.8282462358474731,0.0004543158574961126,1.828291654586792,22105600,56227840,0.023737302981317043,0.5767664634225838
1145,1.7873581647872925,0.00046755647053942084,1.7874048948287964,22105600,56227840,0.021884543006308377,0.6075911166414278
1146,1.8355350494384766,0.00044851592974737287,1.8355798721313477,22105600,56227840,0.021529181976802647,0.7231104479595365
1147,1.8567256927490234,0.00042153685353696346,1.8567678928375244,22105600,56227840,0.02218772697960958,0.6961554040252459
1148,1.8589932918548584,0.0004059509374201298,1.8590339422225952,22105600,56227840,0.022940699011087418,0.6136588467003541
1149,1.8643019199371338,0.00040947506204247475,1.8643428087234497,22105600,56227840,0.023591447970829904,0.631087570068538
1150,1.854418396949768,0.00044798431918025017,1.8544632196426392,22105600,56227840,0.0243985730339773,0.6703110351130893
1151,1.8635727167129517,0.00045138149289414287,1.8636178970336914,22105600,56227840,0.024293945054523647,0.6579152413335544
1152,1.829963207244873,0.0004717535339295864,1.8300104141235352,22105600,56227840,0.022331077023409307,0.6489070767547459
1153,1.8094384670257568,0.00048148841597139835,1.8094866275787354,22105600,56227840,0.021997135947458446,0.6213890091601058
1154,1.831938624382019,0.0004930170252919197,1.831987977027893,22105600,56227840,0.021832204016391188,0.5680529896024533
1155,1.853299617767334,0.00048660713946446776,1.8533482551574707,22105600,56227840,0.023117351986002177,0.71882626296694
1156,1.7453031539916992,0.000382024678401649,1.7453413009643555,22105600,56227840,0.02231299300910905,0.6360641786383084
1157,1.7781622409820557,0.0003296411596238613,1.7781952619552612,22105600,56227840,0.021926673012785614,0.6008068346068213
1158,1.798557996749878,0.00040101027116179466,1.798598051071167,22105600,56227840,0.027527474041562527,0.6148153774816704
1159,1.7777035236358643,0.00048618484288454056,1.777752161026001,22105600,56227840,0.022366372984834015,0.5775333870539494
1160,1.813314437866211,0.0005359319038689137,1.8133680820465088,22105600,56227840,0.022119336994364858,0.6350405314407109
1161,1.8032959699630737,0.0005490554613061249,1.8033509254455566,22105600,56227840,0.021409275010228157,0.808377915352034
1162,1.793788194656372,0.0005722699570469558,1.7938454151153564,22105600,56227840,0.020581652992404997,0.6623165615928055
1163,1.9003174304962158,0.0005454125348478556,1.90037202835083,22105600,56227840,0.019987659994512796,0.5819311210789663
1164,1.7649240493774414,0.0005384298274293542,1.7649779319763184,22105600,56227840,0.02059333404758945,0.7910093859971773
1165,1.789508581161499,0.0005280085024423897,1.78956139087677,22105600,56227840,0.020188559021335095,0.6998613903785249
1166,1.7755004167556763,0.0004722432349808514,1.7755476236343384,22105600,56227840,0.021665358974132687,0.6256929009102421
1167,1.8734986782073975,0.0004197404196020216,1.8735406398773193,22105600,56227840,0.021181485964916646,0.6555079563274289
1168,1.8833000659942627,0.00041567941661924124,1.883341670036316,22105600,56227840,0.020287054998334497,0.7654786399864294
1169,1.7696229219436646,0.00043611423461697996,1.7696665525436401,22105600,56227840,0.020316932001151145,0.7171435631164411
1170,1.8612074851989746,0.00041185514419339597,1.8612486124038696,22105600,56227840,0.02011634298833087,0.6083059213602736
1171,1.8413615226745605,0.000463910517282784,1.8414078950881958,22105600,56227840,0.020731966011226177,0.7677550892940993
1172,1.796932578086853,0.000545443850569427,1.7969871759414673,22105600,56227840,0.021366383996792138,0.6962478492035679
1173,1.8597029447555542,0.0005659796879626811,1.8597595691680908,22105600,56227840,0.021139446005690843,0.6285484207636391
1174,1.7777044773101807,0.0005866491119377315,1.7777631282806396,22105600,56227840,0.02044824999757111,0.6125146502863021
1175,1.8449428081512451,0.0005336921894922853,1.8449962139129639,22105600,56227840,0.020054325985256582,0.7622384922786002
1176,1.81968355178833,0.0004478369955904782,1.8197283744812012,22105600,56227840,0.020431117969565094,0.6397282691123017
1177,1.8118705749511719,0.00040265655843541026,1.81191086769104,22105600,56227840,0.020033456035889685,0.6431727055842185
1178,1.8203812837600708,0.0003888843348249793,1.8204201459884644,22105600,56227840,0.021724111051298678,0.8001312229110067
1179,1.7974517345428467,0.00038609124021604657,1.7974903583526611,22105600,56227840,0.02041720098350197,0.6913981688983647
1180,1.8260247707366943,0.0003909022198058665,1.826063871383667,22105600,56227840,0.020400448993314058,0.647722895765095
1181,1.8439033031463623,0.0003911170642822981,1.843942403793335,22105600,56227840,0.020720174012240022,0.6583385955005369
1182,1.9121768474578857,0.0004260069690644741,1.9122194051742554,22105600,56227840,0.020175474986899644,0.6791859990095946
1183,1.7638897895812988,0.0004516813496593386,1.7639349699020386,22105600,56227840,0.020300551026593894,0.6729033562616007
1184,1.8523123264312744,0.00047231867210939527,1.8523595333099365,22105600,56227840,0.020037805021274835,0.7049522920245949
1185,1.793940782546997,0.00045298930490389466,1.7939860820770264,22105600,56227840,0.019971079018432647,0.6454956399625462
1186,1.8401193618774414,0.0003993396239820868,1.840159296989441,22105600,56227840,0.020175765035673976,0.6015814414483112
1187,1.7592687606811523,0.0003673868195619434,1.759305477142334,22105600,56227840,0.01995034998981282,0.7286588886994215
1188,1.886568307876587,0.00036676807212643325,1.8866050243377686,22105600,56227840,0.020077569992281497,0.6977478187966949
1189,1.8788340091705322,0.0003725480055436492,1.8788713216781616,22105600,56227840,0.020550804038066417,0.6842991186781638
1190,1.8212647438049316,0.00036448510945774615,1.8213012218475342,22105600,56227840,0.021940108970738947,0.6133155851878351
1191,1.802765965461731,0.00045129095087759197,1.8028111457824707,22105600,56227840,0.022466953960247338,0.6242415099543721
1192,1.8354134559631348,0.0005044117569923401,1.8354638814926147,22105600,56227840,0.02253043302334845,0.6601495267921846
1193,1.8276433944702148,0.0005209482624195516,1.8276954889297485,22105600,56227840,0.023131830035708845,0.673497440097482
1194,1.8094639778137207,0.0004896221798844635,1.809512972831726,22105600,56227840,0.022371143044438213,0.6996848456949053
1195,1.7949788570404053,0.0004600989050231874,1.7950248718261719,22105600,56227840,0.022933836036827415,0.6946996433516706
1196,1.8094539642333984,0.00040541254566051066,1.8094944953918457,22105600,56227840,0.0223004290019162,0.6366228175249193
1197,1.8486833572387695,0.000384258251870051,1.8487217426300049,22105600,56227840,0.0225961179821752,0.6345804071372888
1198,1.73917555809021,0.00039759522769600153,1.73921537399292,22105600,56227840,0.021918607992120087,0.6711053868262856
1199,1.8423150777816772,0.00041105953278020024,1.8423562049865723,22105600,56227840,0.023387373017612845,0.6496197661309894
1200,1.7857751846313477,0.00042130512883886695,1.785817265510559,22105600,56227840,0.028772697027307004,0.6665317327416158
1201,1.8563587665557861,0.0004075491742696613,1.8563995361328125,22105600,56227840,0.025724317994900048,0.7446173959276278
1202,1.781062126159668,0.00046788627514615655,1.7811088562011719,22105600,56227840,0.02493699104525149,0.595283480763091
1203,1.784045934677124,0.0005872034234926105,1.7841047048568726,22105600,56227840,0.02277540700742975,0.6402081189672144
1204,1.7320448160171509,0.0005913614295423031,1.732103943824768,22105600,56227840,0.02229266398353502,0.6424745786787973
1205,1.7509450912475586,0.000573818339034915,1.7510024309158325,22105600,56227840,0.02354602300329134,0.6188162276950413
1206,1.8128163814544678,0.0005388031713664532,1.8128702640533447,22105600,56227840,0.02410856500500813,0.6289427403522212
1207,1.7920901775360107,0.0005049226456321776,1.7921407222747803,22105600,56227840,0.024624279991257936,0.7295215514973207
1208,1.7849093675613403,0.0004891766584478319,1.7849582433700562,22105600,56227840,0.02425307797966525,0.6226334287097909
1209,1.774524450302124,0.0005468892632052302,1.7745791673660278,22105600,56227840,0.02389708603732288,0.6323814577733455
1210,1.8052793741226196,0.0005769109120592475,1.8053370714187622,22105600,56227840,0.023344982997514307,0.6760721732064148
1211,1.8481191396713257,0.0005511885392479599,1.8481742143630981,22105600,56227840,0.0248448770144023,0.649930082996239
1212,1.7647433280944824,0.0005261269398033619,1.7647958993911743,22105600,56227840,0.02354398905299604,0.6131845145793678
1213,1.8402724266052246,0.0005328423576429486,1.8403257131576538,22105600,56227840,0.024064422002993524,0.6318958525335454
1214,1.8077269792556763,0.0005085888551548123,1.8077778816223145,22105600,56227840,0.023671589966397732,0.6429079403474783
1215,1.8178300857543945,0.00043720033136196434,1.8178738355636597,22105600,56227840,0.02472458902047947,0.6968915850909458
1216,1.8229187726974487,0.0004218893591314554,1.8229609727859497,22105600,56227840,0.023189319006633013,0.6727060602645006
1217,1.7395085096359253,0.0004181124095339328,1.7395503520965576,22105600,56227840,0.024237058009020984,0.6413694120188634
1218,1.8573909997940063,0.00038613638025708497,1.8574296236038208,22105600,56227840,0.023804169963113964,0.6981023093145328
1219,1.821376085281372,0.00038571018376387656,1.8214147090911865,22105600,56227840,0.024204346002079546,0.6042500853383715
1220,1.8264250755310059,0.0004004495858680457,1.826465129852295,22105600,56227840,0.02298758801771328,0.6021836073620194
1221,1.848625898361206,0.0003937619039788842,1.8486652374267578,22105600,56227840,0.02482794498791918,0.7150087429981152
1222,1.8038184642791748,0.00039584701880812645,1.8038580417633057,22105600,56227840,0.023325655958615243,0.681914327474186
1223,1.8255000114440918,0.0005176236154511571,1.8255517482757568,22105600,56227840,0.023561962007079273,0.6229151628636892
1224,1.860917091369629,0.0005896484362892807,1.8609760999679565,22105600,56227840,0.02387283998541534,0.7314184974634075
1225,1.861139178276062,0.0005903476267121732,1.8611981868743896,22105600,56227840,0.023590566008351743,0.6623230915335803
1226,1.7988717555999756,0.0005572024965658784,1.7989274263381958,22105600,56227840,0.023363547981716692,0.598213096381907
1227,1.824951410293579,0.0005282097263261676,1.82500422000885,22105600,56227840,0.02245037298416719,0.7072356146553138
1228,1.8017325401306152,0.0004862535570282489,1.801781177520752,22105600,56227840,0.024172155011910945,0.6373705227731773
1229,1.7517080307006836,0.00048432592302560806,1.7517564296722412,22105600,56227840,0.023078628990333527,0.6812515247521366
1230,1.7959580421447754,0.0005215915734879673,1.7960102558135986,22105600,56227840,0.02381653297925368,0.6242071589880157
1231,1.825007677078247,0.0005728485994040966,1.825065016746521,22105600,56227840,0.023999298980925232,0.6385179369714405
1232,1.747860074043274,0.0005837790668010712,1.7479184865951538,22105600,56227840,0.023178618983365595,0.6609582196304469
1233,1.8260798454284668,0.0006218921043910086,1.8261420726776123,22105600,56227840,0.02350782003486529,0.5616583714966137
1234,1.799069881439209,0.0006244332762435079,1.7991323471069336,22105600,56227840,0.022985564020927995,0.6706727712667964
1235,1.7862553596496582,0.0005706953816115856,1.786312460899353,22105600,56227840,0.02351763896876946,0.7100246979713112
1236,1.8016293048858643,0.000516168714966625,1.8016809225082397,22105600,56227840,0.022995492967311293,0.6534121717844069
1237,1.7866415977478027,0.00043285329593345523,1.7866848707199097,22105600,56227840,0.023312450968660414,0.6087683269843481
1238,1.8068722486495972,0.0004048047703690827,1.8069127798080444,22105600,56227840,0.023504153010435402,0.6720882157984154
1239,1.8048239946365356,0.00044116144999861717,1.8048681020736694,22105600,56227840,0.022679394984152168,0.6918054056869655
1240,1.8569872379302979,0.0004456068854779005,1.8570318222045898,22105600,56227840,0.023648525995668024,0.6378058542859235
1241,1.8098797798156738,0.00041167132440023124,1.8099209070205688,22105600,56227840,0.02389518200652674,0.6670003956712323
1242,1.8389549255371094,0.000383181672077626,1.8389931917190552,22105600,56227840,0.023505234974436462,0.7232854307113963
1243,1.7675877809524536,0.00036779584479518235,1.7676246166229248,22105600,56227840,0.023200068972073495,0.6050025310562914
1244,1.824204683303833,0.00047096790513023734,1.8242517709732056,22105600,56227840,0.023064893030095845,0.6801418440089205
1245,1.761911392211914,0.0005917333182878792,1.7619705200195312,22105600,56227840,0.02345270599471405,0.6340631229580777
1246,1.8296685218811035,0.0006773935747332871,1.8297362327575684,22105600,56227840,0.02252517401939258,0.6419730178201166
1247,1.8187432289123535,0.0007220506086014211,1.8188154697418213,22105600,56227840,0.02297670696862042,0.6718548784744726
1248,1.7569776773452759,0.000725698540918529,1.7570502758026123,22105600,56227840,0.023694503004662693,0.6515946303308556
1249,1.8526328802108765,0.0006551326951012015,1.8526984453201294,22105600,56227840,0.0227401900338009,0.7943177739130185
1250,1.8612751960754395,0.0006208437844179571,1.8613373041152954,22105600,56227840,0.02354401902994141,0.6561199420176606
1251,1.7952656745910645,0.0005546349566429853,1.7953211069107056,22105600,56227840,0.02421182004036382,0.7468002522801577
1252,1.859588384628296,0.000502650102134794,1.8596386909484863,22105600,56227840,0.024313983973115683,0.6865460840935469
1253,1.807337999343872,0.00048101990250870585,1.8073861598968506,22105600,56227840,0.0225860089994967,0.6517126811792716
1254,1.843780755996704,0.0005388502031564713,1.843834638595581,22105600,56227840,0.023533187981229275,0.677012225498121
1255,1.7891302108764648,0.0005683305789716542,1.7891870737075806,22105600,56227840,0.023783921962603927,0.6713051216652169
1256,1.8415350914001465,0.0006577180465683341,1.8416008949279785,22105600,56227840,0.02377789100864902,0.6851167355181083
1257,1.8168978691101074,0.0007094326429069042,1.8169687986373901,22105600,56227840,0.024279749020934105,0.8062663630004874
1258,1.8823521137237549,0.00069575005909428,1.8824217319488525,22105600,56227840,0.02302815398434177,0.6842517945533476
1259,1.7938463687896729,0.0006357154343277216,1.7939099073410034,22105600,56227840,0.023270581965334713,0.6836412298049618
1260,1.7832591533660889,0.0005325780366547406,1.783312439918518,22105600,56227840,0.02320760302245617,0.6171776004803503
1261,1.804683804512024,0.0005170018994249403,1.804735541343689,22105600,56227840,0.023744788020849228,0.6533616098298378
1262,1.7777941226959229,0.0005632335087284446,1.7778503894805908,22105600,56227840,0.023950777016580105,0.6557448783242955
1263,1.8038197755813599,0.0006009149365127087,1.8038798570632935,22105600,56227840,0.023209577018860728,0.6418060063205929
1264,1.8036203384399414,0.0006269709556363523,1.8036830425262451,22105600,56227840,0.02456134103704244,0.6260909373395601
1265,1.7950119972229004,0.0005975228850729764,1.7950717210769653,22105600,56227840,0.023777989961672574,0.689908048271501
1266,1.803255319595337,0.0005381219671107829,1.8033090829849243,22105600,56227840,0.02469865995226428,0.6140645014772006
1267,1.8383351564407349,0.00047231296775862575,1.838382363319397,22105600,56227840,0.025249149999581277,0.6882704247811143
1268,1.863229513168335,0.0003758076927624643,1.8632670640945435,22105600,56227840,0.024305275990627706,0.6505465615462771
1269,1.8119797706604004,0.0003351844206918031,1.8120132684707642,22105600,56227840,0.023552895989269018,0.6036738804187203
1270,1.845279574394226,0.0004150189342908561,1.8453210592269897,22105600,56227840,0.024819638987537473,0.638986953279801
1271,1.7637290954589844,0.00047696189722046256,1.7637767791748047,22105600,56227840,0.024465999973472208,0.6232160726078727
1272,1.8146135807037354,0.0005145535687915981,1.8146650791168213,22105600,56227840,0.023783209966495633,0.6239656924030214
1273,1.7421088218688965,0.0005263500497676432,1.742161512374878,22105600,56227840,0.024644717981573194,0.6497748084703383
1274,1.7874016761779785,0.0004987303400412202,1.7874515056610107,22105600,56227840,0.02339900500373915,0.6874941762776932
1275,1.7445292472839355,0.0004688400658778846,1.744576096534729,22105600,56227840,0.024635892012156546,0.7680209056180441
1276,1.8032338619232178,0.0004537120112217963,1.8032792806625366,22105600,56227840,0.023231256986036897,0.6395928065038186
1277,1.8547494411468506,0.0004137926734983921,1.8547908067703247,22105600,56227840,0.023718798998743296,0.690170467752454
1278,1.7684773206710815,0.0003900794545188546,1.7685163021087646,22105600,56227840,0.022484768007416278,0.6431391401750554
1279,1.8537688255310059,0.00045084606972523034,1.853813886642456,22105600,56227840,0.02341400401201099,0.6733885298591716
1280,1.7792131900787354,0.0004950212896801531,1.779262661933899,22105600,56227840,0.029843138996511698,0.7574559960081433
1281,1.7436414957046509,0.0005125002935528755,1.7436927556991577,22105600,56227840,0.024831401009578258,0.586527123665524
1282,1.7845035791397095,0.000495975895319134,1.7845531702041626,22105600,56227840,0.023905951995402575,0.6233997254021194
1283,1.8134710788726807,0.00045163003960624337,1.8135162591934204,22105600,56227840,0.0231757530127652,0.7518793469507402
1284,1.7264453172683716,0.0004285748000256717,1.7264882326126099,22105600,56227840,0.023808537982404232,0.5759060414699773
1285,1.832518219947815,0.0003883912868332118,1.8325570821762085,22105600,56227840,0.023495857953093946,0.6907275271571778
1286,1.762373685836792,0.00036675273440778255,1.7624104022979736,22105600,56227840,0.024604131001979113,0.6174652600289431
1287,1.714050531387329,0.00034498312743380666,1.7140849828720093,22105600,56227840,0.02400096197379753,0.6439338950059147
1288,1.8551976680755615,0.00039032663335092366,1.8552366495132446,22105600,56227840,0.025368905975483358,0.5852183084348572
1289,1.7812881469726562,0.0004313902463763952,1.7813313007354736,22105600,56227840,0.026302760001271963,0.6349006632185706
1290,1.8130714893341064,0.0005108796758577228,1.8131226301193237,22105600,56227840,0.026953599997796118,0.6472894923595557
1291,1.8166635036468506,0.0005520959384739399,1.8167186975479126,22105600,56227840,0.028239829989615828,0.6083162359636933
1292,1.7492631673812866,0.000574850186239928,1.74932062625885,22105600,56227840,0.026092323008924723,0.6541070980483918
1293,1.7911194562911987,0.0005775028839707375,1.7911771535873413,22105600,56227840,0.02532154700020328,0.6069019187131287
1294,1.789858102798462,0.0005358088528737426,1.7899116277694702,22105600,56227840,0.027896351006347686,0.5922178687958115
1295,1.7879559993743896,0.00046621073852293193,1.788002610206604,22105600,56227840,0.027715329022612423,0.6454067422972344
1296,1.7473769187927246,0.0003984157810918987,1.7474167346954346,22105600,56227840,0.025855335989035666,0.6154441111627222
1297,1.8206233978271484,0.0004492252483032644,1.820668339729309,22105600,56227840,0.02481514000101015,0.6737957968679537
1298,1.7638044357299805,0.0005444892449304461,1.7638589143753052,22105600,56227840,0.030596513010095805,0.6291359850270374
1299,1.7898693084716797,0.0005939570255577564,1.789928674697876,22105600,56227840,0.026854051975533366,0.6235580160734185
1300,1.7304763793945312,0.0005644003394991159,1.7305327653884888,22105600,56227840,0.02502989600179717,0.6918037241346483
1301,1.819411039352417,0.0005604448961094022,1.8194670677185059,22105600,56227840,0.02486926200799644,0.6982191434847321
1302,1.8159868717193604,0.0005299268523231149,1.8160399198532104,22105600,56227840,0.026766054972540587,0.6830755106931725
1303,1.7919611930847168,0.000491331098601222,1.7920103073120117,22105600,56227840,0.025956817029509693,0.6653167320363718
1304,1.8004580736160278,0.000474673171993345,1.800505518913269,22105600,56227840,0.0290876220096834,0.7621954135346157
1305,1.747315526008606,0.0004849156248383224,1.7473640441894531,22105600,56227840,0.02397230896167457,0.6889279655678306
1306,1.7508454322814941,0.00047726480988785625,1.7508931159973145,22105600,56227840,0.026566318992991,0.6088728786104762
1307,1.7630938291549683,0.0005078318063169718,1.763144612312317,22105600,56227840,0.028069338004570454,0.6878810914489738
1308,1.7896966934204102,0.000540034961886704,1.7897506952285767,22105600,56227840,0.025086323032155633,0.6069764743485468
1309,1.7754582166671753,0.0004972226452082396,1.775507926940918,22105600,56227840,0.028059499978553504,0.7143849790906521
1310,1.7479989528656006,0.0004254843224771321,1.7480415105819702,22105600,56227840,0.024383734969887882,0.5662295318040023
1311,1.7421096563339233,0.0003996472805738449,1.7421495914459229,22105600,56227840,0.029421521991025656,0.6176280531364808
1312,1.8433001041412354,0.0003647811245173216,1.843336582183838,22105600,56227840,0.02537188201677054,0.6487341101351729
1313,1.7387139797210693,0.00036295392783358693,1.7387502193450928,22105600,56227840,0.026221987965982407,0.6018673849629793
1314,1.7559255361557007,0.0003562764613889158,1.7559611797332764,22105600,56227840,0.02531438402365893,0.6712443568952452
1315,1.7221062183380127,0.0003712127509061247,1.722143292427063,22105600,56227840,0.02293473796453327,0.6798537135733347
1316,1.7580499649047852,0.00039218756137415767,1.7580891847610474,22105600,56227840,0.029103703040163964,0.6667873009216685
1317,1.7531787157058716,0.000383406353648752,1.753217101097107,22105600,56227840,0.025945175962988287,0.6945529750080658
1318,1.7317006587982178,0.00037216313648968935,1.7317378520965576,22105600,56227840,0.026322357007302344,0.7405935581019464
1319,1.7718055248260498,0.0003747325681615621,1.7718429565429688,22105600,56227840,0.023924518027342856,0.6301503951945879
1320,1.7762928009033203,0.0004082568339072168,1.7763335704803467,22105600,56227840,0.02286216104403138,0.6677471789079721
1321,1.8093620538711548,0.00048440374666824937,1.8094104528427124,22105600,56227840,0.02393198199570179,0.7138821111219442
1322,1.9018359184265137,0.0005432645557448268,1.9018902778625488,22105600,56227840,0.025849654979538172,0.7074199478388785
1323,1.7690393924713135,0.0005404710536822677,1.76909339427948,22105600,56227840,0.02327294700080529,0.7465384906926346
1324,1.7614883184432983,0.00051739567425102,1.7615400552749634,22105600,56227840,0.024355602043215185,0.7205146758755072
1325,1.7831157445907593,0.0005190283409319818,1.7831676006317139,22105600,56227840,0.02330571797210723,0.6309071195989517
1326,1.7784571647644043,0.00047271070070564747,1.778504490852356,22105600,56227840,0.027185257989913225,0.7674999420997719
1327,1.806942343711853,0.00042655481956899166,1.8069850206375122,22105600,56227840,0.029048849013634026,0.6376553415123514
1328,1.806128740310669,0.0003748766321223229,1.806166172027588,22105600,56227840,0.027391017007175833,0.6206107929671588
1329,1.7997064590454102,0.00032637230469845235,1.799739122390747,22105600,56227840,0.02666691900230944,0.6227413753159382
1330,1.7701960802078247,0.0003179023042321205,1.7702279090881348,22105600,56227840,0.03061174100730568,0.7100440478127332
1331,1.8299723863601685,0.0003241317463107407,1.8300048112869263,22105600,56227840,0.03146504401229322,0.7066221721383913
1332,1.7722935676574707,0.00039215487777255476,1.772332787513733,22105600,56227840,0.02629097900353372,0.624256709518524
1333,1.8487489223480225,0.00043580890633165836,1.848792552947998,22105600,56227840,0.027845225005876273,0.6684885585063718
1334,1.7504280805587769,0.00042292725993320346,1.7504703998565674,22105600,56227840,0.029297988978214562,0.7254822232050608
1335,1.8206812143325806,0.00039737948100082576,1.820720911026001,22105600,56227840,0.026881635014433414,0.6721888152655527
1336,1.7602754831314087,0.0003980190958827734,1.7603152990341187,22105600,56227840,0.02521664899541065,0.697813874548503
1337,1.7402548789978027,0.00033619446912780404,1.740288496017456,22105600,56227840,0.030497686006128788,0.6462900966793877
1338,1.8104249238967896,0.00030432187486439943,1.810455322265625,22105600,56227840,0.030539323983248323,0.6466012122409411
1339,1.7858812808990479,0.0003362949355505407,1.7859148979187012,22105600,56227840,0.024849345034454018,0.6657185428977608
1340,1.7558355331420898,0.00035526230931282043,1.755871057510376,22105600,56227840,0.02648115804186091,0.6528076860211756
1341,1.8076943159103394,0.0003735160280484706,1.8077316284179688,22105600,56227840,0.029544584976974875,0.6964968877977769
1342,1.787153720855713,0.0003547465894371271,1.787189245223999,22105600,56227840,0.02663526899414137,0.6501629084199049
1343,1.8124604225158691,0.0003700462984852493,1.8124973773956299,22105600,56227840,0.026007763983216137,0.7043740144420458
1344,1.7065551280975342,0.00034988197148777544,1.706590175628662,22105600,56227840,0.02422284201020375,0.6430759920661333
1345,1.7823126316070557,0.0003756140358746052,1.7823501825332642,22105600,56227840,0.02845320402411744,0.6534579677992951
1346,1.7973370552062988,0.00043118910980410874,1.7973802089691162,22105600,56227840,0.025180339987855405,0.665891777374053
1347,1.7637627124786377,0.00045616982970386744,1.7638083696365356,22105600,56227840,0.026448587013874203,0.6865735687241102
1348,1.7379757165908813,0.0004371613613329828,1.7380194664001465,22105600,56227840,0.02672829502262175,0.6382712480408663
1349,1.8074896335601807,0.0004421114572323859,1.807533860206604,22105600,56227840,0.027647590963169932,0.6951949025647399
1350,1.785130500793457,0.00043601111974567175,1.7851741313934326,22105600,56227840,0.02466245199320838,0.6301944882598006
1351,1.784440517425537,0.000409346423111856,1.784481406211853,22105600,56227840,0.028860953985713422,0.6690991073366978
1352,1.780646562576294,0.00040081687620840967,1.780686616897583,22105600,56227840,0.025855957006569952,0.5981614265014208
1353,1.7673380374908447,0.00044248736230656505,1.767382264137268,22105600,56227840,0.024022573023103178,0.6168910499774465
1354,1.831120252609253,0.000444210774730891,1.8311647176742554,22105600,56227840,0.023875084007158875,0.711900292293704
1355,1.814335584640503,0.0004090042784810066,1.8143764734268188,22105600,56227840,0.026559525984339416,0.7325139290658088
1356,1.7388490438461304,0.00043813278898596764,1.738892912864685,22105600,56227840,0.025488192040938884,0.7110035226133089
1357,1.7589203119277954,0.0005021675606258214,1.7589704990386963,22105600,56227840,0.02537490800023079,0.6558167692508708
1358,1.7839698791503906,0.000526370364241302,1.784022569656372,22105600,56227840,0.027708867040928453,0.6317829326984965
1359,1.7651376724243164,0.0005044672871008515,1.7651880979537964,22105600,56227840,0.030005045991856605,0.7216261942807402
1360,1.7794792652130127,0.00048303091898560524,1.7795275449752808,22105600,56227840,0.024680005037225783,0.6351641596887262
1361,1.776641607284546,0.0004226381715852767,1.7766839265823364,22105600,56227840,0.023914148041512817,0.630619542688079
1362,1.736701488494873,0.0003696969070006162,1.7367384433746338,22105600,56227840,0.02410950796911493,0.7072481000388391
1363,1.7297351360321045,0.00035197939723730087,1.729770302772522,22105600,56227840,0.023341785999946296,0.6493032713356577
1364,1.7768914699554443,0.0003944672062061727,1.7769309282302856,22105600,56227840,0.03302650299156085,0.6626065149860152
1365,1.7970656156539917,0.00043352675857022405,1.7971090078353882,22105600,56227840,0.03213964798487723,0.7284240822542537
1366,1.795143961906433,0.0004363696789368987,1.7951875925064087,22105600,56227840,0.032867323025129735,0.6196457416209353
1367,1.7888226509094238,0.00040150119457393885,1.7888628244400024,22105600,56227840,0.02747356303734705,0.6688072801908157
1368,1.769413948059082,0.0003263831022195518,1.769446611404419,22105600,56227840,0.023672511044424027,0.814946890300813
1369,1.7822223901748657,0.0003177683101966977,1.7822542190551758,22105600,56227840,0.027916488994378597,0.6252360539027892
1370,1.7837755680084229,0.0003545111685525626,1.7838109731674194,22105600,56227840,0.02814704499905929,0.5988137590385737
1371,1.727889895439148,0.0003777465899474919,1.7279276847839355,22105600,56227840,0.030674640031065792,0.6535519030984817
1372,1.73867928981781,0.0003760861000046134,1.7387168407440186,22105600,56227840,0.031216714007314295,0.686307640482309
1373,1.6798633337020874,0.000417182978708297,1.6799050569534302,22105600,56227840,0.03024410700891167,0.6554427443010622
1374,1.6712408065795898,0.00046741601545363665,1.6712875366210938,22105600,56227840,0.0273440380115062,0.6445957128459652
1375,1.7641102075576782,0.0004941614461131394,1.7641596794128418,22105600,56227840,0.026194507023319602,0.6914457664555737
1376,1.7804523706436157,0.0005276920855976641,1.7805051803588867,22105600,56227840,0.02598421898437664,0.7773340969547389
1377,1.8511627912521362,0.0005131707875989377,1.851214051246643,22105600,56227840,0.025078959006350487,0.660016493489131
1378,1.718356966972351,0.0004715558316092938,1.7184041738510132,22105600,56227840,0.029273482970893383,0.6473759109763074
1379,1.7625617980957031,0.00043260594247840345,1.76260507106781,22105600,56227840,0.026255351025611162,0.6789834653581428
1380,1.7867494821548462,0.0004446801031008363,1.7867939472198486,22105600,56227840,0.025822052033618093,0.6728058365060554
1381,1.722353219985962,0.00046302261762320995,1.7223994731903076,22105600,56227840,0.03001614595996216,0.6869458136572326
1382,1.656933069229126,0.0004721914592664689,1.656980276107788,22105600,56227840,0.02406399097526446,0.6105358299811389
1383,1.8198249340057373,0.0004559321387205273,1.8198704719543457,22105600,56227840,0.023043052991852164,0.7272352100106949
1384,1.7753880023956299,0.0003929108497686684,1.7754273414611816,22105600,56227840,0.023546944954432547,0.8280985660691278
1385,1.794283151626587,0.0004282030859030783,1.7943259477615356,22105600,56227840,0.02346135297557339,0.7808571540626266
1386,1.8157292604446411,0.00045296354801394045,1.8157745599746704,22105600,56227840,0.023347687965724617,0.7224778882135442
1387,1.7788989543914795,0.00045927264727652073,1.7789448499679565,22105600,56227840,0.02613113698316738,0.7253062622672672
1388,1.788477897644043,0.00047848140820860863,1.7885257005691528,22105600,56227840,0.026006952044554055,0.6649532575718657
1389,1.7603163719177246,0.0005124275339767337,1.7603676319122314,22105600,56227840,0.023427699983585626,0.7577781196152967
1390,1.7262741327285767,0.0005078807007521391,1.7263249158859253,22105600,56227840,0.02494717005174607,0.8724358843573822
1391,1.760107398033142,0.00048188783694058657,1.7601555585861206,22105600,56227840,0.02858034399105236,0.659973509639227
1392,1.7344536781311035,0.0004655887605622411,1.7345002889633179,22105600,56227840,0.024604111968073994,0.7204933918948878
1393,1.8098498582839966,0.0004429646651260555,1.8098942041397095,22105600,56227840,0.0271410450222902,0.7713626326591819
1394,1.7616742849349976,0.00042267574463039637,1.761716604232788,22105600,56227840,0.026658021961338818,0.6718950498738147
1395,1.747449278831482,0.000410949724027887,1.747490406036377,22105600,56227840,0.023650110000744462,0.7313341831495753
1396,1.7876416444778442,0.00041469407733529806,1.787683129310608,22105600,56227840,0.023351776006165892,0.7226937551185977
1397,1.783085584640503,0.0004596560320351273,1.7831315994262695,22105600,56227840,0.02372440998442471,0.7607934396516837
1398,1.8291223049163818,0.0004360813181847334,1.8291659355163574,22105600,56227840,0.027637813007459044,0.6624097047790387
1399,1.7910566329956055,0.0004677889228332788,1.7911033630371094,22105600,56227840,0.02589274599449709,0.6357271137323804
1400,1.7735340595245361,0.0005000283126719296,1.773584008216858,22105600,56227840,0.026278916047886014,0.6747581224602331
1401,1.7171037197113037,0.0005211203824728727,1.7171558141708374,22105600,56227840,0.028994316002354026,0.6824152574296115
1402,1.8094377517700195,0.0005403108079917729,1.809491753578186,22105600,56227840,0.025789801962673664,0.6842750785800557
1403,1.7435672283172607,0.00048274017171934247,1.7436155080795288,22105600,56227840,0.02422255097189918,0.6534856381684901
1404,1.7384984493255615,0.00046588695840910077,1.7385450601577759,22105600,56227840,0.027532263949979097,0.772520449814234
1405,1.7656240463256836,0.0004854018916375935,1.7656725645065308,22105600,56227840,0.02416020300006494,0.7540146115731087
1406,1.778254508972168,0.00047609524335712194,1.7783020734786987,22105600,56227840,0.028417285007890314,0.6973003470393709
1407,1.7936277389526367,0.00043317227391526103,1.7936710119247437,22105600,56227840,0.029051434015855193,0.7150213634049667
1408,1.7462284564971924,0.00046008871868252754,1.746274471282959,22105600,56227840,0.027731850976124406,0.6966071156744391
1409,1.7789552211761475,0.000497202854603529,1.7790049314498901,22105600,56227840,0.02423955302219838,0.6425391288762765
1410,1.7764899730682373,0.0004940914805047214,1.7765393257141113,22105600,56227840,0.02428761398186907,0.639027959762507
1411,1.7429931163787842,0.0004998912336304784,1.743043065071106,22105600,56227840,0.024641752999741584,0.6750268608907115
1412,1.7726174592971802,0.0005306451348587871,1.7726705074310303,22105600,56227840,0.02399586298270151,0.770668677199203
1413,1.7117986679077148,0.0005065416917204857,1.711849331855774,22105600,56227840,0.024088277015835047,0.6889517736654689
1414,1.7855052947998047,0.0004876353486906737,1.785554051399231,22105600,56227840,0.023542255978100002,0.699683825894154
1415,1.7676568031311035,0.0005361525691114366,1.7677104473114014,22105600,56227840,0.02406713698292151,0.7140876250531016
1416,1.7566075325012207,0.0005381953669711947,1.756661295890808,22105600,56227840,0.023970084032043815,0.6921797501719286
1417,1.823928952217102,0.0005126153118908405,1.8239802122116089,22105600,56227840,0.024296230054460466,0.6589068528193806
1418,1.7367401123046875,0.0005360138602554798,1.7367937564849854,22105600,56227840,0.024422699003480375,0.6667135271332131
1419,1.825240969657898,0.0005160443251952529,1.8252925872802734,22105600,56227840,0.024853392969816923,0.7140736633795172
1420,1.7774968147277832,0.0004915938479825854,1.7775459289550781,22105600,56227840,0.025730619963724166,0.722289585605693
1421,1.7478480339050293,0.0005045835860073566,1.7478984594345093,22105600,56227840,0.028490684984717518,0.6518959017690135
1422,1.7984986305236816,0.0004945734981447458,1.7985481023788452,22105600,56227840,0.0289735869737342,0.6354305356419534
1423,1.7648652791976929,0.0005400845548138022,1.7649192810058594,22105600,56227840,0.02727480698376894,0.7093277891896167
1424,1.7609277963638306,0.0006017027189955115,1.7609879970550537,22105600,56227840,0.02896951901493594,0.6399794562419495
1425,1.762418270111084,0.0005989699857309461,1.7624781131744385,22105600,56227840,0.0256375540047884,0.6931380226574465
1426,1.7032060623168945,0.0005705564399249852,1.7032631635665894,22105600,56227840,0.029769601009320468,0.6843070411693801
1427,1.7732229232788086,0.0005206053610891104,1.7732750177383423,22105600,56227840,0.025091151997912675,0.7180499016438201
1428,1.7133774757385254,0.0004971007001586258,1.713427186012268,22105600,56227840,0.026890792010817677,0.6967392364080384
1429,1.700197458267212,0.0005091990460641682,1.70024836063385,22105600,56227840,0.026691244973335415,0.6489329759033537
1430,1.8258929252624512,0.000523672322742641,1.825945258140564,22105600,56227840,0.024375409993808717,0.7013553481179454
1431,1.8050987720489502,0.0005055615329183638,1.8051493167877197,22105600,56227840,0.028520671010483056,0.7116100314092095
1432,1.721933364868164,0.0004925323883071542,1.7219825983047485,22105600,56227840,0.03005104197654873,0.6218535606650307
1433,1.7588471174240112,0.0005436544888652861,1.7589014768600464,22105600,56227840,0.025737844000104815,0.6642834482357798
1434,1.7574858665466309,0.0005932776257395744,1.7575452327728271,22105600,56227840,0.027491166023537517,0.753291788521348
1435,1.7426387071609497,0.0005804863176308572,1.742696762084961,22105600,56227840,0.026559425983577967,0.6420935338504896
1436,1.7050399780273438,0.000547185423783958,1.7050946950912476,22105600,56227840,0.025170131004415452,0.6823691791623565
1437,1.8402453660964966,0.0005424057017080486,1.8402996063232422,22105600,56227840,0.027296197949908674,0.7299468658331744
1438,1.7264893054962158,0.0005065419245511293,1.726539969444275,22105600,56227840,0.030281818006187677,0.7406089903755994
1439,1.8289382457733154,0.00044389249524101615,1.8289825916290283,22105600,56227840,0.025681617960799485,0.6725391526914596
1440,1.7832105159759521,0.00042043894063681364,1.7832525968551636,22105600,56227840,0.027337816020008177,0.6841453476560306
1441,1.8365700244903564,0.00045180501183494925,1.8366152048110962,22105600,56227840,0.027555898006539792,0.6629482315941383
1442,1.7634904384613037,0.0004927972913719714,1.7635396718978882,22105600,56227840,0.02813067496754229,0.7232322780848707
1443,1.7341020107269287,0.00048657823936082423,1.7341506481170654,22105600,56227840,0.025348478986416012,0.577661597226988
1444,1.739821195602417,0.0005068223108537495,1.739871859550476,22105600,56227840,0.02880935702705756,0.6746216998600182
1445,1.7024694681167603,0.0005197818391025066,1.7025214433670044,22105600,56227840,0.02603244996862486,0.656632544517945
1446,1.7102104425430298,0.0005409911973401904,1.7102645635604858,22105600,56227840,0.025335594022180885,0.6474260323645747
1447,1.7599822282791138,0.0005453944904729724,1.760036826133728,22105600,56227840,0.02880054002162069,0.7764160478915751
1448,1.7466341257095337,0.0005222934996709228,1.746686339378357,22105600,56227840,0.02788065205095336,0.6833861984709257
1449,1.733185887336731,0.0004545107949525118,1.7332313060760498,22105600,56227840,0.02496660698670894,0.6794513407605781
1450,1.6845390796661377,0.00038293865509331226,1.6845773458480835,22105600,56227840,0.028497506980784237,0.7041667314538109
1451,1.7798967361450195,0.0004388199304230511,1.7799406051635742,22105600,56227840,0.027551070030312985,0.6772636320445985
1452,1.806823492050171,0.0004809916717931628,1.8068715333938599,22105600,56227840,0.02561529300874099,0.7238872147808965
1453,1.7844569683074951,0.0005200295126996934,1.7845089435577393,22105600,56227840,0.02773413498653099,0.681682837529785
1454,1.7698512077331543,0.000545334885828197,1.769905686378479,22105600,56227840,0.02586028497898951,0.7970446260786054
1455,1.7373566627502441,0.0005013771005906165,1.737406849861145,22105600,56227840,0.02773233101470396,0.7893427740030381
1456,1.687309741973877,0.0004509663849603385,1.6873548030853271,22105600,56227840,0.034763064002618194,0.6212101611600921
1457,1.81709623336792,0.0004285255563445389,1.8171390295028687,22105600,56227840,0.03761564299929887,0.6717277414275047
1458,1.75681734085083,0.0004270060744602233,1.7568600177764893,22105600,56227840,0.029973927012179047,0.766725192272829
1459,1.7818087339401245,0.00042104916065,1.781850814819336,22105600,56227840,0.025660788000095636,0.6982577333437014
1460,1.7145860195159912,0.0003855308750644326,1.7146245241165161,22105600,56227840,0.023346155998297036,0.6596599964923501
1461,1.7729363441467285,0.0003357226378284395,1.7729699611663818,22105600,56227840,0.02554203401086852,0.7033173406002979
1462,1.6904058456420898,0.0003205431276001036,1.690437912940979,22105600,56227840,0.026539398997556418,0.6986005956168453
1463,1.7762681245803833,0.00032642381847836077,1.7763007879257202,22105600,56227840,0.024203654960729182,0.7225717552045129
1464,1.7390408515930176,0.00036036031087860465,1.739076852798462,22105600,56227840,0.024054042994976044,0.6987354064525523
1465,1.7526774406433105,0.0003997500753030181,1.75271737575531,22105600,56227840,0.02390696498332545,0.7618662347466049
1466,1.7458012104034424,0.00044080213410779834,1.7458453178405762,22105600,56227840,0.024376150977332145,0.6327602529692803
1467,1.7426910400390625,0.0004454316513147205,1.7427356243133545,22105600,56227840,0.02325601503252983,0.7133632872346535
1468,1.7841439247131348,0.00038941417005844414,1.7841829061508179,22105600,56227840,0.02432283101370558,0.7713421635915535
1469,1.7290022373199463,0.00036615165299735963,1.7290388345718384,22105600,56227840,0.027133019000757486,0.6459811711290755
1470,1.7832692861557007,0.0003395515668671578,1.7833032608032227,22105600,56227840,0.025348098017275333,0.7081620615563845
1471,1.7589340209960938,0.00033160459133796394,1.7589671611785889,22105600,56227840,0.02874550601700321,0.6649642530518508
1472,1.7998076677322388,0.0003440599248278886,1.799842119216919,22105600,56227840,0.029666716000065207,0.7108139610195513
1473,1.7294856309890747,0.00036679013282991946,1.7295223474502563,22105600,56227840,0.02615790703566745,0.6978119747225091
1474,1.7741954326629639,0.0004160734242759645,1.774237036705017,22105600,56227840,0.026946888014208525,0.6941065633283952
1475,1.8203272819519043,0.0004165268619544804,1.8203688859939575,22105600,56227840,0.026401176990475506,0.8003410185610902
1476,1.715649127960205,0.0003887374768964946,1.7156879901885986,22105600,56227840,0.024780886014923453,0.6395671738660497
1477,1.7242233753204346,0.0003973905695602298,1.724263072013855,22105600,56227840,0.02470864896895364,0.6397323709167115
1478,1.7668344974517822,0.0004222866555210203,1.7668766975402832,22105600,56227840,0.02495199895929545,0.6499614948896377
1479,1.7493412494659424,0.0004375958815217018,1.7493849992752075,22105600,56227840,0.02355668297968805,0.7607305692446551
1480,1.7338848114013672,0.00044234187225811183,1.7339290380477905,22105600,56227840,0.024703870003577322,0.678706094926944
1481,1.755145788192749,0.0004136574862059206,1.7551871538162231,22105600,56227840,0.024970213999040425,0.6831071207957541
1482,1.7283943891525269,0.00039289030246436596,1.7284337282180786,22105600,56227840,0.024923224991653115,0.6803928229829324
1483,1.7201493978500366,0.0004168963641859591,1.7201911211013794,22105600,56227840,0.0245094730053097,0.7884249162716239
1484,1.813085675239563,0.00039450867916457355,1.8131251335144043,22105600,56227840,0.02605494298040867,0.7055627658508362
1485,1.6608543395996094,0.0004058029444422573,1.6608948707580566,22105600,56227840,0.02653632202418521,0.6620926476033904
1486,1.7368195056915283,0.00039583895704708993,1.7368590831756592,22105600,56227840,0.027298812987282872,0.6641118195548377
1487,1.6866801977157593,0.0003502818872220814,1.6867152452468872,22105600,56227840,0.025450731976889074,0.6440423178660464
1488,1.8133422136306763,0.0003518396697472781,1.8133773803710938,22105600,56227840,0.025824397976975888,0.7146196850502393
1489,1.8268380165100098,0.0003637199697550386,1.8268743753433228,22105600,56227840,0.028811570955440402,0.7479258314490334
1490,1.7992249727249146,0.0004139145603403449,1.7992663383483887,22105600,56227840,0.026240964012686163,0.6685006164657147
1491,1.7994037866592407,0.0005018975352868438,1.7994539737701416,22105600,56227840,0.030040732002817094,0.6282369812838242
1492,1.800907015800476,0.0005535033997148275,1.8009623289108276,22105600,56227840,0.024537886027246714,0.628607040749065
1493,1.7611966133117676,0.0005441147368401289,1.7612509727478027,22105600,56227840,0.0285218030330725,0.6363575375949426
1494,1.7385547161102295,0.0005296838935464621,1.73860764503479,22105600,56227840,0.02495102700777352,0.6744233194866073
1495,1.6670269966125488,0.0005447982111945748,1.6670814752578735,22105600,56227840,0.024132360995281488,0.6374391126124351
1496,1.7319303750991821,0.0005262189661152661,1.731982946395874,22105600,56227840,0.02516056300373748,0.6718465448341796
1497,1.747931718826294,0.0005099695408716798,1.7479827404022217,22105600,56227840,0.024157758976798505,0.6855632902580236
1498,1.7253382205963135,0.0005270132678560913,1.725390911102295,22105600,56227840,0.024915980990044773,0.6012246242431981
1499,1.7768875360488892,0.0005685178330168128,1.7769443988800049,22105600,56227840,0.02403254300588742,0.7172288077098403
1500,1.6822867393493652,0.0005731671117246151,1.6823440790176392,22105600,56227840,0.028311196016147733,0.7092807888135747
1501,1.7451932430267334,0.0005534404190257192,1.745248556137085,22105600,56227840,0.026677828980609775,0.6310411081134054
1502,1.7402476072311401,0.0004818871384486556,1.7402957677841187,22105600,56227840,0.025191431981511414,0.6498500631958095
1503,1.7774507999420166,0.0003701594250742346,1.777487874031067,22105600,56227840,0.023805602977517992,0.6397293071094124
1504,1.7420153617858887,0.00040208231075666845,1.7420555353164673,22105600,56227840,0.024608300009276718,0.6476422361102077
1505,1.768803596496582,0.00039893705979920924,1.7688435316085815,22105600,56227840,0.024236927973106503,0.6478656990569498
1506,1.6728713512420654,0.0003798596444539726,1.6729093790054321,22105600,56227840,0.024292954010888934,0.6622062836593537
1507,1.7081916332244873,0.0003251538146287203,1.7082241773605347,22105600,56227840,0.02435207599774003,0.6090309329084918
1508,1.7607696056365967,0.00025660896790213883,1.76079523563385,22105600,56227840,0.023910390969831496,0.6820337128993311
1509,1.7666237354278564,0.0002249274984933436,1.7666462659835815,22105600,56227840,0.024717046006117016,0.7371283535457972
1510,1.6616747379302979,0.0003083884948864579,1.6617056131362915,22105600,56227840,0.024080954026430845,0.6139921212597429
1511,1.8174052238464355,0.00037171371513977647,1.8174424171447754,22105600,56227840,0.025330785021651536,0.7890858409498591
1512,1.7309679985046387,0.0003947231452912092,1.73100745677948,22105600,56227840,0.023867371026426554,0.6620837204726654
1513,1.7117096185684204,0.0003911258827429265,1.711748719215393,22105600,56227840,0.024246446962933987,0.7061103320346716
1514,1.7489013671875,0.0004348615766502917,1.748944878578186,22105600,56227840,0.024270611989777535,0.6769053661562444
1515,1.7045880556106567,0.00045530596980825067,1.7046335935592651,22105600,56227840,0.024360962968785316,0.7036924030840964
1516,1.7483282089233398,0.0004431871057022363,1.7483725547790527,22105600,56227840,0.024124244984705,0.6448743056178562
1517,1.7357959747314453,0.0004253719234839082,1.735838532447815,22105600,56227840,0.029454796051140875,0.7201498950448912
1518,1.6972737312316895,0.0003759685205295682,1.697311282157898,22105600,56227840,0.02984824002487585,0.6408873418652927
1519,1.7555780410766602,0.00034572448930703104,1.7556126117706299,22105600,56227840,0.029051694029476494,0.6696258345420992
1520,1.681990623474121,0.00038750958628952503,1.682029366493225,22105600,56227840,0.028222448017913848,0.6562988334792629
1521,1.7440532445907593,0.00036549175274558365,1.7440898418426514,22105600,56227840,0.026798086997587234,0.6766507849992421
1522,1.733102560043335,0.0004529504803940654,1.7331478595733643,22105600,56227840,0.02450996497645974,0.6946916452415113
1523,1.7230221033096313,0.0005092482315376401,1.7230730056762695,22105600,56227840,0.024880804994609207,0.6238770204016924
1524,1.7295897006988525,0.0005318953189998865,1.7296428680419922,22105600,56227840,0.024273567949421704,0.726308191222253
1525,1.7858200073242188,0.0005122181610204279,1.7858712673187256,22105600,56227840,0.025024305970873684,0.6104336018620314
1526,1.7212257385253906,0.0004945119144394994,1.7212752103805542,22105600,56227840,0.023781248019076884,0.7261159832489439
1527,1.7469252347946167,0.0005226334906183183,1.74697744846344,22105600,56227840,0.024411979014985263,0.7024901426918893
1528,1.7547180652618408,0.0005073797656223178,1.7547688484191895,22105600,56227840,0.024246186017990112,0.7090837179455429
1529,1.7493232488632202,0.0005162828601896763,1.7493748664855957,22105600,56227840,0.02440501598175615,0.6610679572093383
1530,1.727222204208374,0.0004693875089287758,1.727269172668457,22105600,56227840,0.024292143003549427,0.6378445079273943
1531,1.7942298650741577,0.00047692650696262717,1.794277548789978,22105600,56227840,0.02526039199437946,0.6490494749771027
1532,1.7453587055206299,0.0004797399742528796,1.7454066276550293,22105600,56227840,0.025551821978297085,0.723830243975996
1533,1.7481932640075684,0.0004797542351298034,1.7482411861419678,22105600,56227840,0.024250052985735238,0.65231692973422
1534,1.7205790281295776,0.0004589591408148408,1.7206249237060547,22105600,56227840,0.02443082502577454,0.6492138308729257
1535,1.7315871715545654,0.00042814831249415874,1.7316299676895142,22105600,56227840,0.025057518971152604,0.6731444169334613
1536,1.7316948175430298,0.00043087592348456383,1.7317378520965576,22105600,56227840,0.024044724996201694,0.7181341508783481
1537,1.7575411796569824,0.0004323603061493486,1.7575844526290894,22105600,56227840,0.02477739896858111,0.6332182163921792
1538,1.743154764175415,0.00041698876884765923,1.7431964874267578,22105600,56227840,0.023917323967907578,0.7049625213489523
1539,1.7636651992797852,0.00040808814810588956,1.7637059688568115,22105600,56227840,0.025355601974297315,0.6742822391366357
1540,1.7534167766571045,0.00040058454032987356,1.7534568309783936,22105600,56227840,0.025672980991657823,0.6711195632744941
1541,1.7488481998443604,0.00039505562745034695,1.7488876581192017,22105600,56227840,0.02639040700159967,0.6527461528787812
1542,1.7673695087432861,0.00041263451566919684,1.7674107551574707,22105600,56227840,0.024645561003126204,0.6762260453263099
1543,1.7062327861785889,0.00044631128548644483,1.7062773704528809,22105600,56227840,0.025093455973546952,0.6146550058612456
1544,1.7827825546264648,0.00047303701285272837,1.7828298807144165,22105600,56227840,0.02398702601203695,0.696931649422603
1545,1.6677830219268799,0.00046978777390904725,1.667829990386963,22105600,56227840,0.02478168800007552,0.6079682466568052
1546,1.6693153381347656,0.0004664199077524245,1.66936194896698,22105600,56227840,0.024573925009462982,0.6229701905402677
1547,1.7470223903656006,0.0004692834918387234,1.7470693588256836,22105600,56227840,0.024554699019063264,0.712806776649378
1548,1.7083669900894165,0.0004719585704151541,1.7084141969680786,22105600,56227840,0.02506856998661533,0.6903833185033819
1549,1.7228138446807861,0.0004506632103584707,1.7228589057922363,22105600,56227840,0.024544238985981792,0.6962600227601943
1550,1.7242952585220337,0.00042545993346720934,1.7243378162384033,22105600,56227840,0.024841620994266123,0.6259872344649233
1551,1.7052643299102783,0.000419575662817806,1.7053062915802002,22105600,56227840,0.025883498950861394,0.7718691603236917
1552,1.6846798658370972,0.000407176383305341,1.6847206354141235,22105600,56227840,0.024513189971912652,0.6822237815906138
1553,1.671173334121704,0.00039094232488423586,1.6712124347686768,22105600,56227840,0.025115419004578143,0.6497068305978712
1554,1.7854220867156982,0.0003582619538065046,1.785457968711853,22105600,56227840,0.02452945098048076,0.6830126779444577
1555,1.7646605968475342,0.0003600687487050891,1.7646965980529785,22105600,56227840,0.024648875987622887,0.7014160526211642
1556,1.7520065307617188,0.00034148545819334686,1.7520406246185303,22105600,56227840,0.025042691035196185,0.6377410089588811
1557,1.6794540882110596,0.000359709607437253,1.679490089416504,22105600,56227840,0.024635661975480616,0.6411417174370195
1558,1.755812644958496,0.00034258002415299416,1.7558468580245972,22105600,56227840,0.02476641902467236,0.7329292361542828
1559,1.7695400714874268,0.0003363301802892238,1.76957368850708,22105600,56227840,0.0251763429841958,0.6939131933117497
1560,1.7580825090408325,0.0003472786338534206,1.7581171989440918,22105600,56227840,0.024867830972652882,0.6424748780296964
1561,1.7183926105499268,0.00035477615892887115,1.718428134918213,22105600,56227840,0.025353176984936,0.6746607912031489
1562,1.7515480518341064,0.00034815273829735816,1.7515828609466553,22105600,56227840,0.025138100027106702,0.6219413166741513
1563,1.6956045627593994,0.0003434156533330679,1.69563889503479,22105600,56227840,0.024281692982185632,0.6619644578812687
1564,1.755598545074463,0.0003342712880112231,1.755631923675537,22105600,56227840,0.02511937596136704,0.6408437706035607
1565,1.6945880651474,0.0003169547999277711,1.6946197748184204,22105600,56227840,0.024806104018352926,0.6231166151059726
1566,1.770695686340332,0.0003481348103377968,1.7707304954528809,22105600,56227840,0.024712547019589692,0.6934674373345738
1567,1.7312054634094238,0.000353906158125028,1.7312408685684204,22105600,56227840,0.0253414050093852,0.6719223056932607
1568,1.7064886093139648,0.00037759452243335545,1.7065263986587524,22105600,56227840,0.024845818988978863,0.6612414588453823
1569,1.708251714706421,0.0003401327121537179,1.7082856893539429,22105600,56227840,0.024874763970728964,0.5987400991256916
1570,1.7562191486358643,0.0002656833385117352,1.756245732307434,22105600,56227840,0.02483962703263387,0.6317642332295482
1571,1.7222013473510742,0.00031592181767337024,1.7222329378128052,22105600,56227840,0.02551852003671229,0.670047135005829
1572,1.7251535654067993,0.0003918087459169328,1.7251927852630615,22105600,56227840,0.024324033001903445,0.7019128329338489
1573,1.6834403276443481,0.00041777509613893926,1.683482050895691,22105600,56227840,0.02497114602010697,0.6520338755670592
1574,1.7412153482437134,0.000407920015277341,1.7412561178207397,22105600,56227840,0.024484916997607797,0.6581644411175607
1575,1.7389240264892578,0.0003906802157871425,1.7389631271362305,22105600,56227840,0.025343248969875276,0.6650455443313031
1576,1.7931091785430908,0.00035278667928650975,1.7931444644927979,22105600,56227840,0.024063129967544228,0.7647766916861476
1577,1.7051177024841309,0.0003200841892976314,1.70514976978302,22105600,56227840,0.02486469503492117,0.6790495245567871
1578,1.7874805927276611,0.00033156751305796206,1.7875137329101562,22105600,56227840,0.02538594900397584,0.6546071612301992
1579,1.7210438251495361,0.00033184263156726956,1.7210769653320312,22105600,56227840,0.024303735001012683,0.6731360760186226
1580,1.7235345840454102,0.00040801765862852335,1.7235753536224365,22105600,56227840,0.02514535398222506,0.6206863630367536
1581,1.7364509105682373,0.00045993764069862664,1.736496925354004,22105600,56227840,0.025400506041478366,0.7133844482161241
1582,1.742984414100647,0.0004334106924943626,1.7430278062820435,22105600,56227840,0.023921051993966103,0.6507215200601599
1583,1.7380201816558838,0.00042957934783771634,1.738063097000122,22105600,56227840,0.024760748026892543,0.654305457200783
1584,1.6951320171356201,0.00044939538929611444,1.6951769590377808,22105600,56227840,0.024323132005520165,0.6146696881031198
1585,1.6908249855041504,0.0004625892033800483,1.690871238708496,22105600,56227840,0.025136557989753783,0.6829589366260826
1586,1.7425131797790527,0.0005320556228980422,1.7425663471221924,22105600,56227840,0.02476990601280704,0.6747554684419146
1587,1.729670524597168,0.0005742345238104463,1.7297279834747314,22105600,56227840,0.024274369003251195,0.627512659139589
1588,1.6661932468414307,0.0005860019591636956,1.6662518978118896,22105600,56227840,0.024988688994199038,0.6130430988054693
1589,1.7468559741973877,0.0005558216944336891,1.7469115257263184,22105600,56227840,0.02764819300500676,0.7151840010514667
1590,1.7557382583618164,0.0005130803328938782,1.7557895183563232,22105600,56227840,0.028459015011321753,0.6596232796630727
1591,1.7374026775360107,0.00047242012806236744,1.7374498844146729,22105600,56227840,0.026646892016287893,0.6930469420226095
1592,1.7075233459472656,0.0004189563915133476,1.707565188407898,22105600,56227840,0.02680888696340844,0.6643501405478272
1593,1.7110215425491333,0.0003623911179602146,1.7110577821731567,22105600,56227840,0.026457132946234196,0.7489540657734456
1594,1.7924680709838867,0.00033793714828789234,1.7925018072128296,22105600,56227840,0.02974592597456649,0.6901022385368893
1595,1.6956813335418701,0.0003801459679380059,1.6957193613052368,22105600,56227840,0.027349337993655354,0.7167981829665017
1596,1.7298567295074463,0.00041014456655830145,1.7298977375030518,22105600,56227840,0.027612706006038934,0.6889484619937822
1597,1.814444661140442,0.00042178924195468426,1.8144868612289429,22105600,56227840,0.024668904021382332,0.7409067089748589
1598,1.7321909666061401,0.0004330285300966352,1.732234239578247,22105600,56227840,0.024355282948818058,0.6921099661453465
1599,1.7589354515075684,0.00039657659363001585,1.7589751482009888,22105600,56227840,0.02494197100168094,0.7040000370155097
1600,1.7751712799072266,0.0004110469308216125,1.7752124071121216,22105600,56227840,0.024714692030102015,0.6885142913384663
1601,1.7523586750030518,0.00043771773925982416,1.752402424812317,22105600,56227840,0.026517977996263653,0.7072427142417905
1602,1.7757607698440552,0.0004001418419647962,1.7758008241653442,22105600,56227840,0.028635509021114558,0.6683005935126142
1603,1.7089800834655762,0.0003571082488633692,1.7090158462524414,22105600,56227840,0.028894016984850168,0.6783928079479496
1604,1.7465529441833496,0.0003896955167874694,1.7465919256210327,22105600,56227840,0.03501233598217368,0.6951953634326895
1605,1.7151851654052734,0.0004609464667737484,1.7152312994003296,22105600,56227840,0.030231544049456716,0.7038701638547616
1606,1.745263934135437,0.0004847375093959272,1.7453124523162842,22105600,56227840,0.029595692991279066,0.6812236933315681
1607,1.6920477151870728,0.0004476285248529166,1.6920924186706543,22105600,56227840,0.02402140200138092,0.7360533205271265
1608,1.7763959169387817,0.0004263273731339723,1.776438593864441,22105600,56227840,0.023143352009356022,0.7189292175240224
1609,1.714145302772522,0.00037325790617614985,1.7141826152801514,22105600,56227840,0.02324383199447766,0.7146060221961097
1610,1.7257297039031982,0.00036168668884783983,1.7257658243179321,22105600,56227840,0.023436326999217272,0.6515124524292972
1611,1.8002371788024902,0.00036322048981674016,1.8002735376358032,22105600,56227840,0.023986404994502664,0.6902079374277891
1612,1.8228245973587036,0.0004156281938776374,1.8228662014007568,22105600,56227840,0.023065224988386035,0.7091153637796709
1613,1.745574712753296,0.00042997210402972996,1.7456177473068237,22105600,56227840,0.02299665496684611,0.7433060889706173
1614,1.808142900466919,0.0004218866233713925,1.80818510055542,22105600,56227840,0.022649810009170324,0.7412307625721463
1615,1.732128620147705,0.0003730756288859993,1.7321659326553345,22105600,56227840,0.022723008994944394,0.7031700392419291
1616,1.7060010433197021,0.00031984911765903234,1.7060329914093018,22105600,56227840,0.022663556039333344,0.7537005542495473
1617,1.7240259647369385,0.0003325107682030648,1.7240592241287231,22105600,56227840,0.022859675984364003,0.6922850999627479
1618,1.6789350509643555,0.0003896105336025357,1.6789740324020386,22105600,56227840,0.022389988997019827,0.6902821219655911
1619,1.6950299739837646,0.0004198791866656393,1.6950719356536865,22105600,56227840,0.022642466006800532,0.7360756502591053
1620,1.7634875774383545,0.00040551574784331024,1.7635281085968018,22105600,56227840,0.025889230018947273,0.7384644514697118
1621,1.695853590965271,0.00043515500146895647,1.695897102355957,22105600,56227840,0.02816980896750465,0.6796494570308604
1622,1.717816948890686,0.00045413372572511435,1.7178623676300049,22105600,56227840,0.024785725981928408,0.6578299600749413
1623,1.7129864692687988,0.0004313409444876015,1.7130296230316162,22105600,56227840,0.02686580503359437,0.7246966869695861
1624,1.7028400897979736,0.00046638710773549974,1.702886700630188,22105600,56227840,0.02648136898642406,0.7339984581557496
1625,1.6939682960510254,0.000461765710497275,1.6940144300460815,22105600,56227840,0.025470769964158535,0.6508261801674361
1626,1.7189443111419678,0.00044507969869300723,1.7189887762069702,22105600,56227840,0.028519960003905,0.6643865044985173
1627,1.8148555755615234,0.00040410959627479315,1.8148959875106812,22105600,56227840,0.029780552024021745,0.7297728631327405
1628,1.6661460399627686,0.0003999323816969991,1.666185975074768,22105600,56227840,0.025749315973371267,0.6828852039548524
1629,1.784743309020996,0.0004133887414354831,1.7847846746444702,22105600,56227840,0.027024795999750495,0.7888544894775149
1630,1.7365847826004028,0.00040784600423648953,1.7366255521774292,22105600,56227840,0.02716599201085046,0.7203659953048711
1631,1.7826588153839111,0.00038293038960546255,1.782697081565857,22105600,56227840,0.02481124404584989,0.7120198879959012
1632,1.701232671737671,0.00041349607636220753,1.701274037361145,22105600,56227840,0.028518557024654,0.7193178695781217
1633,1.6705456972122192,0.0004198071837890893,1.6705876588821411,22105600,56227840,0.025643856963142753,0.7048686663692516
1634,1.7262462377548218,0.0003858943236991763,1.7262848615646362,22105600,56227840,0.027217219001613557,0.6436550472655471
1635,1.7184114456176758,0.00035712908720597625,1.718447208404541,22105600,56227840,0.02694995404453948,0.636374631084008
1636,1.6950562000274658,0.0004035884630866349,1.6950966119766235,22105600,56227840,0.02933531004237011,0.6877368800448129
1637,1.6802961826324463,0.0004422749043442309,1.6803404092788696,22105600,56227840,0.02556273399386555,0.6889706057546502
1638,1.707971215248108,0.0004583924310281873,1.708017110824585,22105600,56227840,0.028776624996680766,0.6910275851699077
1639,1.7325522899627686,0.0004533776955213398,1.7325975894927979,22105600,56227840,0.025634458987042308,0.7050838631826722
1640,1.689816951751709,0.00046326685696840286,1.6898633241653442,22105600,56227840,0.02710741199553013,0.6501713023252605
1641,1.6606088876724243,0.000504010240547359,1.6606593132019043,22105600,56227840,0.026151024969294667,0.6918574167147573
1642,1.688413143157959,0.0005037577357143164,1.688463568687439,22105600,56227840,0.02482470904942602,0.6789514586870612
1643,1.7287712097167969,0.0004963605315424502,1.72882080078125,22105600,56227840,0.027090860006865114,0.6564701977961338
1644,1.715126872062683,0.0004640075785573572,1.7151732444763184,22105600,56227840,0.025733696995303035,0.6027130639982148
1645,1.7488377094268799,0.00047488074051216245,1.748885154724121,22105600,56227840,0.026265421009156853,0.6913583898915984
1646,1.734235405921936,0.00044894733582623303,1.7342803478240967,22105600,56227840,0.026218392013106495,0.7408797097443741
1647,1.7372437715530396,0.00040205722325481474,1.7372839450836182,22105600,56227840,0.024470639997161925,0.6231825464186026
1648,1.7108508348464966,0.00041231897193938494,1.7108920812606812,22105600,56227840,0.02858908101916313,0.7385237578204524
1649,1.7603933811187744,0.000412866473197937,1.760434627532959,22105600,56227840,0.03036149899708107,0.6411002901771004
1650,1.6926614046096802,0.00040164837264455855,1.6927015781402588,22105600,56227840,0.02588779799407348,0.7016295448744677
1651,1.7138514518737793,0.0004262267902959138,1.7138941287994385,22105600,56227840,0.02534906001528725,0.6433876255174916
1652,1.6484324932098389,0.00044553098268806934,1.6484770774841309,22105600,56227840,0.024941490031778812,0.6658432341517005
1653,1.6792182922363281,0.0005017637740820646,1.679268479347229,22105600,56227840,0.034415868984069675,0.6541145063714959
1654,1.7598178386688232,0.00048481684643775225,1.7598663568496704,22105600,56227840,0.03319021296920255,0.6792840131693112
1655,1.7657043933868408,0.0004520304501056671,1.7657495737075806,22105600,56227840,0.02755047898972407,0.7134687518608431
1656,1.67035710811615,0.00038717390270903707,1.670395851135254,22105600,56227840,0.026781185995787382,0.6621422059221844
1657,1.7042274475097656,0.0004210764018353075,1.704269528388977,22105600,56227840,0.029169066983740777,0.6182345524200129
1658,1.7282369136810303,0.0004963797400705516,1.7282865047454834,22105600,56227840,0.026124675991013646,0.6967162898168507
1659,1.7159061431884766,0.0005004436825402081,1.715956211090088,22105600,56227840,0.027317869011312723,0.7621430912460418
1660,1.6757779121398926,0.00048319826601073146,1.6758261919021606,22105600,56227840,0.029829484003130347,0.6829591488506884
1661,1.6599981784820557,0.00047224160516634583,1.6600453853607178,22105600,56227840,0.026938883995171636,0.6969929713932702
1662,1.671282410621643,0.00045857648365199566,1.6713283061981201,22105600,56227840,0.028523207001853734,0.674774308949944
1663,1.7573851346969604,0.0004785728524439037,1.7574329376220703,22105600,56227840,0.029288322024513036,0.7238701391663294
1664,1.6724865436553955,0.00044663192238658667,1.672531247138977,22105600,56227840,0.027845054981298745,0.7067415014043941
1665,1.7349673509597778,0.0004023560613859445,1.735007643699646,22105600,56227840,0.028020236000884324,0.7074525125509428
1666,1.7851253747940063,0.0003582705685403198,1.7851612567901611,22105600,56227840,0.028086051053833216,0.7270500422060696
1667,1.7857825756072998,0.0003571616834960878,1.785818338394165,22105600,56227840,0.03609171503921971,0.675566361918275
1668,1.783740520477295,0.0004114233306609094,1.78378164768219,22105600,56227840,0.047169682977255434,0.7355269323669409
1669,1.7696657180786133,0.0004613052005879581,1.7697118520736694,22105600,56227840,0.03958747902652249,0.6690369420572891
1670,1.6885323524475098,0.00045526103349402547,1.6885778903961182,22105600,56227840,0.03344523499254137,0.7194976561158424
1671,1.7518417835235596,0.00047013070434331894,1.7518887519836426,22105600,56227840,0.02772222296334803,0.7256912134856484
1672,1.6736786365509033,0.0005000017117708921,1.673728585243225,22105600,56227840,0.027565567987039685,0.6151968785710236
1673,1.7150194644927979,0.0005402956157922745,1.7150734663009644,22105600,56227840,0.029769730987027287,0.6653832314858239
1674,1.719942569732666,0.0005259871250018477,1.719995141029358,22105600,56227840,0.027121679042465985,0.7126202968106299
1675,1.7181448936462402,0.0004893597797490656,1.7181938886642456,22105600,56227840,0.025054373021703213,0.6353712550497658
1676,1.7117085456848145,0.0004184679128229618,1.7117503881454468,22105600,56227840,0.02954800199950114,0.6760372210801966
1677,1.69289231300354,0.00033222039928659797,1.6929255723953247,22105600,56227840,0.025317779975011945,0.6878926831779252
1678,1.672806978225708,0.0003178151964675635,1.672838807106018,22105600,56227840,0.02772358601214364,0.7076253338675491
1679,1.7333500385284424,0.0003500895691104233,1.7333850860595703,22105600,56227840,0.02642425097292289,0.6962593121663384
1680,1.7043888568878174,0.0004094169125892222,1.7044297456741333,22105600,56227840,0.02761735499370843,0.6207082657508493
1681,1.7911850214004517,0.00043249575537629426,1.7912282943725586,22105600,56227840,0.026148910983465612,0.7069253461895301
1682,1.7330187559127808,0.00045603589387610555,1.7330644130706787,22105600,56227840,0.030676122987642884,0.6858723052246727
1683,1.7734735012054443,0.0004692731308750808,1.7735204696655273,22105600,56227840,0.02515537297585979,0.7384442422555327
1684,1.7510414123535156,0.00045367973507381976,1.7510868310928345,22105600,56227840,0.02653587202075869,0.6249837320625512
1685,1.6552258729934692,0.000396218296373263,1.6552654504776,22105600,56227840,0.027122671017423272,0.638254969911996
1686,1.7675752639770508,0.00039012296474538743,1.7676142454147339,22105600,56227840,0.027817773981951177,0.6848403406488139
1687,1.7623809576034546,0.0003549021203070879,1.7624164819717407,22105600,56227840,0.024516746983863413,0.6556818059157059
1688,1.6790236234664917,0.00036805460695177317,1.679060459136963,22105600,56227840,0.023493884946219623,0.731951783025521
1689,1.7324937582015991,0.0003515130083542317,1.7325289249420166,22105600,56227840,0.02382264699554071,0.6897964922452752
1690,1.6663099527359009,0.00037530012195929885,1.6663475036621094,22105600,56227840,0.0248374929651618,0.666774056445494
1691,1.7282671928405762,0.00043132074642926455,1.7283103466033936,22105600,56227840,0.02799186302581802,0.6339671013872853
1692,1.7711818218231201,0.0004220955597702414,1.771224021911621,22105600,56227840,0.023343892011325806,0.7223015585629968
1693,1.7543418407440186,0.00040968498797155917,1.754382848739624,22105600,56227840,0.023518261034041643,0.6799388374571816
1694,1.708612322807312,0.00043307000305503607,1.708655595779419,22105600,56227840,0.023409154964610934,0.7133774197020829
1695,1.7469203472137451,0.00046555709559470415,1.7469669580459595,22105600,56227840,0.023623249027878046,0.6614202631283242
1696,1.7096413373947144,0.000475923006888479,1.7096889019012451,22105600,56227840,0.0229887809837237,0.6861747053807493
1697,1.6808347702026367,0.0004592663608491421,1.6808806657791138,22105600,56227840,0.02301057195290923,0.7337600942011293
1698,1.6422942876815796,0.0004610897449310869,1.6423404216766357,22105600,56227840,0.02329367701895535,0.7317823567824007
1699,1.6541647911071777,0.0004689627676270902,1.6542116403579712,22105600,56227840,0.022906223952304572,0.6787049099696126
1700,1.7184727191925049,0.0004690826463047415,1.7185195684432983,22105600,56227840,0.02815262699732557,0.6983748072548542
1701,1.7720460891723633,0.000480000046081841,1.7720941305160522,22105600,56227840,0.026026881008874625,0.8364071595713188
1702,1.7615212202072144,0.0004889130359515548,1.7615700960159302,22105600,56227840,0.023002917994745076,0.6694993962175464
1703,1.7411043643951416,0.0005255465512163937,1.7411569356918335,22105600,56227840,0.022706396994180977,0.7613255668426769
1704,1.7037384510040283,0.0005405661650002003,1.7037924528121948,22105600,56227840,0.023115521005820483,0.698210676996729
1705,1.6731144189834595,0.0005643730983138084,1.673170804977417,22105600,56227840,0.022881968994624913,0.7229261227814926
1706,1.7945845127105713,0.0005656142020598054,1.7946410179138184,22105600,56227840,0.023047632013913244,0.7614757085868601
1707,1.7114784717559814,0.0005716352025046945,1.7115356922149658,22105600,56227840,0.023179501004051417,0.7174979445829148
1708,1.6702876091003418,0.0006090885144658387,1.6703485250473022,22105600,56227840,0.02364114299416542,0.719916312726546
1709,1.7288916110992432,0.0006319642998278141,1.728954792022705,22105600,56227840,0.023074342985637486,0.6221638437008014
1710,1.697092056274414,0.0006352110067382455,1.6971555948257446,22105600,56227840,0.02271157701034099,0.6300820803608657
1711,1.6510813236236572,0.0005741668283008039,1.6511387825012207,22105600,56227840,0.02336261695018038,0.817407243541127
1712,1.7087823152542114,0.0005096222157590091,1.7088333368301392,22105600,56227840,0.02259907400002703,0.7156421689418647
1713,1.7161321640014648,0.00048305201926268637,1.716180443763733,22105600,56227840,0.023010161006823182,0.6786130195912201
1714,1.7213332653045654,0.0004450223932508379,1.7213777303695679,22105600,56227840,0.022674356994684786,0.7352390846528104
1715,1.748837947845459,0.00042228144593536854,1.74888014793396,22105600,56227840,0.022809232003055513,0.7503555646016675
1716,1.7412753105163574,0.0003987979143857956,1.741315245628357,22105600,56227840,0.022824730956926942,0.6829685552282102
1717,1.7948520183563232,0.0004238451365381479,1.7948944568634033,22105600,56227840,0.023630973999388516,0.6548637159706411
1718,1.7122348546981812,0.0004537136119324714,1.7122802734375,22105600,56227840,0.022453869984019548,0.6806819582012429
1719,1.6693871021270752,0.0005218014121055603,1.6694393157958984,22105600,56227840,0.022564528975635767,0.7117528654058379
1720,1.7453114986419678,0.0005421212408691645,1.7453657388687134,22105600,56227840,0.022473737015388906,0.7024783066025431
1721,1.7393730878829956,0.0005644240882247686,1.7394294738769531,22105600,56227840,0.022968792996834964,0.6501774363940439
1722,1.6922602653503418,0.0005486315931193531,1.6923151016235352,22105600,56227840,0.022554441005922854,0.710324532798749
1723,1.7490756511688232,0.0005453984485939145,1.7491302490234375,22105600,56227840,0.022295931994449347,0.8056678194261867
1724,1.7367286682128906,0.0005715931765735149,1.7367857694625854,22105600,56227840,0.02255254698684439,0.7013545338513313
1725,1.7304348945617676,0.0005567882908508182,1.7304905652999878,22105600,56227840,0.022388637997210026,0.6550092383719446
1726,1.695081353187561,0.0005415488267317414,1.695135474205017,22105600,56227840,0.022598162991926074,0.6623117603763937
1727,1.808135747909546,0.0005511777708306909,1.8081908226013184,22105600,56227840,0.0224444119958207,0.7448524090425083
1728,1.7402430772781372,0.0005637138383463025,1.7402994632720947,22105600,56227840,0.022448179021012038,0.8041998378536529
1729,1.710378885269165,0.0005187029601074755,1.7104307413101196,22105600,56227840,0.022385831049177796,0.6419554572305338
1730,1.7387638092041016,0.00047028184053488076,1.7388108968734741,22105600,56227840,0.022542477992828935,0.7083163511205868
1731,1.6525239944458008,0.00047902195365168154,1.6525719165802002,22105600,56227840,0.023017806001007557,0.6418783419482473
1732,1.7303005456924438,0.0004854879225604236,1.730349063873291,22105600,56227840,0.02247890701983124,0.6758973482333418
1733,1.736084222793579,0.0004923156229779124,1.7361334562301636,22105600,56227840,0.0223474899539724,0.7063552636036998
1734,1.7759712934494019,0.00047846208326518536,1.7760190963745117,22105600,56227840,0.022934268054086715,0.6600235951041735
1735,1.6674847602844238,0.0004762893950100988,1.6675324440002441,22105600,56227840,0.02279044600436464,0.6795024438348783
1736,1.7068276405334473,0.00047030235873535275,1.7068747282028198,22105600,56227840,0.022328332997858524,0.670059204606491
1737,1.7075186967849731,0.0004673885414376855,1.707565426826477,22105600,56227840,0.022996907006017864,0.7846871442516236
1738,1.7291538715362549,0.0005081658600829542,1.7292046546936035,22105600,56227840,0.022916103014722466,0.8132180110092387
1739,1.6918269395828247,0.00054023670963943,1.6918809413909912,22105600,56227840,0.032709184975828975,0.7159532737686097
1740,1.756026268005371,0.0005199486622586846,1.7560782432556152,22105600,56227840,0.029294743959326297,0.7420475924914736
1741,1.640146255493164,0.0004743286990560591,1.6401937007904053,22105600,56227840,0.03199138899799436,0.704087320348974
1742,1.6957024335861206,0.00045003287959843874,1.6957474946975708,22105600,56227840,0.026547053013928235,0.7954458479472437
1743,1.7467913627624512,0.00044529096339829266,1.7468359470367432,22105600,56227840,0.02548201201716438,0.7745675754421357
1744,1.737257957458496,0.00043217118945904076,1.737301230430603,22105600,56227840,0.023578895023092628,0.6888354154567223
1745,1.622943639755249,0.0004149946034885943,1.6229851245880127,22105600,56227840,0.0238810459850356,0.6035086710364891
1746,1.6898834705352783,0.00042821193346753716,1.689926266670227,22105600,56227840,0.023788761987816542,0.6756826189986351
1747,1.763469934463501,0.0004378412268124521,1.7635136842727661,22105600,56227840,0.02259400498587638,0.6703132946677746
1748,1.7028608322143555,0.00040086513035930693,1.7029008865356445,22105600,56227840,0.022909121005795896,0.6967642582617064
1749,1.6975101232528687,0.0003313884371891618,1.6975432634353638,22105600,56227840,0.022869204985909164,0.6719107012698847
1750,1.6381287574768066,0.000343394378433004,1.6381630897521973,22105600,56227840,0.02275878598447889,0.6872782080590314
1751,1.691636323928833,0.00034859770676121116,1.6916711330413818,22105600,56227840,0.023138883989304304,0.6912790827400747
1752,1.7525681257247925,0.0003754723002202809,1.752605676651001,22105600,56227840,0.022438852989580482,0.7297156711340651
1753,1.686949610710144,0.00035705819027498364,1.6869853734970093,22105600,56227840,0.02263807802228257,0.738387703183542
1754,1.65315580368042,0.00036704933154396713,1.6531925201416016,22105600,56227840,0.022458038001786917,0.6167775848826016
1755,1.652817964553833,0.00034842960303649306,1.6528527736663818,22105600,56227840,0.022408764983993024,0.6399953108945581
1756,1.7069765329360962,0.00032409268897026777,1.707008957862854,22105600,56227840,0.022571081994101405,0.717249184700608
1757,1.6782424449920654,0.00029384263325482607,1.678271770477295,22105600,56227840,0.022433311969507486,0.686127438120876
1758,1.6605229377746582,0.00029076330247335136,1.6605520248413086,22105600,56227840,0.022139495995361358,0.7159076622141932
1759,1.6915689706802368,0.0003114199498668313,1.6916000843048096,22105600,56227840,0.022276906005572528,0.6777481854981101
1760,1.7031863927841187,0.0003276628558523953,1.7032191753387451,22105600,56227840,0.022381372982636094,0.6952099566379814
1761,1.6506474018096924,0.0003429515636526048,1.650681734085083,22105600,56227840,0.023080353974364698,0.6929202964038407
1762,1.6786104440689087,0.00034254626370966434,1.6786446571350098,22105600,56227840,0.02265064202947542,0.7640532886322725
1763,1.6919461488723755,0.0003458680002950132,1.6919807195663452,22105600,56227840,0.023092817049473524,0.713726062158003
1764,1.6794734001159668,0.00036180467577651143,1.6795096397399902,22105600,56227840,0.023687731998506933,0.6813289192084218
1765,1.6490362882614136,0.00032761707552708685,1.64906907081604,22105600,56227840,0.023646332963835448,0.692970635282438
1766,1.7051160335540771,0.00028121520881541073,1.7051441669464111,22105600,56227840,0.024450342054478824,0.665079975738344
1767,1.7666888236999512,0.00026641631848178804,1.766715407371521,22105600,56227840,0.021607451024465263,0.7186520948134947
1768,1.6017929315567017,0.0002774215827230364,1.601820707321167,22105600,56227840,0.02219774597324431,0.716820857972046
1769,1.6517609357833862,0.0003330147301312536,1.651794195175171,22105600,56227840,0.02139553101733327,0.6854824384008076
1770,1.7435956001281738,0.00039797992212697864,1.7436354160308838,22105600,56227840,0.02283056196756661,0.7363667013665732
1771,1.627871036529541,0.00039624294731765985,1.6279106140136719,22105600,56227840,0.022074463951867074,0.7298740434722344
1772,1.6394684314727783,0.0003522205224726349,1.6395035982131958,22105600,56227840,0.021817357977852225,0.762565166984373
1773,1.7532711029052734,0.00029535481007769704,1.753300666809082,22105600,56227840,0.021709833992645144,0.7383620806542456
1774,1.638770341873169,0.0002741270582191646,1.6387977600097656,22105600,56227840,0.021263210976030678,0.706880208617007
1775,1.6973092555999756,0.000273012527031824,1.6973365545272827,22105600,56227840,0.022592692985199392,0.7372148492416316
1776,1.6677327156066895,0.0002993788802996278,1.6677626371383667,22105600,56227840,0.022249764995649457,0.7079341933804947
1777,1.657820224761963,0.00028937135357409716,1.6578491926193237,22105600,56227840,0.022454572026617825,0.7085823224827267
1778,1.6355228424072266,0.00026983002317138016,1.635549783706665,22105600,56227840,0.021844529022928327,0.6806679557004996
1779,1.7188150882720947,0.0002612415701150894,1.7188411951065063,22105600,56227840,0.022298657975625247,0.76759570762852
1780,1.719534158706665,0.0002771505096461624,1.7195618152618408,22105600,56227840,0.02166860701981932,0.7454280711520593
1781,1.7802534103393555,0.00029199986602179706,1.7802826166152954,22105600,56227840,0.022418042994104326,0.7004493568216954
1782,1.7143447399139404,0.00030679040355607867,1.714375376701355,22105600,56227840,0.02100664604222402,0.6831266312931051
1783,1.6823060512542725,0.000306733330944553,1.682336688041687,22105600,56227840,0.02246762701543048,0.6964224407039009
1784,1.7400614023208618,0.00036238005850464106,1.7400976419448853,22105600,56227840,0.021379671001341194,0.7151976742790223
1785,1.7074079513549805,0.00036767401616089046,1.707444667816162,22105600,56227840,0.021775008004624397,0.673282480307665
1786,1.6934788227081299,0.0003929713857360184,1.6935181617736816,22105600,56227840,0.02249352604849264,0.7071391639596339
1787,1.7505629062652588,0.000382300466299057,1.7506011724472046,22105600,56227840,0.02191439102170989,0.7329711433214955
1788,1.671505093574524,0.0003670930163934827,1.6715418100357056,22105600,56227840,0.023243352014105767,0.7012112949916657
1789,1.701324224472046,0.0003796480887103826,1.701362133026123,22105600,56227840,0.023409245011862367,0.7161038687106637
1790,1.7366915941238403,0.0004310992662794888,1.7367347478866577,22105600,56227840,0.0236188709968701,0.728743556116335
1791,1.7299729585647583,0.0004700993304140866,1.7300199270248413,22105600,56227840,0.021965077030472457,0.6363121327308332
1792,1.6747410297393799,0.00047716571134515107,1.6747887134552002,22105600,56227840,0.022764406981877983,0.6580641926812186
1793,1.7538814544677734,0.0004608164890669286,1.7539275884628296,22105600,56227840,0.02438690298004076,0.6627548355459572
1794,1.638778805732727,0.0004526184930000454,1.6388241052627563,22105600,56227840,0.023181253985967487,0.6722624553986533
1795,1.738980770111084,0.0004946357803419232,1.7390302419662476,22105600,56227840,0.021972270973492414,0.6185162449188438
1796,1.6386799812316895,0.0004931377479806542,1.6387293338775635,22105600,56227840,0.021655282005667686,0.6679479569032106
1797,1.6817017793655396,0.0004682048747781664,1.681748628616333,22105600,56227840,0.022166097012814134,0.6412406130209397
1798,1.694507360458374,0.00045092651271261275,1.6945524215698242,22105600,56227840,0.022217893972992897,0.6588135626949059
1799,1.743546485900879,0.0004105185507796705,1.7435874938964844,22105600,56227840,0.021861460991203785,0.7230854122846961
1800,1.6597403287887573,0.0003254246839787811,1.6597728729248047,22105600,56227840,0.026655248017050326,0.6752526725559765
1801,1.669769525527954,0.00030650425469502807,1.6698001623153687,22105600,56227840,0.023525345022790134,0.6836737956340128
1802,1.766833782196045,0.0003114308638032526,1.7668648958206177,22105600,56227840,0.021128395979758352,0.7093323804134095
1803,1.7108640670776367,0.00045180117012932897,1.7109092473983765,22105600,56227840,0.02116128901252523,0.6525885185305307
1804,1.7258468866348267,0.0005675934953615069,1.7259036302566528,22105600,56227840,0.021400360972620547,0.6915022615020214
1805,1.6741896867752075,0.0006072432734072208,1.6742503643035889,22105600,56227840,0.021180624957196414,0.6702398525273333
1806,1.7182180881500244,0.0005801902734674513,1.7182761430740356,22105600,56227840,0.022102427028585225,0.6804332931698881
1807,1.643904685974121,0.0005098600522615016,1.6439557075500488,22105600,56227840,0.021241208945866674,0.6519236701465293
1808,1.7070651054382324,0.00045416722423397005,1.7071105241775513,22105600,56227840,0.02218540303874761,0.6985035697692538
1809,1.648089051246643,0.00043359826668165624,1.6481324434280396,22105600,56227840,0.024380650953389704,0.6711613509567612
1810,1.6939797401428223,0.0004079712089151144,1.6940205097198486,22105600,56227840,0.02649233996635303,0.7225937801017859
1811,1.6299980878829956,0.000375066592823714,1.630035638809204,22105600,56227840,0.033094824000727385,0.63665374473118
1812,1.745774507522583,0.0003797961981035769,1.7458125352859497,22105600,56227840,0.029581667040474713,0.6461331482351911
1813,1.6772657632827759,0.00039756507612764835,1.6773055791854858,22105600,56227840,0.028541531995870173,0.6794123540201096
1814,1.6354690790176392,0.00037081120535731316,1.6355061531066895,22105600,56227840,0.023096935998182744,0.6624926461580504
1815,1.7167389392852783,0.0003480860323179513,1.7167737483978271,22105600,56227840,0.0215014920104295,0.6552668734889621
1816,1.6070876121520996,0.000375772564439103,1.607125163078308,22105600,56227840,0.021755510999355465,0.6361424417900134
1817,1.7278835773468018,0.00042225702782161534,1.7279257774353027,22105600,56227840,0.022275863972026855,0.6292133722407941
1818,1.658105731010437,0.0004802996409125626,1.658153772354126,22105600,56227840,0.024238702026195824,0.671983698470202
1819,1.7382413148880005,0.0004694306990131736,1.7382882833480835,22105600,56227840,0.024639379989821464,0.6933879423877968
1820,1.7065232992172241,0.0004384766216389835,1.7065671682357788,22105600,56227840,0.022243072977289557,0.6757092243222411
1821,1.6860401630401611,0.0004259970737621188,1.6860827207565308,22105600,56227840,0.02497391204815358,0.6905255160977175
1822,1.7227463722229004,0.0004072699521202594,1.7227871417999268,22105600,56227840,0.0249801529571414,0.8672392936478325
1823,1.671966791152954,0.0003724615671671927,1.672003984451294,22105600,56227840,0.02214762201765552,0.6314993050520851
1824,1.7601618766784668,0.00033039870322681963,1.7601948976516724,22105600,56227840,0.021670880960300565,0.7585259734138426
1825,1.6304733753204346,0.0003066837089136243,1.6305040121078491,22105600,56227840,0.021444463985972106,0.7605596102503847
1826,1.6365227699279785,0.000302354630548507,1.6365530490875244,22105600,56227840,0.02134556701639667,0.6227432327205826
1827,1.7007653713226318,0.0002788349811453372,1.7007932662963867,22105600,56227840,0.021068002039100975,0.6250078837588526
1828,1.6537010669708252,0.0002789379213936627,1.65372896194458,22105600,56227840,0.02096744201844558,0.703344907624749
1829,1.6761444807052612,0.00031276969821192324,1.6761757135391235,22105600,56227840,0.021468719991389662,0.7138987858901932
1830,1.7332305908203125,0.00037421350134536624,1.7332680225372314,22105600,56227840,0.021560332039371133,0.6172800161853762
1831,1.6720316410064697,0.00039739342173561454,1.6720713376998901,22105600,56227840,0.02160519699100405,0.6967351554476121
1832,1.6723071336746216,0.00037965437513776124,1.6723450422286987,22105600,56227840,0.02132495795376599,0.7036953402567062
1833,1.7075763940811157,0.00031540350755676627,1.7076079845428467,22105600,56227840,0.021764728997368366,0.704818417759514
1834,1.695549726486206,0.0002751855063252151,1.6955772638320923,22105600,56227840,0.02419095201184973,0.6466599677589201
1835,1.6230511665344238,0.0002894557546824217,1.6230801343917847,22105600,56227840,0.02441586699569598,0.7016331023073554
1836,1.701465129852295,0.00029119980172254145,1.7014942169189453,22105600,56227840,0.023609975003637373,0.6960103038762062
1837,1.6846542358398438,0.0002700094482861459,1.6846812963485718,22105600,56227840,0.023018598032649606,0.744085392089568
1838,1.7185145616531372,0.000227153577725403,1.7185373306274414,22105600,56227840,0.024006434017792344,0.768108008416993
1839,1.7014622688293457,0.00023865807452239096,1.7014861106872559,22105600,56227840,0.024286672996822745,0.7218923550778655
1840,1.7091628313064575,0.0002616253332234919,1.7091889381408691,22105600,56227840,0.02180743997450918,0.7005064745625044
1841,1.6305010318756104,0.00027950695948675275,1.6305289268493652,22105600,56227840,0.02207508502760902,0.6509827375036404
1842,1.7373669147491455,0.00035491539165377617,1.7374024391174316,22105600,56227840,0.021898552018683404,0.7237363773041173
1843,1.7217464447021484,0.00042999780271202326,1.7217894792556763,22105600,56227840,0.02358529798220843,0.667402739167787
1844,1.7177878618240356,0.0004471555876079947,1.7178325653076172,22105600,56227840,0.02239353599725291,0.7049872947764468
1845,1.6714239120483398,0.00044121427345089614,1.6714680194854736,22105600,56227840,0.022035810980014503,0.6841503887410433
1846,1.6892163753509521,0.00042316195322200656,1.6892586946487427,22105600,56227840,0.021576061961241066,0.7004214511171323
1847,1.6411079168319702,0.0003740990359801799,1.6411453485488892,22105600,56227840,0.021294730016961694,0.7032158845531339
1848,1.6778796911239624,0.00029989395989105105,1.6779097318649292,22105600,56227840,0.020967712975107133,0.6744391198284655
1849,1.669533133506775,0.0003110621764790267,1.6695642471313477,22105600,56227840,0.021851111960131675,0.6519937733588429
1850,1.656003713607788,0.0003244476392865181,1.656036138534546,22105600,56227840,0.021202096017077565,0.6843806960074634
1851,1.6770939826965332,0.00036868153256364167,1.6771308183670044,22105600,56227840,0.02185657201334834,0.6508132417701651
1852,1.6443390846252441,0.000377982622012496,1.6443768739700317,22105600,56227840,0.021626998961437494,0.6985271534468982
1853,1.656480312347412,0.0003913898253813386,1.6565194129943848,22105600,56227840,0.021617691032588482,0.6719939849990141
1854,1.657179594039917,0.0004426021478138864,1.6572238206863403,22105600,56227840,0.021622489963192493,0.732140921266159
1855,1.752610445022583,0.0005087393219582736,1.7526613473892212,22105600,56227840,0.02165845804847777,0.7478805478292095
1856,1.7483413219451904,0.0005285959341563284,1.7483941316604614,22105600,56227840,0.023249202989973128,0.729770085648189
1857,1.6960328817367554,0.0005531253991648555,1.696088194847107,22105600,56227840,0.02303221303736791,0.7420101540620366
1858,1.6913329362869263,0.0005611117230728269,1.6913890838623047,22105600,56227840,0.024381152004934847,0.7017240580017209
1859,1.6547490358352661,0.0005841883830726147,1.654807448387146,22105600,56227840,0.023573705984745175,0.7168724020379805
1860,1.6778496503829956,0.0005913435597904027,1.6779087781906128,22105600,56227840,0.023398865945637226,0.6885493498895178
1861,1.616491675376892,0.0006074376869946718,1.616552472114563,22105600,56227840,0.024317711009643972,0.6656157658981997
1862,1.6595187187194824,0.0006059156730771065,1.6595792770385742,22105600,56227840,0.02301429904764518,0.6352348543601227
1863,1.7565696239471436,0.0005360918585211039,1.7566232681274414,22105600,56227840,0.022535885975230485,0.7517541145722471
1864,1.7582319974899292,0.0004677369142882526,1.758278727531433,22105600,56227840,0.022212694981135428,0.7541182979687934
1865,1.7362370491027832,0.0004822321643587202,1.7362853288650513,22105600,56227840,0.021866300026886165,0.6946764161560931
1866,1.7036590576171875,0.0004977362114004791,1.7037088871002197,22105600,56227840,0.02400959999067709,0.7605982967724806
1867,1.6927664279937744,0.0004976055934093893,1.692816138267517,22105600,56227840,0.02369383303448558,0.6953530980748773
1868,1.6764335632324219,0.000517533568199724,1.676485300064087,22105600,56227840,0.024280211015138775,0.6784193644562716
1869,1.686309576034546,0.0005543996812775731,1.686365008354187,22105600,56227840,0.02447786502307281,0.7196289689822885
1870,1.74068021774292,0.0005971588543616235,1.7407399415969849,22105600,56227840,0.022313374967779964,0.7629630298166424
1871,1.7026768922805786,0.0006334198405966163,1.70274019241333,22105600,56227840,0.023155845992732793,0.7301067414020902
1872,1.7717993259429932,0.0005846302374266088,1.771857738494873,22105600,56227840,0.02257715299492702,0.7003522907943776
1873,1.6598689556121826,0.00061172986170277,1.6599301099777222,22105600,56227840,0.022541637008544058,0.6493228388446988
1874,1.6934683322906494,0.0006550633115693927,1.6935338973999023,22105600,56227840,0.02262945199618116,0.69927537051236
1875,1.680518388748169,0.0006672583986073732,1.6805851459503174,22105600,56227840,0.022568637039512396,0.7248016668791596
1876,1.7307111024856567,0.00064999790629372,1.730776071548462,22105600,56227840,0.022360775037668645,0.7212119901449011
1877,1.7180100679397583,0.0006241457886062562,1.718072533607483,22105600,56227840,0.022569289023522288,0.6811331583148869
1878,1.7301950454711914,0.0005956650129519403,1.7302546501159668,22105600,56227840,0.023170955013483763,0.757419236245291
1879,1.6240248680114746,0.0005651880637742579,1.6240813732147217,22105600,56227840,0.02246696501970291,0.7121399975863424
1880,1.7272224426269531,0.0005858437507413328,1.7272809743881226,22105600,56227840,0.022396882995963097,0.7693443755366207
1881,1.745915174484253,0.0005590335349552333,1.7459710836410522,22105600,56227840,0.02320567099377513,0.7179421624783128
1882,1.6685212850570679,0.0005531457718461752,1.6685765981674194,22105600,56227840,0.02283915801672265,0.7197386063183664
1883,1.7343794107437134,0.00058786227600649,1.734438180923462,22105600,56227840,0.025975442957133055,0.7668088376294897
1884,1.664421558380127,0.0005879126256331801,1.6644803285598755,22105600,56227840,0.02920710894977674,0.7207024867535042
1885,1.6818667650222778,0.0005633936380036175,1.6819231510162354,22105600,56227840,0.02512797201052308,0.7178163073927107
1886,1.6789993047714233,0.0005711374105885625,1.6790564060211182,22105600,56227840,0.026761068031191826,0.8312682651327691
1887,1.681276559829712,0.00055326969595626,1.6813318729400635,22105600,56227840,0.0278511070064269,0.7276129410613525
1888,1.7494803667068481,0.0005726380622945726,1.7495375871658325,22105600,56227840,0.029315164021681994,0.7204986447361283
1889,1.641890287399292,0.0005774290766566992,1.6419479846954346,22105600,56227840,0.04422325803898275,0.6736252991725183
1890,1.7087253332138062,0.0005597327835857868,1.708781361579895,22105600,56227840,0.036262316978536546,0.763675262405625
1891,1.6310995817184448,0.0005176490521989763,1.6311513185501099,22105600,56227840,0.036647795990575105,0.6513066642195916
1892,1.7032556533813477,0.0004917632904835045,1.7033048868179321,22105600,56227840,0.027847740973811597,0.6583475989224693
1893,1.654721736907959,0.00044607798918150365,1.654766321182251,22105600,56227840,0.028118012007325888,0.6741653102789003
1894,1.6366517543792725,0.00042366344132460654,1.636694073677063,22105600,56227840,0.024706134980078787,0.6502553622062908
1895,1.6329326629638672,0.00043790374184027314,1.6329764127731323,22105600,56227840,0.027909486962016672,0.6275963830085075
1896,1.7604622840881348,0.0004768279322888702,1.760509967803955,22105600,56227840,0.028880672005470842,0.7102659978827146
1897,1.691964864730835,0.00047818553866818547,1.6920126676559448,22105600,56227840,0.027203533973079175,0.6862162684724918
1898,1.6926337480545044,0.00048296063323505223,1.6926820278167725,22105600,56227840,0.02364226500503719,0.6884151709788009
1899,1.696459174156189,0.0004734006943181157,1.6965065002441406,22105600,56227840,0.02579852001508698,0.761861902702243
1900,1.653357982635498,0.00043916708091273904,1.6534018516540527,22105600,56227840,0.025217071000952274,0.6841683303062214
1901,1.671717882156372,0.00038257328560575843,1.6717561483383179,22105600,56227840,0.0242287139990367,0.6983929441126725
1902,1.6964936256408691,0.0003543068887665868,1.6965290307998657,22105600,56227840,0.023469980980735272,0.7149304298733168
1903,1.72279691696167,0.0003637741901911795,1.722833275794983,22105600,56227840,0.02356969896936789,0.654045113518561
1904,1.6944435834884644,0.0003762884298339486,1.6944812536239624,22105600,56227840,0.027911051001865417,0.7047482923533587
1905,1.710206151008606,0.00040848707430996,1.7102470397949219,22105600,56227840,0.02380556403659284,0.7235103281226534
1906,1.6882785558700562,0.0004327411879785359,1.688321828842163,22105600,56227840,0.023981877020560205,0.6975787128787816
1907,1.708723545074463,0.00043966365046799183,1.7087675333023071,22105600,56227840,0.024427769996691495,0.702372221548972
1908,1.6266142129898071,0.0004748853971250355,1.6266616582870483,22105600,56227840,0.024412570986896753,0.6865865057179188
1909,1.6777033805847168,0.0005007401341572404,1.6777534484863281,22105600,56227840,0.025147349981125444,0.6506177237069855
1910,1.7105308771133423,0.0005875951610505581,1.7105896472930908,22105600,56227840,0.02579472295474261,0.6805755695475909
1911,1.6770899295806885,0.0006356401718221605,1.677153468132019,22105600,56227840,0.0254654010059312,0.6901278253273575
1912,1.7079105377197266,0.000618027406744659,1.7079722881317139,22105600,56227840,0.026440923975314945,0.6935535315686283
1913,1.6852158308029175,0.0005642632604576647,1.685272216796875,22105600,56227840,0.028118823014665395,0.6936324346644486
1914,1.6824305057525635,0.0005405385745689273,1.68248450756073,22105600,56227840,0.025111551978625357,0.70223143618141
1915,1.6658203601837158,0.0005562574369832873,1.665876030921936,22105600,56227840,0.02282186597585678,0.7281992122951622
1916,1.7121087312698364,0.0005690858233720064,1.7121655941009521,22105600,56227840,0.02127159701194614,0.7397103769583996
1917,1.6301252841949463,0.0005086114979349077,1.6301761865615845,22105600,56227840,0.021038627019152045,0.7085597359641528
1918,1.6343406438827515,0.0004044658853672445,1.6343810558319092,22105600,56227840,0.03029730898560956,0.683493931586707
1919,1.698171854019165,0.0003530428512021899,1.698207139968872,22105600,56227840,0.03429956000763923,0.7271421560934942
1920,1.7202712297439575,0.0004030005948152393,1.7203115224838257,22105600,56227840,0.03050242702011019,0.7572954690125903
1921,1.6634564399719238,0.00045562488958239555,1.6635019779205322,22105600,56227840,0.027265892014838755,0.744660236171498
1922,1.6653172969818115,0.0004975362680852413,1.6653670072555542,22105600,56227840,0.02570803795242682,0.6755469060177305
1923,1.6378700733184814,0.0005561030702665448,1.637925624847412,22105600,56227840,0.025462003017310053,0.658374587258474
1924,1.6033365726470947,0.0005662327748723328,1.6033931970596313,22105600,56227840,0.025443569000344723,0.7623549687616054
1925,1.7053890228271484,0.0005639954470098019,1.705445408821106,22105600,56227840,0.022033746994566172,0.791477912544617
1926,1.6863763332366943,0.0005668310914188623,1.686432957649231,22105600,56227840,0.02106412500143051,0.681312918696304
1927,1.6879528760910034,0.0005898192757740617,1.688011884689331,22105600,56227840,0.021610126015730202,0.6675637852296922
1928,1.7008061408996582,0.00057990662753582,1.7008640766143799,22105600,56227840,0.021197356982156634,0.7045524540871018
1929,1.6869020462036133,0.0005439536762423813,1.6869564056396484,22105600,56227840,0.02104768401477486,0.696465674270728
1930,1.7254571914672852,0.000485465454403311,1.7255057096481323,22105600,56227840,0.022298697964288294,0.7321108061814469
1931,1.7059292793273926,0.00045331817818805575,1.7059745788574219,22105600,56227840,0.02555357600795105,0.6747502164249674
1932,1.6701961755752563,0.0004293203237466514,1.6702390909194946,22105600,56227840,0.025577482010703534,0.7561824865149666
1933,1.6417570114135742,0.0003824438317678869,1.64179527759552,22105600,56227840,0.027582219045143574,0.6608088409825003
1934,1.6906007528305054,0.0003479124861769378,1.6906355619430542,22105600,56227840,0.025023045018315315,0.6527217884814244
1935,1.6302423477172852,0.00036900979466736317,1.630279302597046,22105600,56227840,0.023910503019578755,0.7090001633228659
1936,1.734378457069397,0.00039553866372443736,1.7344180345535278,22105600,56227840,0.024468026007525623,0.7211518179839732
1937,1.680026650428772,0.0004608400631695986,1.6800727844238281,22105600,56227840,0.025326077011413872,0.6843110131619786
1938,1.686347246170044,0.0004985489067621529,1.6863970756530762,22105600,56227840,0.022067339974455535,0.6794822825882709
1939,1.7110509872436523,0.0005004839040338993,1.7111010551452637,22105600,56227840,0.022002688026987016,0.7080569282788028
1940,1.6348774433135986,0.0005095950327813625,1.6349283456802368,22105600,56227840,0.022801376995630562,0.6494678922039663
1941,1.6794896125793457,0.0005089945043437183,1.6795405149459839,22105600,56227840,0.024212413001805544,0.632222461268229
1942,1.6620891094207764,0.0005207563517615199,1.66214120388031,22105600,56227840,0.023416409036144614,0.6657030595734503
1943,1.6879603862762451,0.0005657639121636748,1.6880170106887817,22105600,56227840,0.02135231002466753,0.6962243712760552
1944,1.6953233480453491,0.0005473877536132932,1.695378065109253,22105600,56227840,0.021887681039515883,0.7045516686360661
1945,1.7116007804870605,0.0005540278507396579,1.7116562128067017,22105600,56227840,0.02528367703780532,0.8071231227667981
1946,1.6690380573272705,0.0005423789843916893,1.6690922975540161,22105600,56227840,0.02580434101400897,0.7029891448216521
1947,1.7092647552490234,0.00048249386600218713,1.7093130350112915,22105600,56227840,0.02531290298793465,0.6846542642357221
1948,1.6495444774627686,0.0003683992545120418,1.6495813131332397,22105600,56227840,0.022026542981620878,0.7319090969941279
1949,1.686139702796936,0.0002746888203546405,1.6861671209335327,22105600,56227840,0.02122107200557366,0.7040393304339265
1950,1.699202060699463,0.00028583899256773293,1.699230670928955,22105600,56227840,0.021313696983270347,0.6871469407454524
1951,1.6608295440673828,0.000361862825229764,1.6608657836914062,22105600,56227840,0.026232599979266524,0.6222787706957174
1952,1.7011969089508057,0.00039451001794077456,1.701236367225647,22105600,56227840,0.03244503599125892,0.7113929499258014
1953,1.7177128791809082,0.00037978883483447134,1.717750906944275,22105600,56227840,0.033636296982876956,0.7333250831880127
1954,1.6326751708984375,0.00039929847116582096,1.632715106010437,22105600,56227840,0.03277543099829927,0.6715652813765804
1955,1.7137658596038818,0.0004261730646248907,1.7138084173202515,22105600,56227840,0.04899121599737555,0.6283805556486558
1956,1.6927149295806885,0.0004829512326978147,1.6927632093429565,22105600,56227840,0.03848566900705919,0.6663765296344365
1957,1.698077917098999,0.00047400646144524217,1.6981253623962402,22105600,56227840,0.034422192024067044,0.6540710697827008
1958,1.6990654468536377,0.0004521649971138686,1.6991106271743774,22105600,56227840,0.027035537001211196,0.6773638825310038
1959,1.6863503456115723,0.0003941973263863474,1.6863898038864136,22105600,56227840,0.030101478972937912,0.69077842495532
1960,1.7052830457687378,0.0003549999091774225,1.705318570137024,22105600,56227840,0.03321009100181982,0.6915051106687118
1961,1.6971975564956665,0.00036205293145030737,1.69723379611969,22105600,56227840,0.03443190996767953,0.6509911927380432
1962,1.690951943397522,0.00038523704279214144,1.6909904479980469,22105600,56227840,0.023488976003136486,0.6432167608502237
1963,1.6745730638504028,0.00044975237688049674,1.6746180057525635,22105600,56227840,0.023506879981141537,0.6889554597035921
1964,1.659855842590332,0.0004726553161162883,1.6599030494689941,22105600,56227840,0.021589907992165536,0.6823967587474663
1965,1.676459789276123,0.0004595456994138658,1.6765056848526,22105600,56227840,0.025650399969890714,0.7052826327972459
1966,1.7153767347335815,0.0004272971418686211,1.7154194116592407,22105600,56227840,0.02281820896314457,0.7157394703044264
1967,1.6799819469451904,0.0004315702826716006,1.6800251007080078,22105600,56227840,0.0285189290298149,0.7290770062944897
1968,1.6857836246490479,0.0004432153364177793,1.6858279705047607,22105600,56227840,0.025144354032818228,0.8098849068653945
1969,1.6771612167358398,0.0004473896697163582,1.6772059202194214,22105600,56227840,0.024096814973745495,0.6813467968650849
1970,1.6927807331085205,0.00042492884676903486,1.6928231716156006,22105600,56227840,0.022337680973578244,0.6871720517913386
1971,1.6976230144500732,0.00043916329741477966,1.697666883468628,22105600,56227840,0.022699103981722146,0.6470568968533756
1972,1.6663331985473633,0.00047110486775636673,1.6663802862167358,22105600,56227840,0.021695407980587333,0.7074906479525757
1973,1.708383321762085,0.0004774872213602066,1.7084311246871948,22105600,56227840,0.023832325008697808,0.72085259588976
1974,1.6548709869384766,0.0004855490115005523,1.6549195051193237,22105600,56227840,0.023345033987425268,0.7193707341352443
1975,1.6953377723693848,0.00047512707533314824,1.6953853368759155,22105600,56227840,0.02500548097305,0.7313222456371554
1976,1.6793580055236816,0.00042959643178619444,1.67940092086792,22105600,56227840,0.03178551100427285,0.7790918094651484
1977,1.7350953817367554,0.0003777228412218392,1.735133171081543,22105600,56227840,0.03535429300973192,0.7750423636774747
1978,1.7259292602539062,0.0003708148724399507,1.7259663343429565,22105600,56227840,0.032735806016717106,0.6755299479908371
1979,1.7415895462036133,0.00038289473741315305,1.741627812385559,22105600,56227840,0.028278253972530365,0.7235466930672195
1980,1.6703218221664429,0.0004180431424174458,1.6703636646270752,22105600,56227840,0.026753433980047703,0.7273021349516423
1981,1.6756644248962402,0.0004385518841445446,1.675708293914795,22105600,56227840,0.022842545993626118,0.7847530925796327
1982,1.7174122333526611,0.0004489088896661997,1.7174571752548218,22105600,56227840,0.0238081690040417,0.7814295119749927
1983,1.6677265167236328,0.0004235333180986345,1.6677688360214233,22105600,56227840,0.021817899018060416,0.6819587990471098
1984,1.7102851867675781,0.0004029656120110303,1.7103254795074463,22105600,56227840,0.023906764981802553,0.7146253154724371
1985,1.6287400722503662,0.00040220943628810346,1.6287802457809448,22105600,56227840,0.023812967992853373,0.7072885887385992
1986,1.6561154127120972,0.00039489089976996183,1.6561548709869385,22105600,56227840,0.02547726297052577,0.7780838058469062
1987,1.6585835218429565,0.00036790408194065094,1.6586203575134277,22105600,56227840,0.02901006699539721,0.7354071901361872
1988,1.6734789609909058,0.0003697436477523297,1.6735159158706665,22105600,56227840,0.027163218008354306,0.7352839994508876
1989,1.71297025680542,0.00043648696737363935,1.7130138874053955,22105600,56227840,0.023400389007292688,0.746193354815029
1990,1.722856879234314,0.0004979545483365655,1.7229067087173462,22105600,56227840,0.025586197967641056,0.7014221143330844
1991,1.6342458724975586,0.0005194596014916897,1.6342978477478027,22105600,56227840,0.02422655001282692,0.7166155034958386
1992,1.719202995300293,0.0005264857318252325,1.7192556858062744,22105600,56227840,0.027102793974336237,0.7182545483027929
1993,1.5857418775558472,0.0005115621024742723,1.5857930183410645,22105600,56227840,0.027105449000373483,0.7148744142017194
1994,1.6576818227767944,0.00048124586464837193,1.657729983329773,22105600,56227840,0.02549309196183458,0.7065908442190579
1995,1.6499133110046387,0.0004277732805348933,1.6499561071395874,22105600,56227840,0.02894175803521648,0.7514695525699606
1996,1.6551440954208374,0.0003769691102206707,1.6551817655563354,22105600,56227840,0.03147521399660036,0.6691264831392687
1997,1.620100736618042,0.0003942842595279217,1.6201401948928833,22105600,56227840,0.04183172999182716,0.6538023159964187
1998,1.6856777667999268,0.0004104948020540178,1.6857187747955322,22105600,56227840,0.03721574001247063,0.7218412939381263
1999,1.7014020681381226,0.0004006961244158447,1.7014421224594116,22105600,56227840,0.02493138099089265,0.7022779697190538
