global_step,loss,vram_allocated_bytes,vram_peak_bytes,time_sec,gradient_magnitude
0,4.411846160888672,21056000,53420032,0.09030862798681483,1.1033094446972862
1,4.1899309158325195,21056000,55112704,0.01965638797264546,1.0254584751837448
2,4.0071306228637695,21056000,55112704,0.018059286987408996,0.9194527107064397
3,3.884610652923584,21056000,55112704,0.01771370298229158,0.8399659870414888
4,3.7578840255737305,21056000,55112704,0.016639502020552754,0.8660173481106912
5,3.6713995933532715,21056000,55112704,0.01629451900953427,0.8260836444682294
6,3.6057770252227783,21056000,55112704,0.016302644973620772,0.8183364683302508
7,3.5472970008850098,21056000,55112704,0.016382836969569325,0.7750720776372149
8,3.5297093391418457,21056000,55112704,0.016070685989689082,0.6687993575520143
9,3.462857723236084,21056000,55112704,0.016236460010986775,0.6719245893744829
10,3.4779345989227295,21056000,55112704,0.016889024002011865,0.6035602692986449
11,3.4298603534698486,21056000,55112704,0.016091234982013702,0.5580102189198606
12,3.3430874347686768,21056000,55112704,0.016513082024175674,0.5840723579017725
13,3.3290114402770996,21056000,55112704,0.016409676987677813,0.53059013959459
14,3.2650296688079834,21056000,55112704,0.016176506003830582,0.5872325141389155
15,3.3265082836151123,21056000,55112704,0.016165905981324613,0.45364503955514995
16,3.2877588272094727,21056000,55112704,0.016370152006857097,0.4169748432400677
17,3.305741548538208,21056000,55112704,0.01609303697478026,0.34913268251826496
18,3.2573299407958984,21056000,55112704,0.016433310986030847,0.36600086789475106
19,3.2818400859832764,21056000,55112704,0.016548419022001326,0.27430969784426906
20,3.2152087688446045,21056000,55112704,0.01619093300541863,0.3013768835973197
21,3.1902098655700684,21056000,55112704,0.016158321988768876,0.2938683130154852
22,3.168060064315796,21056000,55112704,0.016768375993706286,0.2931496557341016
23,3.1528122425079346,21056000,55112704,0.016538710973691195,0.2875049635658514
24,3.185347080230713,21056000,55112704,0.01661292096832767,0.32373268328160615
25,3.2378554344177246,21056000,55112704,0.018643651972524822,0.2343496976591673
26,3.1655824184417725,21056000,55112704,0.01764004403958097,0.26123850880163785
27,3.0530271530151367,21056000,55112704,0.017812229983974248,0.3359092558074467
28,3.1172471046447754,21056000,55112704,0.017315961013082415,0.2709703068390845
29,3.137528896331787,21056000,55112704,0.0174662449862808,0.2538150087016709
30,3.1761367321014404,21056000,55112704,0.017862174019683152,0.2749190222313924
31,3.107579231262207,21056000,55112704,0.018245568964630365,0.288523512779389
32,3.038806200027466,21056000,55112704,0.017719003022648394,0.2866822773954664
33,3.0275237560272217,21056000,55112704,0.01771550701232627,0.2810973465615125
34,3.013720750808716,21056000,55112704,0.01951234496664256,0.32314004783570577
35,3.0668842792510986,21056000,55112704,0.01966430200263858,0.3059601251233484
36,2.974778175354004,21056000,55112704,0.017320218961685896,0.3482585766457969
37,2.930856943130493,21056000,55112704,0.01822715497110039,0.3452099689775266
38,2.9292595386505127,21056000,55112704,0.017971471010241657,0.31370107676954345
39,2.9241485595703125,21056000,55112704,0.01770497701363638,0.31830864535924547
40,3.004045009613037,21056000,55112704,0.01893241802463308,0.28924189980588566
41,2.9619483947753906,21056000,55112704,0.017894684977363795,0.3032145118076128
42,2.9589126110076904,21056000,55112704,0.01898229302605614,0.2689906103441552
43,2.8290798664093018,21056000,55112704,0.02024441899266094,0.3265765406228845
44,2.9200055599212646,21056000,55112704,0.019034761004149914,0.2724134018828892
45,2.8503971099853516,21056000,55112704,0.01728063402697444,0.31746985964650676
46,2.87172532081604,21056000,55112704,0.01728104497306049,0.3159271177657231
47,2.919175624847412,21056000,55112704,0.01750709197949618,0.28244138185037726
48,2.8025283813476562,21056000,55112704,0.017860269988887012,0.2834212502654694
49,2.847590923309326,21056000,55112704,0.017619726015254855,0.27613271560894037
50,2.8693885803222656,21056000,55112704,0.01801186695229262,0.2576175542926178
51,2.799696683883667,21056000,55112704,0.019813775026705116,0.3432869486755432
52,2.811307907104492,21056000,55112704,0.020319201052188873,0.2810863839239273
53,2.809907913208008,21056000,55112704,0.01901376200839877,0.2725339737304948
54,2.8258988857269287,21056000,55112704,0.017523903981782496,0.2690218043379952
55,2.7800369262695312,21056000,55112704,0.018177520018070936,0.27826045218447376
56,2.7461392879486084,21056000,55112704,0.0172808850184083,0.3187479456564969
57,2.8070645332336426,21056000,55112704,0.01781557605136186,0.302947555775656
58,2.7829222679138184,21056000,55112704,0.018062983988784254,0.306182434112163
59,2.737288236618042,21056000,55112704,0.01826391398208216,0.30111226042757383
60,2.7487781047821045,21056000,55112704,0.019832200021483004,0.27238693346489773
61,2.7079825401306152,21056000,55112704,0.01782817899947986,0.3167673547614314
62,2.7200675010681152,21056000,55112704,0.018601040996145457,0.30172716411817035
63,2.7847514152526855,21056000,55112704,0.01770561799639836,0.317620838003541
64,2.704054832458496,21056000,55112704,0.01762382301967591,0.3155539413733153
65,2.7331788539886475,21056000,55112704,0.017183009011205286,0.2840155903563877
66,2.6894421577453613,21056000,55112704,0.01770564803155139,0.2869406275462798
67,2.6603667736053467,21056000,55112704,0.01780500600580126,0.3677346546165634
68,2.7305848598480225,21056000,55112704,0.018018729984760284,0.32738306749747786
69,2.664991855621338,21056000,55112704,0.018994193989783525,0.2892651006673205
70,2.6635563373565674,21056000,55112704,0.018075426982250065,0.293209368656124
71,2.670076847076416,21056000,55112704,0.01682434097165242,0.3489575248204844
72,2.709059476852417,21056000,55112704,0.016884605051018298,0.4114687681915099
73,2.6999616622924805,21056000,55112704,0.016583554970566183,0.3059244393534969
74,2.688836097717285,21056000,55112704,0.01731346599990502,0.35327300652031646
75,2.697356700897217,21056000,55112704,0.017759700014721602,0.43181561738792645
76,2.708496332168579,21056000,55112704,0.01752214098814875,0.3886431937418353
77,2.6244049072265625,21056000,55112704,0.016481582017149776,0.3442763847525403
78,2.6985983848571777,21056000,55112704,0.016496721014846116,0.5119649528608146
79,2.6606810092926025,21056000,55112704,0.016756341967266053,0.3864939844926164
80,2.655487537384033,21056000,55112704,0.016709262039512396,0.3082319548590501
81,2.574303388595581,21056000,55112704,0.016896066023036838,0.3672842897793207
82,2.6689865589141846,21056000,55112704,0.01686243200674653,0.40907153088150827
83,2.6214041709899902,21056000,55112704,0.016541516000870615,0.32570339574410584
84,2.591231346130371,21056000,55112704,0.016334123036358505,0.2714805247386078
85,2.6226415634155273,21056000,55112704,0.017420648015104234,0.28396032073564836
86,2.6138553619384766,21056000,55112704,0.016890436003450304,0.3932720406705001
87,2.584855794906616,21056000,55112704,0.016403565008658916,0.40788254709901006
88,2.612046480178833,21056000,55112704,0.016703491972293705,0.2730327645843387
89,2.590233325958252,21056000,55112704,0.016492452996317297,0.3270897004979523
90,2.6262247562408447,21056000,55112704,0.01674283598549664,0.4191662724702485
91,2.6093719005584717,21056000,55112704,0.01685674098553136,0.3239096235709764
92,2.573007106781006,21056000,55112704,0.016310538980178535,0.262953655423027
93,2.6190316677093506,21056000,55112704,0.016675930004566908,0.3180647704570196
94,2.5693469047546387,21056000,55112704,0.016866561025381088,0.35331503998339686
95,2.613532781600952,21056000,55112704,0.016484227031469345,0.3602011031881338
96,2.6053545475006104,21056000,55112704,0.016528540989384055,0.2657125166001568
97,2.6201469898223877,21056000,55112704,0.017125329992268234,0.3196692366947103
98,2.6078763008117676,21056000,55112704,0.016915983986109495,0.4138911519487557
99,2.5974204540252686,21056000,55112704,0.017065426975023,0.3271160187888726
100,2.5733892917633057,21056000,55112704,0.01846618502167985,0.27720889120295034
101,2.5735023021698,21056000,55112704,0.019764640019275248,0.3449340913587666
102,2.5661709308624268,21056000,55112704,0.020621681003831327,0.42115458442748993
103,2.4934988021850586,21056000,55112704,0.019785030046477914,0.32968605119467426
104,2.5995755195617676,21056000,55112704,0.018202635983470827,0.33142692813581137
105,2.5655715465545654,21056000,55112704,0.019977493037004024,0.2756035200280353
106,2.5540213584899902,21056000,55112704,0.01959427900146693,0.2730511987833575
107,2.5703322887420654,21056000,55112704,0.01704187097493559,0.32294038167069256
108,2.51613187789917,21056000,55112704,0.016853926004841924,0.3102582272876363
109,2.5694470405578613,21056000,55112704,0.017235427047125995,0.3281714059441083
110,2.523906707763672,21056000,55112704,0.016601818962953985,0.31800239469736835
111,2.51843523979187,21056000,55112704,0.016785435960628092,0.2999244210813222
112,2.5630226135253906,21056000,55112704,0.01656668196665123,0.3294748653439309
113,2.573216438293457,21056000,55112704,0.016820041986647993,0.2996166396473165
114,2.5270795822143555,21056000,55112704,0.01694411603966728,0.2714678170386447
115,2.529423713684082,21056000,55112704,0.016524222039151937,0.27521285846571525
116,2.528287410736084,21056000,55112704,0.0165743560064584,0.2479343188273569
117,2.524902582168579,21056000,55112704,0.016862300981301814,0.26548803985864877
118,2.480717420578003,21056000,55112704,0.01655517000472173,0.2595428220714735
119,2.567963123321533,21056000,55112704,0.01660188805544749,0.30417494087867386
120,2.4904050827026367,21056000,55112704,0.01774123398354277,0.33923648675193635
121,2.5409672260284424,21056000,55112704,0.01707497297320515,0.3371636157739234
122,2.549555778503418,21056000,55112704,0.017138243012595922,0.3897677860347941
123,2.5557754039764404,21056000,55112704,0.016670287994202226,0.3315775877685167
124,2.548741579055786,21056000,55112704,0.016718238999601454,0.36652030590307194
125,2.492767333984375,21056000,55112704,0.01843353296862915,0.34740077800409036
126,2.537120819091797,21056000,55112704,0.01807619701139629,0.35090655054596576
127,2.5061962604522705,21056000,55112704,0.016880906012374908,0.3686322924917701
128,2.570162534713745,21056000,55112704,0.017354190989863127,0.3110310240572307
129,2.5304925441741943,21056000,55112704,0.018154465011321008,0.2646249224925292
130,2.526390552520752,21056000,55112704,0.017602260981220752,0.31294750172416086
131,2.5003843307495117,21056000,55112704,0.021070840011816472,0.3221049586830615
132,2.4622955322265625,21056000,55112704,0.018447558977641165,0.37210086779451046
133,2.482985496520996,21056000,55112704,0.01960419601527974,0.4269952950574575
134,2.527545928955078,21056000,55112704,0.01768919499590993,0.3568220185015795
135,2.513920783996582,21056000,55112704,0.01943495695013553,0.5082360231179543
136,2.4739577770233154,21056000,55112704,0.01936732803005725,0.25771674541358397
137,2.526975393295288,21056000,55112704,0.020250789006240666,0.5493838482887794
138,2.5142524242401123,21056000,55112704,0.019888214010279626,0.30087845964050247
139,2.4741203784942627,21056000,55112704,0.017332880990579724,0.40385113727292066
140,2.4902029037475586,21056000,55112704,0.01706835097866133,0.3704646080370684
141,2.532113790512085,21056000,55112704,0.01732029701815918,0.3308416110562959
142,2.505826950073242,21056000,55112704,0.0168335170019418,0.2825277510963967
143,2.476966381072998,21056000,55112704,0.01685680099762976,0.44169210502414447
144,2.458712100982666,21056000,55112704,0.01694983697962016,0.3177922114230246
145,2.4731740951538086,21056000,55112704,0.01676088897511363,0.3306546786352799
146,2.449328660964966,21056000,55112704,0.017177949019242078,0.36779110795310205
147,2.481287717819214,21056000,55112704,0.017103578022215515,0.34874267589046987
148,2.4882044792175293,21056000,55112704,0.018003789999056607,0.3056391984653675
149,2.4612467288970947,21056000,55112704,0.017953464994207025,0.38893348267815375
150,2.503469705581665,21056000,55112704,0.019080717000178993,0.30868464059986744
151,2.489809513092041,21056000,55112704,0.023918837017845362,0.3302992988964824
152,2.441009044647217,21056000,55112704,0.028364395024254918,0.38556214127857635
153,2.44940185546875,21056000,55112704,0.02243699401151389,0.3357359806172683
154,2.551029682159424,21056000,55112704,0.021160890988539904,0.42446247827371075
155,2.496149778366089,21056000,55112704,0.018471613992005587,0.32008599803624205
156,2.4263722896575928,21056000,55112704,0.019620367034804076,0.32351716830937904
157,2.4544055461883545,21056000,55112704,0.01906339399283752,0.29919579387555106
158,2.4511256217956543,21056000,55112704,0.019815136038232595,0.4538335151627667
159,2.4580845832824707,21056000,55112704,0.01842838298762217,0.2977287071567583
160,2.4845030307769775,21056000,55112704,0.018070226011332124,0.52530930064928
161,2.438905954360962,21056000,55112704,0.018891278945375234,0.3093020996233394
162,2.4625496864318848,21056000,55112704,0.018493735988158733,0.3627519914789765
163,2.442444324493408,21056000,55112704,0.018275793991051614,0.34796383165440664
164,2.448495626449585,21056000,55112704,0.019730335974600166,0.26741076471757935
165,2.475796937942505,21056000,55112704,0.021276408981066197,0.47891617369740097
166,2.42604660987854,21056000,55112704,0.018637437955476344,0.3164831207808711
167,2.469996213912964,21056000,55112704,0.018918579968158156,0.3920266988639004
168,2.4551851749420166,21056000,55112704,0.01783328701276332,0.3078030274393529
169,2.4074409008026123,21056000,55112704,0.017977801035158336,0.3776223496508916
170,2.401163339614868,21056000,55112704,0.017799133027438074,0.3883692758201472
171,2.42616868019104,21056000,55112704,0.018508694018237293,0.4595398703561301
172,2.4548118114471436,21056000,55112704,0.0204078970127739,0.31247063823989707
173,2.45217227935791,21056000,55112704,0.01900044403737411,0.3456512214082332
174,2.4355928897857666,21056000,55112704,0.01888968504499644,0.33190198694332307
175,2.444578170776367,21056000,55112704,0.017634971998631954,0.3101249355599726
176,2.4653074741363525,21056000,55112704,0.017965207051020116,0.3376499122300678
177,2.4283945560455322,21056000,55112704,0.01848190400050953,0.3244939618313118
178,2.3879635334014893,21056000,55112704,0.018252188980113715,0.3975586856981792
179,2.3782684803009033,21056000,55112704,0.019733901019208133,0.40102081554126595
180,2.4585578441619873,21056000,55112704,0.019594478013459593,0.3494122765948069
181,2.446564197540283,21056000,55112704,0.019356628006789833,0.4022514077542786
182,2.353647232055664,21056000,55112704,0.018399188003968447,0.3951299720328361
183,2.438153028488159,21056000,55112704,0.018787471984978765,0.3840378554693036
184,2.389099597930908,21056000,55112704,0.018150978023186326,0.35836749576640897
185,2.4355413913726807,21056000,55112704,0.01975659403251484,0.37383910674324966
186,2.4127213954925537,21056000,55112704,0.02092948299832642,0.30027870097549386
187,2.3953471183776855,21056000,55112704,0.020229117944836617,0.3786430248401435
188,2.440487861633301,21056000,55112704,0.02026100899092853,0.4213012653513648
189,2.3940582275390625,21056000,55112704,0.02015341498190537,0.3434739750445579
190,2.377227783203125,21056000,55112704,0.018788403016515076,0.33313677902677735
191,2.4228339195251465,21056000,55112704,0.018698813975788653,0.2715264438358348
192,2.455030918121338,21056000,55112704,0.01788679900346324,0.399223050013184
193,2.395883560180664,21056000,55112704,0.01897293300135061,0.37042865307330014
194,2.3805181980133057,21056000,55112704,0.0181806439650245,0.37471902946547303
195,2.3965229988098145,21056000,55112704,0.021486265992280096,0.4028448607106843
196,2.3937973976135254,21056000,55112704,0.019499128044117242,0.3386310623868168
197,2.407186508178711,21056000,55112704,0.017530644952785224,0.3023675623410408
198,2.4098761081695557,21056000,55112704,0.01818545302376151,0.34255624122630446
199,2.3730621337890625,21056000,55112704,0.017851722019258887,0.2793515194587444
200,2.405935764312744,21056000,55112704,0.017776629014406353,0.3416826691273471
201,2.4119677543640137,21056000,55112704,0.017107673978898674,0.47786005296890116
202,2.3670990467071533,21056000,55112704,0.016966547002084553,0.30392489199204514
203,2.4165940284729004,21056000,55112704,0.01724271901184693,0.40991002267794846
204,2.3861300945281982,21056000,55112704,0.017718729039188474,0.5994307881817275
205,2.37520170211792,21056000,55112704,0.019191353989299387,0.4648457242353148
206,2.322725296020508,21056000,55112704,0.018653738021384925,0.47141521184335955
207,2.414090394973755,21056000,55112704,0.018529312044847757,0.3992172209576377
208,2.461243152618408,21056000,55112704,0.01772401900961995,0.5241343252624455
209,2.466867685317993,21056000,55112704,0.017459870025049895,0.36965636866657525
210,2.369633674621582,21056000,55112704,0.018574497022200376,0.3597489540539794
211,2.413991928100586,21056000,55112704,0.017535964027047157,0.4737530552435627
212,2.358025074005127,21056000,55112704,0.017244021990336478,0.3336563589922707
213,2.372621774673462,21056000,55112704,0.017259601037949324,0.4670685799817704
214,2.3898746967315674,21056000,55112704,0.017256796010769904,0.6136599759385721
215,2.3891043663024902,21056000,55112704,0.016974811966065317,0.40887706783935734
216,2.348900556564331,21056000,55112704,0.0169606150011532,0.5544704603611551
217,2.381549119949341,21056000,55112704,0.016993898956570774,0.31218407876279036
218,2.4065632820129395,21056000,55112704,0.01816526398761198,0.5035990380506906
219,2.3307440280914307,21056000,55112704,0.019606729969382286,0.3608309040553428
220,2.338207721710205,21056000,55112704,0.02085916802752763,0.27366504422933163
221,2.3715710639953613,21056000,55112704,0.0172404550248757,0.3279622629991238
222,2.358978271484375,21056000,55112704,0.017108816013205796,0.3506161122241445
223,2.3892247676849365,21056000,55112704,0.017077956988941878,0.31626491285680736
224,2.3529303073883057,21056000,55112704,0.01700455800164491,0.42558047396336796
225,2.366969108581543,21056000,55112704,0.017110769986175,0.3466461050369931
226,2.371758460998535,21056000,55112704,0.017017602978739887,0.38059156345741174
227,2.358027458190918,21056000,55112704,0.016843263991177082,0.4556038444920667
228,2.3705689907073975,21056000,55112704,0.017035557015333325,0.34159879798096876
229,2.3434484004974365,21056000,55112704,0.017183407035190612,0.30971179152916467
230,2.361646890640259,21056000,55112704,0.017658776021562517,0.39230286737098174
231,2.35136079788208,21056000,55112704,0.017742713971529156,0.35436841107614836
232,2.3589231967926025,21056000,55112704,0.01705092698102817,0.4917303822268697
233,2.3780152797698975,21056000,55112704,0.017304976005107164,0.4042562475375754
234,2.3574488162994385,21056000,55112704,0.017200509028043598,0.39457709195441915
235,2.3603475093841553,21056000,55112704,0.01898531400365755,0.36028096853982045
236,2.331223726272583,21056000,55112704,0.01729164196876809,0.36903358299739303
237,2.3187966346740723,21056000,55112704,0.019901417021173984,0.4026111768055899
238,2.339726209640503,21056000,55112704,0.017561662010848522,0.41405060378447706
239,2.356912612915039,21056000,55112704,0.017113614012487233,0.35587536711133644
240,2.3192601203918457,21056000,55112704,0.01723708800273016,0.35926007359415657
241,2.32328200340271,21056000,55112704,0.017252948018722236,0.3687050478432537
242,2.3184852600097656,21056000,55112704,0.017757341964170337,0.3646855382624369
243,2.305795431137085,21056000,55112704,0.01752036396646872,0.32355920834068364
244,2.3724024295806885,21056000,55112704,0.018394486978650093,0.3222119672440329
245,2.306920051574707,21056000,55112704,0.01832042698515579,0.37429216704239476
246,2.321275234222412,21056000,55112704,0.01820386596955359,0.36437545891231127
247,2.352947235107422,21056000,55112704,0.018714371952228248,0.34960288289947206
248,2.3549017906188965,21056000,55112704,0.021427322004456073,0.45562162283194196
249,2.3144984245300293,21056000,55112704,0.01932742103235796,0.44366163368024747
250,2.370389938354492,21056000,55112704,0.01976000895956531,0.4733970476886616
251,2.2909045219421387,21056000,55112704,0.019578184990677983,0.3407686540093001
252,2.324852705001831,21056000,55112704,0.02087055897573009,0.5674043029705441
253,2.3226494789123535,21056000,55112704,0.01836261700373143,0.48952601730497397
254,2.3193795680999756,21056000,55112704,0.018229604000225663,0.37852131724623594
255,2.270343542098999,21056000,55112704,0.018449299968779087,0.42264031248193745
256,2.3542330265045166,21056000,55112704,0.01874956802930683,0.46305118748188123
257,2.3169281482696533,21056000,55112704,0.01866308500757441,0.46089341465719197
258,2.3451621532440186,21056000,55112704,0.02094412804581225,0.3526749186238924
259,2.330596923828125,21056000,55112704,0.02100571501068771,0.3358170840522113
260,2.350529670715332,21056000,55112704,0.01904239197028801,0.3737704966940564
261,2.323460578918457,21056000,55112704,0.019291603995952755,0.5152297426257375
262,2.303579568862915,21056000,55112704,0.018457736005075276,0.35769740577368303
263,2.3436968326568604,21056000,55112704,0.02061982499435544,0.4472699521833496
264,2.3022899627685547,21056000,55112704,0.02066878799814731,0.5229536279150953
265,2.311208486557007,21056000,55112704,0.01938795595197007,0.3869300954037356
266,2.305154800415039,21056000,55112704,0.018442898988723755,0.5440314711009605
267,2.3764805793762207,21056000,55112704,0.018041178002022207,0.44356060203798936
268,2.3213157653808594,21056000,55112704,0.018579657014925033,0.3582890421677055
269,2.3110687732696533,21056000,55112704,0.02074176596943289,0.5645084575566524
270,2.374004364013672,21056000,55112704,0.018501719983760267,0.4716256875658858
271,2.322396755218506,21056000,55112704,0.01809136400697753,0.56994194734419
272,2.280241012573242,21056000,55112704,0.017906724009662867,0.3900065826470363
273,2.3412632942199707,21056000,55112704,0.01847655203891918,0.4065061864143419
274,2.344789981842041,21056000,55112704,0.018178388010710478,0.38523850455330383
275,2.2545361518859863,21056000,55112704,0.018343970994465053,0.5547933022705891
276,2.32709002494812,21056000,55112704,0.020960800000466406,0.44226491988701594
277,2.2781755924224854,21056000,55112704,0.0187225469853729,0.44534485237873805
278,2.3151438236236572,21056000,55112704,0.018084531009662896,0.5766883321638868
279,2.279709577560425,21056000,55112704,0.01764537999406457,0.3582366390044094
280,2.3302395343780518,21056000,55112704,0.01822997600538656,0.3565298954481531
281,2.2960872650146484,21056000,55112704,0.0173378880135715,0.5195469025569884
282,2.262948751449585,21056000,55112704,0.01746417803224176,0.3771120591473563
283,2.294403076171875,21056000,55112704,0.017342265986371785,0.48895090754391396
284,2.2715632915496826,21056000,55112704,0.01709456800017506,0.3843517045397202
285,2.267237663269043,21056000,55112704,0.017040667007677257,0.3677300364390667
286,2.335275650024414,21056000,55112704,0.018493012990802526,0.3852376079584964
287,2.3155131340026855,21056000,55112704,0.019058973994106054,0.42281066548556145
288,2.305377244949341,21056000,55112704,0.017518890963401645,0.4041497539070802
289,2.2889480590820312,21056000,55112704,0.017982958001084626,0.41824321818799737
290,2.350963830947876,21056000,55112704,0.020619324001017958,0.425191054812444
291,2.3229501247406006,21056000,55112704,0.017797467997297645,0.29761757518526444
292,2.2788567543029785,21056000,55112704,0.017154572007711977,0.5054620450071878
293,2.3246285915374756,21056000,55112704,0.01723218895494938,0.46722197048041436
294,2.2807536125183105,21056000,55112704,0.01708110299659893,0.4436246021346908
295,2.2844417095184326,21056000,55112704,0.01842536497861147,0.3982320552576733
296,2.3204500675201416,21056000,55112704,0.017344070016406476,0.38683148689767727
297,2.296416759490967,21056000,55112704,0.01720210100756958,0.3422665791566768
298,2.301987409591675,21056000,55112704,0.017290728981606662,0.47171545158035105
299,2.265674352645874,21056000,55112704,0.017337878001853824,0.34559343580817603
300,2.2290430068969727,21056000,55112704,0.019303103967104107,0.34899042324023455
301,2.3007431030273438,21056000,55112704,0.018050354963634163,0.4643367028114519
302,2.2639598846435547,21056000,55112704,0.017934074974618852,0.5125811298217401
303,2.2865381240844727,21056000,55112704,0.018116620020009577,0.3541439681249945
304,2.2318148612976074,21056000,55112704,0.017921771970577538,0.5960154207805861
305,2.2637064456939697,21056000,55112704,0.01797453098697588,0.5098713407903557
306,2.2935521602630615,21056000,55112704,0.021400388970505446,0.42758126345198183
307,2.289999008178711,21056000,55112704,0.018870936997700483,0.49465037807958456
308,2.264362096786499,21056000,55112704,0.019199908012524247,0.47327413129918466
309,2.265522003173828,21056000,55112704,0.02121643105056137,0.413248743906417
310,2.271225929260254,21056000,55112704,0.018963109992910177,0.4905462160567031
311,2.2566611766815186,21056000,55112704,0.018503592000342906,0.3137591971421569
312,2.2257540225982666,21056000,55112704,0.018888088990934193,0.3812892543156759
313,2.258171319961548,21056000,55112704,0.018419843050651252,0.36352887465916095
314,2.3114748001098633,21056000,55112704,0.017630751011893153,0.39591245597893526
315,2.217787265777588,21056000,55112704,0.017307900998275727,0.341192188902581
316,2.2649149894714355,21056000,55112704,0.01738740096334368,0.38729661307623575
317,2.2449073791503906,21056000,55112704,0.01732529402943328,0.384552943157609
318,2.306607961654663,21056000,55112704,0.01735699299024418,0.4005660555002707
319,2.2705013751983643,21056000,55112704,0.01812742999754846,0.47436309386495523
320,2.234680652618408,21056000,55112704,0.017656298994552344,0.47457331230624916
321,2.255610466003418,21056000,55112704,0.01733431004686281,0.3728659421673971
322,2.2503504753112793,21056000,55112704,0.017292261007241905,0.3848663804189131
323,2.2532801628112793,21056000,55112704,0.01729305204935372,0.4794308295148689
324,2.2570483684539795,21056000,55112704,0.017251092998776585,0.49757225539925215
325,2.236903667449951,21056000,55112704,0.017406516999471933,0.4029742374339085
326,2.226109743118286,21056000,55112704,0.016976524027995765,0.3654632499001876
327,2.1897177696228027,21056000,55112704,0.017318419995717704,0.39673243030579075
328,2.2550225257873535,21056000,55112704,0.017385087034199387,0.40407169200462495
329,2.261251449584961,21056000,55112704,0.016959781991317868,0.46242423909149605
330,2.2459356784820557,21056000,55112704,0.01789119397290051,0.4243704540928738
331,2.20314359664917,21056000,55112704,0.016995900950860232,0.36152078132902676
332,2.195024251937866,21056000,55112704,0.016960133041720837,0.4848257570046468
333,2.2614290714263916,21056000,55112704,0.017277040984481573,0.3721854526523842
334,2.251767873764038,21056000,55112704,0.01694475399563089,0.39806918486081344
335,2.2402937412261963,21056000,55112704,0.01708201301516965,0.5178665987126755
336,2.2520053386688232,21056000,55112704,0.01719844399485737,0.3920432546124492
337,2.247863292694092,21056000,55112704,0.016969910997431725,0.42236818035085855
338,2.23178768157959,21056000,55112704,0.017299194005317986,0.41682110689849206
339,2.251791477203369,21056000,55112704,0.017134583031293005,0.4176759709255034
340,2.175297260284424,21056000,55112704,0.01774286199361086,0.4058571567460761
341,2.260500192642212,21056000,55112704,0.017324662010651082,0.4399383305490301
342,2.2245516777038574,21056000,55112704,0.01708194299135357,0.41313408832669024
343,2.2311832904815674,21056000,55112704,0.016962155990768224,0.4329842965413587
344,2.211031913757324,21056000,55112704,0.01721342100063339,0.426988038042293
345,2.2401344776153564,21056000,55112704,0.018359649053309113,0.39196195865823635
346,2.2448630332946777,21056000,55112704,0.020938155008479953,0.559150750794926
347,2.2876691818237305,21056000,55112704,0.020991194993257523,0.46623031074731364
348,2.2625999450683594,21056000,55112704,0.019294055993668735,0.4083988023588843
349,2.2251713275909424,21056000,55112704,0.021553999977186322,0.46961268170829223
350,2.2248809337615967,21056000,55112704,0.02161632798379287,0.4644311361871533
351,2.251551866531372,21056000,55112704,0.018597788992337883,0.3904180569981319
352,2.260671854019165,21056000,55112704,0.019364660023711622,0.524427847807591
353,2.1783299446105957,21056000,55112704,0.017591836978681386,0.46592741034426965
354,2.14754581451416,21056000,55112704,0.017497919965535402,0.41209787482425025
355,2.2103798389434814,21056000,55112704,0.017430662002880126,0.4877977305054341
356,2.1965298652648926,21056000,55112704,0.017456591012887657,0.5805617203735911
357,2.1983537673950195,21056000,55112704,0.01714024302782491,0.42285640969004246
358,2.255181312561035,21056000,55112704,0.017427767044864595,0.5447278402905714
359,2.24169659614563,21056000,55112704,0.017016678990330547,0.5267436832256012
360,2.213505744934082,21056000,55112704,0.01784590695751831,0.5052672275294876
361,2.2490227222442627,21056000,55112704,0.017267865012399852,0.5724285667660011
362,2.2312474250793457,21056000,55112704,0.01711072796024382,0.5575499863445441
363,2.213290214538574,21056000,55112704,0.01727300399215892,0.5172492458495416
364,2.258840322494507,21056000,55112704,0.01705121499253437,0.39560425386788384
365,2.2494394779205322,21056000,55112704,0.016991642012726516,0.4300263425762336
366,2.2028703689575195,21056000,55112704,0.017386689025443047,0.5087683074226004
367,2.163212299346924,21056000,55112704,0.016983516979962587,0.42454818164882185
368,2.2494735717773438,21056000,55112704,0.017051054979674518,0.5285243213393278
369,2.2035226821899414,21056000,55112704,0.018683261005207896,0.44475450250599585
370,2.150385618209839,21056000,55112704,0.01819158100988716,0.44247104249830466
371,2.1868720054626465,21056000,55112704,0.019793751009274274,0.36916474431364943
372,2.19288969039917,21056000,55112704,0.02118657500250265,0.4228697691030308
373,2.2347500324249268,21056000,55112704,0.02045144495787099,0.39760646544163813
374,2.208019733428955,21056000,55112704,0.018448196991812438,0.4252696898773006
375,2.241492748260498,21056000,55112704,0.02092692395672202,0.405908083228981
376,2.1814661026000977,21056000,55112704,0.018212491006124765,0.4028958908989251
377,2.174314022064209,21056000,55112704,0.017494102998171,0.3981477208433869
378,2.217947006225586,21056000,55112704,0.017475686967372894,0.44401487732525324
379,2.174386978149414,21056000,55112704,0.017346653970889747,0.4335646342321623
380,2.219912052154541,21056000,55112704,0.01700914598768577,0.48333168092634593
381,2.1795766353607178,21056000,55112704,0.01697008201153949,0.41530244906175506
382,2.1981873512268066,21056000,55112704,0.017212770006153733,0.3687210456306101
383,2.222435712814331,21056000,55112704,0.017133150016888976,0.4445430291113656
384,2.1807730197906494,21056000,55112704,0.01698502997169271,0.4064822218303185
385,2.2478015422821045,21056000,55112704,0.02072636503726244,0.5637886231628887
386,2.244053840637207,21056000,55112704,0.01818448700942099,0.4575059612295833
387,2.242096424102783,21056000,55112704,0.017747491016052663,0.5099179123773945
388,2.176243543624878,21056000,55112704,0.01754397596232593,0.4107490565384697
389,2.2193169593811035,21056000,55112704,0.017328578978776932,0.5368193264475828
390,2.203087329864502,21056000,55112704,0.01785576605470851,0.42142748332711455
391,2.1587250232696533,21056000,55112704,0.017331233015283942,0.43972350603922156
392,2.2019824981689453,21056000,55112704,0.016979919048026204,0.5495751244227812
393,2.1967413425445557,21056000,55112704,0.017134221037849784,0.424704310781704
394,2.1957759857177734,21056000,55112704,0.017230393015779555,0.49652666789574407
395,2.1365342140197754,21056000,55112704,0.01717523898696527,0.542915406281184
396,2.1799216270446777,21056000,55112704,0.017289213952608407,0.7238482125365939
397,2.1737616062164307,21056000,55112704,0.01718389499001205,0.4956779820968988
398,2.1726911067962646,21056000,55112704,0.021231229009572417,0.5297864164197894
399,2.249483108520508,21056000,55112704,0.019218622997868806,0.6744316743544362
400,2.1835274696350098,21056000,55112704,0.0182750080130063,0.4714507107831505
401,2.1952741146087646,21056000,55112704,0.020237158052623272,0.44450615731435034
402,2.211308717727661,21056000,55112704,0.017618266050703824,0.5485269969640628
403,2.1998863220214844,21056000,55112704,0.01688340597320348,0.48403889034741693
404,2.1578125953674316,21056000,55112704,0.01668573298957199,0.6269049769249099
405,2.1561081409454346,21056000,55112704,0.016789128014352173,0.4942684887315162
406,2.170365810394287,21056000,55112704,0.01739680703030899,0.5153177665836598
407,2.183173894882202,21056000,55112704,0.016858188959304243,0.5232818466481497
408,2.1740567684173584,21056000,55112704,0.016522392979823053,0.43288493566910974
409,2.146796941757202,21056000,55112704,0.01663063798332587,0.5250311417429654
410,2.2008683681488037,21056000,55112704,0.016508196014910936,0.4340677536704138
411,2.1478893756866455,21056000,55112704,0.016578499984461814,0.4335014690435349
412,2.145937919616699,21056000,55112704,0.01683144801063463,0.44120987097332953
413,2.1703038215637207,21056000,55112704,0.01666995300911367,0.404935511433149
414,2.1510753631591797,21056000,55112704,0.016765573003794998,0.4293012711969783
415,2.2179832458496094,21056000,55112704,0.01684698701137677,0.4259452465246523
416,2.166105270385742,21056000,55112704,0.016634123981930315,0.4219061587985859
417,2.1354379653930664,21056000,55112704,0.01685919100418687,0.4183769911406656
418,2.1266136169433594,21056000,55112704,0.016628323995973915,0.4373854322642391
419,2.151689291000366,21056000,55112704,0.017153315944597125,0.3979947241825291
420,2.1285295486450195,21056000,55112704,0.017156773013994098,0.5362586608490304
421,2.1674184799194336,21056000,55112704,0.017354797979351133,0.4344182592084856
422,2.144223213195801,21056000,55112704,0.01703466195613146,0.5195555607807286
423,2.1241581439971924,21056000,55112704,0.01734775397926569,0.470278103210182
424,2.192633867263794,21056000,55112704,0.01683733897516504,0.5058873884541265
425,2.17869234085083,21056000,55112704,0.017423256998881698,0.453995786160598
426,2.1536688804626465,21056000,55112704,0.019287992967292666,0.49660222759406025
427,2.1159157752990723,21056000,55112704,0.01802639802917838,0.4326776439972564
428,2.200298309326172,21056000,55112704,0.019530921999830753,0.6943361430694522
429,2.158228874206543,21056000,55112704,0.01712988200597465,0.49548050510006253
430,2.163203001022339,21056000,55112704,0.01717964600538835,0.6886793344525798
431,2.2079808712005615,21056000,55112704,0.016947727999649942,0.5499875414564064
432,2.1429944038391113,21056000,55112704,0.016965691989753395,0.46496908687106725
433,2.2102909088134766,21056000,55112704,0.01667076296871528,0.5998762821689245
434,2.1803534030914307,21056000,55112704,0.016743119980674237,0.4526278160705898
435,2.1903932094573975,21056000,55112704,0.020662322000134736,0.47270553312906755
436,2.1386706829071045,21056000,55112704,0.02035802701720968,0.6604106597010536
437,2.1685659885406494,21056000,55112704,0.01783720002276823,0.42722732347741366
438,2.143840789794922,21056000,55112704,0.019233740051276982,0.578914643553107
439,2.1576716899871826,21056000,55112704,0.018157474987674505,0.7143194169303424
440,2.1712493896484375,21056000,55112704,0.01907970802858472,0.41626383991026933
441,2.132845878601074,21056000,55112704,0.017670743982307613,0.5702597988365965
442,2.1419053077697754,21056000,55112704,0.01725295401411131,0.5423663039070524
443,2.171048879623413,21056000,55112704,0.016907761979382485,0.4112844921407941
444,2.1748526096343994,21056000,55112704,0.016330008977092803,0.5894456661907684
445,2.181227684020996,21056000,55112704,0.017074787989258766,0.42360869686923913
446,2.1830391883850098,21056000,55112704,0.01716417697025463,0.4517577671722502
447,2.1494462490081787,21056000,55112704,0.016967675008345395,0.5397348065356581
448,2.141700506210327,21056000,55112704,0.01761484902817756,0.4983958180939502
449,2.1239559650421143,21056000,55112704,0.017124100995715708,0.43349430581576714
450,2.178466320037842,21056000,55112704,0.016712762997485697,0.45808845726391917
451,2.1767523288726807,21056000,55112704,0.016976863029412925,0.48801762342180255
452,2.157775640487671,21056000,55112704,0.016702724038623273,0.4265133594537452
453,2.1601908206939697,21056000,55112704,0.016780751990154386,0.6224230638057053
454,2.1232173442840576,21056000,55112704,0.016986671020276845,0.4311195439285837
455,2.1369338035583496,21056000,55112704,0.01699406502302736,0.45151620986645075
456,2.147834300994873,21056000,55112704,0.01667977002216503,0.38281941005178416
457,2.1744821071624756,21056000,55112704,0.016919633955694735,0.44717308504353864
458,2.1422533988952637,21056000,55112704,0.016649172001052648,0.46389111098756225
459,2.1250085830688477,21056000,55112704,0.016692776000127196,0.4078839554705879
460,2.1618969440460205,21056000,55112704,0.019235142972320318,0.4528620697054014
461,2.148859739303589,21056000,55112704,0.017045332002453506,0.4776999959428084
462,2.1499032974243164,21056000,55112704,0.016588256985414773,0.4782484973894589
463,2.1316604614257812,21056000,55112704,0.016908092016819865,0.44006090522838603
464,2.119466781616211,21056000,55112704,0.01691489602671936,0.39384058189362586
465,2.179366111755371,21056000,55112704,0.016735927027184516,0.4292640460814141
466,2.1653544902801514,21056000,55112704,0.016726960020605475,0.474585546134309
467,2.0762979984283447,21056000,55112704,0.017006589041557163,0.3899076803040107
468,2.1201717853546143,21056000,55112704,0.01703177602030337,0.4431223222608846
469,2.1885478496551514,21056000,55112704,0.016889977967366576,0.6199633467751026
470,2.084972858428955,21056000,55112704,0.017592848045751452,0.4972193941706108
471,2.1273512840270996,21056000,55112704,0.016870610998012125,0.522909953975344
472,2.139909505844116,21056000,55112704,0.017255910963285714,0.47873152956148696
473,2.1505889892578125,21056000,55112704,0.016597674984950572,0.5976649102450057
474,2.1273579597473145,21056000,55112704,0.016722752014175057,0.5099335969280809
475,2.1366145610809326,21056000,55112704,0.01671409502159804,0.5267135338515723
476,2.1638035774230957,21056000,55112704,0.01702974201180041,0.7011829275949715
477,2.145245313644409,21056000,55112704,0.016725716996006668,0.5337340699025512
478,2.1760478019714355,21056000,55112704,0.01678955799434334,0.6016941616954098
479,2.1132068634033203,21056000,55112704,0.017018061014823616,0.5277687733741706
480,2.1202080249786377,21056000,55112704,0.016863196971826255,0.484598734770453
481,2.1472160816192627,21056000,55112704,0.016702563036233187,0.4465045858925724
482,2.1280770301818848,21056000,55112704,0.01674758899025619,0.6890026088684353
483,2.1239771842956543,21056000,55112704,0.01684542396105826,0.47857059071384334
484,2.100153923034668,21056000,55112704,0.01666258805198595,0.6246614966344922
485,2.1358277797698975,21056000,55112704,0.017426862963475287,0.5315930860906418
486,2.144767999649048,21056000,55112704,0.016873666958417743,0.6016653252079426
487,2.1481621265411377,21056000,55112704,0.016531419998500496,0.4973790118695008
488,2.127399206161499,21056000,55112704,0.016778136021457613,0.5398327368197696
489,2.156083345413208,21056000,55112704,0.016939119959715754,0.6116955128337068
490,2.165591239929199,21056000,55112704,0.016367479984182864,0.6484820238984679
491,2.102545976638794,21056000,55112704,0.016766785003710538,0.5008580147762065
492,2.10793399810791,21056000,55112704,0.017087240994442254,0.4887850031889323
493,2.1383538246154785,21056000,55112704,0.01652049901895225,0.5503886977662059
494,2.1193606853485107,21056000,55112704,0.016975990030914545,0.5694302518467294
495,2.077592611312866,21056000,55112704,0.018275197013281286,0.49804689765487764
496,2.066073179244995,21056000,55112704,0.01754072797484696,0.5567260539450414
497,2.1353282928466797,21056000,55112704,0.016826567996758968,0.63444449927404
498,2.0487165451049805,21056000,55112704,0.016861583979334682,0.4991515888158027
499,2.093249797821045,21056000,55112704,0.01678456802619621,0.5523356056431232
500,2.1246964931488037,21056000,55112704,0.01818175002699718,0.5525666903603867
501,2.1259765625,21056000,55112704,0.017598467005882412,0.5339107995301997
502,2.1350722312927246,21056000,55112704,0.017779469024389982,0.48845412416809186
503,2.1434993743896484,21056000,55112704,0.018788045970723033,0.5292929199572345
504,2.128664493560791,21056000,55112704,0.018995006976183504,0.5948346894921966
505,2.1222989559173584,21056000,55112704,0.018567169026937336,0.595824888380861
506,2.068669080734253,21056000,55112704,0.01818091800669208,0.4493787923115238
507,2.1140034198760986,21056000,55112704,0.017800197994802147,0.5896249409467722
508,2.0577433109283447,21056000,55112704,0.020891322987154126,0.6289453015032372
509,2.1081926822662354,21056000,55112704,0.02025529003003612,0.6534254723562244
510,2.10145902633667,21056000,55112704,0.017436069960240275,0.7083863271755361
511,2.1037251949310303,21056000,55112704,0.018403458991087973,0.4795822905440575
512,2.0911803245544434,21056000,55112704,0.017962654994335026,0.594405088893818
513,2.097752571105957,21056000,55112704,0.01796486903913319,0.5352836407380169
514,2.0782604217529297,21056000,55112704,0.017990487976931036,0.48117047937666063
515,2.085658073425293,21056000,55112704,0.01794277800945565,0.47589184603864637
516,2.099656820297241,21056000,55112704,0.019002650980837643,0.7391802602795466
517,2.047654151916504,21056000,55112704,0.02052876795642078,0.4879056283982086
518,2.0745654106140137,21056000,55112704,0.019166061014402658,0.4599443456910589
519,2.125430107116699,21056000,55112704,0.018397256964817643,0.6140840246695395
520,2.0962400436401367,21056000,55112704,0.019344898988492787,0.5895608891422937
521,2.097700834274292,21056000,55112704,0.018118178995791823,0.4911631255824791
522,2.1316726207733154,21056000,55112704,0.01793935103341937,0.6551153411863331
523,2.139166831970215,21056000,55112704,0.01792408199980855,0.7270807848795449
524,2.0539872646331787,21056000,55112704,0.018172131036408246,0.4197997251684142
525,2.095918655395508,21056000,55112704,0.018754573015030473,0.722519293619021
526,2.0590550899505615,21056000,55112704,0.01821665494935587,0.7003030975622618
527,2.0102531909942627,21056000,55112704,0.018347623001318425,0.4205312687130374
528,2.1460299491882324,21056000,55112704,0.01827322196913883,0.6351399980211581
529,2.099571943283081,21056000,55112704,0.01795035199029371,0.6827797881675565
530,2.118110179901123,21056000,55112704,0.019775032007601112,0.5011805042842653
531,2.1015233993530273,21056000,55112704,0.020787235989701003,0.7063133009085175
532,2.0596914291381836,21056000,55112704,0.018247202970087528,0.794192837838909
533,2.079641819000244,21056000,55112704,0.018933309998828918,0.4576015179689358
534,2.089057445526123,21056000,55112704,0.01904169499175623,0.6224384025590534
535,2.12357759475708,21056000,55112704,0.019376598007511348,0.785076600680551
536,2.1291701793670654,21056000,55112704,0.01826269197044894,0.45662452242187423
537,2.090043783187866,21056000,55112704,0.018494440999347717,0.7513427898953542
538,2.110013484954834,21056000,55112704,0.01886556198587641,0.7077619961271847
539,2.0365235805511475,21056000,55112704,0.01770803303224966,0.5106469991721305
540,2.1285107135772705,21056000,55112704,0.017422423989046365,0.761655322071017
541,2.122725486755371,21056000,55112704,0.017782994953449816,0.7004496803836334
542,2.062063455581665,21056000,55112704,0.018171008967328817,0.5048562165485424
543,2.0719332695007324,21056000,55112704,0.01815648202318698,0.6664680909635726
544,2.111402750015259,21056000,55112704,0.0174729090067558,0.6786487697473419
545,2.0342211723327637,21056000,55112704,0.016819823998957872,0.4221025704455285
546,2.123518943786621,21056000,55112704,0.016565082012675703,0.6730751608879262
547,2.061007261276245,21056000,55112704,0.01673460303572938,0.6048655735551669
548,2.0692315101623535,21056000,55112704,0.016653199039865285,0.44237925455796673
549,2.0839345455169678,21056000,55112704,0.016698764986358583,0.48778837461385643
550,2.1474199295043945,21056000,55112704,0.017361086967866868,0.5212102728972
551,2.1211812496185303,21056000,55112704,0.01644650800153613,0.48821774043995814
552,2.083036184310913,21056000,55112704,0.016711589007172734,0.46986657342934235
553,2.039769411087036,21056000,55112704,0.016803582955617458,0.4707033927609607
554,2.039874792098999,21056000,55112704,0.016647818963974714,0.5577758075163355
555,2.059222936630249,21056000,55112704,0.01667277602246031,0.4369445460872655
556,2.074788808822632,21056000,55112704,0.018134048965293914,0.4813204322654799
557,2.0270583629608154,21056000,55112704,0.01796314603416249,0.4790721075790732
558,2.019577741622925,21056000,55112704,0.01720981195103377,0.5005848094194894
559,2.0305349826812744,21056000,55112704,0.016723531996831298,0.4718450135728471
560,2.068321943283081,21056000,55112704,0.020808896981179714,0.40408564843446765
561,2.129197359085083,21056000,55112704,0.017219891014974564,0.5130949027679852
562,2.0963168144226074,21056000,55112704,0.016695389000233263,0.4749928071933268
563,2.0309178829193115,21056000,55112704,0.017054177005775273,0.44706058391831716
564,2.081045627593994,21056000,55112704,0.01830434100702405,0.4948714503971539
565,2.045421838760376,21056000,55112704,0.018040543014649302,0.48253896904537963
566,2.0559890270233154,21056000,55112704,0.01713715400546789,0.56076961203065
567,2.129333734512329,21056000,55112704,0.01946999499341473,0.45271465402694105
568,2.111341714859009,21056000,55112704,0.017060439044144005,0.5023665290730334
569,2.0437426567077637,21056000,55112704,0.01694254600442946,0.4878544414703655
570,2.0942485332489014,21056000,55112704,0.01689969503786415,0.49912142649593816
571,2.0953547954559326,21056000,55112704,0.017013409989885986,0.4864839711086741
572,2.0721051692962646,21056000,55112704,0.01706195203587413,0.47517613454424273
573,2.064242362976074,21056000,55112704,0.016759900958277285,0.7313711735856667
574,2.0477943420410156,21056000,55112704,0.016621579008642584,0.49218400853319844
575,2.11049485206604,21056000,55112704,0.017329027003142983,0.6909982428341851
576,2.0249569416046143,21056000,55112704,0.016816316987387836,0.7604068641978989
577,2.0288844108581543,21056000,55112704,0.016693444980774075,0.5950195348005508
578,2.004866600036621,21056000,55112704,0.01690595701802522,0.8549132961273622
579,2.062199354171753,21056000,55112704,0.01650553004583344,0.5252897830698725
580,2.124545097351074,21056000,55112704,0.01735881296917796,0.5474600331566581
581,2.107072114944458,21056000,55112704,0.017098741023801267,0.5221829325990797
582,2.0640311241149902,21056000,55112704,0.016272467968519777,0.5006907313874513
583,2.02335262298584,21056000,55112704,0.016768847010098398,0.6164664294595211
584,2.0611393451690674,21056000,55112704,0.017173462954815477,0.6008903886166839
585,2.0315494537353516,21056000,55112704,0.016359162982553244,0.504649859235711
586,2.015000104904175,21056000,55112704,0.016703504021279514,0.45942257967728584
587,2.057075023651123,21056000,55112704,0.01693147496553138,0.48098805618398544
588,2.0454673767089844,21056000,55112704,0.01671793102286756,0.5837833660529166
589,2.0510265827178955,21056000,55112704,0.01684162503806874,0.5942740779341624
590,2.0089266300201416,21056000,55112704,0.017429216008167714,0.6447689870096037
591,2.0226659774780273,21056000,55112704,0.01680678903358057,0.6199523707046818
592,2.075601816177368,21056000,55112704,0.017132184002548456,0.6807395571095886
593,2.1006178855895996,21056000,55112704,0.016999733983539045,0.5681659643331983
594,2.075202465057373,21056000,55112704,0.016714875993784517,0.6348110109274887
595,2.0052316188812256,21056000,55112704,0.01748958003008738,0.5449676067809421
596,2.089139699935913,21056000,55112704,0.01753362303134054,0.58249244852188
597,2.0555496215820312,21056000,55112704,0.0191154140047729,0.5950052826585206
598,2.054370641708374,21056000,55112704,0.01786459900904447,0.4746183112242574
599,2.0671896934509277,21056000,55112704,0.018170798022765666,0.5591640460148105
600,2.0699961185455322,21056000,55112704,0.018267620005644858,0.5068397112480901
601,2.0179519653320312,21056000,55112704,0.017690017994027585,0.5151353452354014
602,2.025123357772827,21056000,55112704,0.016828348976559937,0.47406756868113364
603,2.061744213104248,21056000,55112704,0.019847136980388314,0.5218620646271162
604,2.029337167739868,21056000,55112704,0.016894473985303193,0.4888137910575853
605,2.0168914794921875,21056000,55112704,0.01656609302153811,0.5309844858976231
606,2.091615915298462,21056000,55112704,0.016817037016153336,0.6447581084261069
607,2.0350918769836426,21056000,55112704,0.017257509985938668,0.49440523550768595
608,2.087847948074341,21056000,55112704,0.01734779099933803,0.4761975769168202
609,2.1168289184570312,21056000,55112704,0.01689509500283748,0.5321560559522063
610,2.0416133403778076,21056000,55112704,0.016781940998043865,0.484383214717441
611,2.0443930625915527,21056000,55112704,0.016948155011050403,0.4867390326482853
612,2.0128676891326904,21056000,55112704,0.016739782004151493,0.5559566157992935
613,2.083035469055176,21056000,55112704,0.01665647403569892,0.5122084072439625
614,2.0186028480529785,21056000,55112704,0.01672153704566881,0.5244957244323009
615,2.033430814743042,21056000,55112704,0.016840090975165367,0.5584446865538949
616,2.0507874488830566,21056000,55112704,0.016332620987668633,0.5473401905695976
617,2.0262482166290283,21056000,55112704,0.016586531011853367,0.48068904157629855
618,2.0784966945648193,21056000,55112704,0.01696891395840794,0.5327243008635157
619,2.116726875305176,21056000,55112704,0.01681245898362249,0.5473584053117899
620,2.029618740081787,21056000,55112704,0.016760480008088052,0.5027842959495337
621,1.99846351146698,21056000,55112704,0.01698977401247248,0.5910460198241938
622,2.0218265056610107,21056000,55112704,0.016789004032034427,0.5247235511591113
623,1.9613479375839233,21056000,55112704,0.01635651697870344,0.5305525190453154
624,2.0073611736297607,21056000,55112704,0.016939177992753685,0.5685509814672661
625,2.0230226516723633,21056000,55112704,0.016605586977675557,0.5461444780630454
626,2.0033843517303467,21056000,55112704,0.01659481698879972,0.4867051815709567
627,2.0133254528045654,21056000,55112704,0.0168107760255225,0.5557533350468272
628,2.034646511077881,21056000,55112704,0.016334435029421,0.5162560312504145
629,2.0041708946228027,21056000,55112704,0.017773526022210717,0.4373460441575548
630,2.052974224090576,21056000,55112704,0.018638251000083983,0.5562479619856926
631,2.1113972663879395,21056000,55112704,0.017048355017323047,0.5387175409947723
632,2.0083255767822266,21056000,55112704,0.01715232100104913,0.4645977797468455
633,1.946270227432251,21056000,55112704,0.016660821973346174,0.6230258028251956
634,2.0266315937042236,21056000,55112704,0.016609695041552186,0.4656974507222943
635,2.0173819065093994,21056000,55112704,0.017065836989786476,0.4949636501456852
636,2.0227222442626953,21056000,55112704,0.016843127028550953,0.5053248937409618
637,2.0262484550476074,21056000,55112704,0.017354302981402725,0.5743393010698062
638,2.0103025436401367,21056000,55112704,0.018960318993777037,0.5009865402167223
639,2.0341992378234863,21056000,55112704,0.017065486987121403,0.5151882750069976
640,2.0030012130737305,21056000,55112704,0.016884173965081573,0.4986607723915445
641,2.0198187828063965,21056000,55112704,0.016937715001404285,0.5089999607864519
642,2.020441770553589,21056000,55112704,0.016528842970728874,0.5187819753462084
643,2.0732579231262207,21056000,55112704,0.016812479007057846,0.6636418147592965
644,2.0473501682281494,21056000,55112704,0.01699143700534478,0.5192308593139159
645,1.9900603294372559,21056000,55112704,0.017316862009465694,0.505209227842271
646,2.0365986824035645,21056000,55112704,0.017191624967381358,0.577329518329195
647,2.069295644760132,21056000,55112704,0.01685365696903318,0.5582016320252199
648,2.0616838932037354,21056000,55112704,0.01684393803589046,0.5804058423136849
649,2.0543508529663086,21056000,55112704,0.016701587999705225,0.6179162406825865
650,2.011234998703003,21056000,55112704,0.016955099010374397,0.536487391739609
651,1.9881517887115479,21056000,55112704,0.0167741360492073,0.6666397823822237
652,2.0150156021118164,21056000,55112704,0.016813850961625576,0.6083520032792111
653,1.9726498126983643,21056000,55112704,0.016843918012455106,0.45954410679020363
654,2.0567574501037598,21056000,55112704,0.016796128009445965,0.5132306391106448
655,2.0113680362701416,21056000,55112704,0.016773404029663652,0.55492191348391
656,2.0125739574432373,21056000,55112704,0.016842255019582808,0.553841388553642
657,2.0269036293029785,21056000,55112704,0.016574637964367867,0.5683732039798632
658,2.0142664909362793,21056000,55112704,0.017236300045624375,0.5325129339510609
659,1.9896118640899658,21056000,55112704,0.01771489402744919,0.4880828222709791
660,2.043168306350708,21056000,55112704,0.01769784197676927,0.6767934339064854
661,2.014627456665039,21056000,55112704,0.01665307697840035,0.5121012837183611
662,2.0479507446289062,21056000,55112704,0.01645343902055174,0.5748860568963815
663,1.9883731603622437,21056000,55112704,0.016572855005506426,0.6234112918316093
664,1.988600254058838,21056000,55112704,0.01677772297989577,0.5937564168391359
665,2.0512657165527344,21056000,55112704,0.016861250973306596,0.5833728100969496
666,2.0081095695495605,21056000,55112704,0.016791919013485312,0.5935385214722092
667,1.9970731735229492,21056000,55112704,0.016961268964223564,0.6505433985410181
668,2.0127785205841064,21056000,55112704,0.016823139041662216,0.7589452304189636
669,1.98554527759552,21056000,55112704,0.01760960603132844,0.6738600403502698
670,1.9610826969146729,21056000,55112704,0.017144545970950276,0.5535936577110194
671,1.964908242225647,21056000,55112704,0.016768154979217798,0.6819150900835151
672,2.037330150604248,21056000,55112704,0.01686064002569765,0.7942240742587477
673,1.9664769172668457,21056000,55112704,0.019072552036959678,0.6612283575863799
674,2.0105907917022705,21056000,55112704,0.017825523973442614,0.7320550257150622
675,1.9634884595870972,21056000,55112704,0.018812439986504614,0.7027538265156922
676,2.005512237548828,21056000,55112704,0.016824009944684803,0.5659738541263593
677,2.0649869441986084,21056000,55112704,0.01677169097820297,0.7417030033409922
678,2.030256509780884,21056000,55112704,0.016795114963315427,0.6900387332007081
679,1.9871962070465088,21056000,55112704,0.01682236703345552,0.5069363011459715
680,2.0666675567626953,21056000,55112704,0.01652704901061952,0.5829081369074922
681,1.9722225666046143,21056000,55112704,0.016704714973457158,0.6882290704904968
682,2.0037052631378174,21056000,55112704,0.01742902403930202,0.5180978401807043
683,2.01279354095459,21056000,55112704,0.017374731018207967,0.624746738079968
684,1.951424479484558,21056000,55112704,0.01746847905451432,0.5064743601739216
685,2.024366855621338,21056000,55112704,0.016748697962611914,0.505198171024042
686,1.987177848815918,21056000,55112704,0.01666625204961747,0.527812252069157
687,1.9818145036697388,21056000,55112704,0.017473557963967323,0.6017567014611894
688,1.9842675924301147,21056000,55112704,0.017259103013202548,0.6070175913875687
689,2.0098910331726074,21056000,55112704,0.016830592998303473,0.5931170520628902
690,2.0202455520629883,21056000,55112704,0.017773415020201355,0.5282042867278517
691,1.9386811256408691,21056000,55112704,0.016622508992441,0.7557452500671529
692,1.9706604480743408,21056000,55112704,0.016750290000345558,0.49724295246967476
693,2.013110876083374,21056000,55112704,0.016759418009314686,0.6750201840363702
694,1.9786148071289062,21056000,55112704,0.016782111022621393,0.6680706353024779
695,1.9572603702545166,21056000,55112704,0.01650972501374781,0.6029828656305192
696,2.0140585899353027,21056000,55112704,0.01679510495159775,0.6469312830170351
697,1.9554049968719482,21056000,55112704,0.016455181990750134,0.5273540741201816
698,2.0013434886932373,21056000,55112704,0.016820652992464602,0.6576733191421705
699,1.989564299583435,21056000,55112704,0.017028557020239532,0.5391593528895028
700,1.9904611110687256,21056000,55112704,0.01883188501233235,0.5024986566020293
701,2.0240163803100586,21056000,55112704,0.018196102988440543,0.5497361709338291
702,1.978287935256958,21056000,55112704,0.017818338004872203,0.558899198001982
703,1.992543339729309,21056000,55112704,0.017929387977346778,0.5380190979289624
704,1.981389045715332,21056000,55112704,0.018402613000944257,0.5832173687250303
705,1.9749665260314941,21056000,55112704,0.017887439986225218,0.5142832557213272
706,1.9698938131332397,21056000,55112704,0.017733949003741145,0.5598200309924091
707,1.9903507232666016,21056000,55112704,0.017987539002206177,0.5369017262140776
708,1.9814765453338623,21056000,55112704,0.01854369096690789,0.545392953595305
709,1.9652509689331055,21056000,55112704,0.017807419004384428,0.44939991371150284
710,1.9829374551773071,21056000,55112704,0.02126977499574423,0.6008481244317232
711,1.9601129293441772,21056000,55112704,0.018396832048892975,0.4999041839270756
712,1.9851560592651367,21056000,55112704,0.017948224034626037,0.5176589611419223
713,1.9575549364089966,21056000,55112704,0.017732776992488652,0.5442423674638102
714,2.0253372192382812,21056000,55112704,0.01746641402132809,0.6062301691172096
715,1.978236436843872,21056000,55112704,0.017569689021911472,0.5592775611536585
716,1.9728461503982544,21056000,55112704,0.017739088973030448,0.5442057178035581
717,1.99039626121521,21056000,55112704,0.017852272954769433,0.5118156756254438
718,1.9890352487564087,21056000,55112704,0.017696438007988036,0.5332078046809497
719,1.9491143226623535,21056000,55112704,0.017339933954644948,0.5097205642020849
720,1.9543018341064453,21056000,55112704,0.017487563018221408,0.5382717743063116
721,1.9541800022125244,21056000,55112704,0.017688152031041682,0.6000763009540788
722,1.971764087677002,21056000,55112704,0.017499465961009264,0.5571118165826873
723,1.9573708772659302,21056000,55112704,0.017712799017317593,0.5380906859734005
724,1.94846510887146,21056000,55112704,0.018271285051014274,0.5696213142003265
725,1.9406028985977173,21056000,55112704,0.01890727796126157,0.6161848638482081
726,1.9681168794631958,21056000,55112704,0.017939368030056357,0.5488058407360059
727,2.0285098552703857,21056000,55112704,0.017593073018360883,0.5931728630453057
728,2.0084152221679688,21056000,55112704,0.017439312010537833,0.6409510134556444
729,1.9649851322174072,21056000,55112704,0.01760189002379775,0.5350922297896699
730,1.9707053899765015,21056000,55112704,0.01743633602745831,0.5793393409221824
731,1.944699764251709,21056000,55112704,0.0174899980193004,0.5363791487459046
732,1.9404432773590088,21056000,55112704,0.018410107993986458,0.6143410023831668
733,2.0094892978668213,21056000,55112704,0.01939213403966278,0.5898835940632455
734,1.9666188955307007,21056000,55112704,0.02136697800597176,0.5221217155225826
735,2.015662908554077,21056000,55112704,0.021010113006923348,0.5587743505185292
736,1.9807486534118652,21056000,55112704,0.01873090403387323,0.5117983005759333
737,1.9865086078643799,21056000,55112704,0.019115912029519677,0.6099400934377437
738,1.9795228242874146,21056000,55112704,0.01873420097399503,0.5700743950599851
739,1.9815982580184937,21056000,55112704,0.020636066037695855,0.5408061032927844
740,1.9658045768737793,21056000,55112704,0.0209956860053353,0.6381627577443635
741,2.0021541118621826,21056000,55112704,0.018389228032901883,0.5298033245397686
742,1.9865385293960571,21056000,55112704,0.01904759299941361,0.5532539135249216
743,1.9242392778396606,21056000,55112704,0.01872482302132994,0.48282072534740506
744,2.01251482963562,21056000,55112704,0.02074622397776693,0.5618978857442081
745,1.9884365797042847,21056000,55112704,0.02113810501759872,0.5021002292333613
746,1.983696460723877,21056000,55112704,0.018912396975792944,0.6379354229098827
747,1.939721941947937,21056000,55112704,0.018860468990169466,0.4860961107677644
748,2.02132248878479,21056000,55112704,0.01804644998628646,0.6261484495525073
749,1.964593529701233,21056000,55112704,0.02010198700008914,0.5957217405160691
750,1.9898730516433716,21056000,55112704,0.020442459965124726,0.5274248284633732
751,1.931216835975647,21056000,55112704,0.01821075100451708,0.5775366956122426
752,1.9839571714401245,21056000,55112704,0.021350798022467643,0.5422102182533571
753,1.9712097644805908,21056000,55112704,0.018419496016576886,0.5659751213506307
754,1.9757421016693115,21056000,55112704,0.018356045009568334,0.5098354346865072
755,1.9720633029937744,21056000,55112704,0.019410098029766232,0.5050842303373362
756,2.0170822143554688,21056000,55112704,0.018087027012370527,0.6828506829870398
757,2.003450393676758,21056000,55112704,0.01812132098712027,0.5836489686404251
758,1.9376037120819092,21056000,55112704,0.017704792961012572,0.595384016049932
759,1.95553719997406,21056000,55112704,0.01757310499669984,0.5733482281837687
760,1.936072587966919,21056000,55112704,0.018062129034660757,0.5028630486439569
761,1.995588779449463,21056000,55112704,0.017582222004421055,0.55062470581085
762,1.9591045379638672,21056000,55112704,0.01765894697746262,0.6512092972575811
763,1.918479561805725,21056000,55112704,0.017432498978450894,0.6242276402028157
764,1.968334436416626,21056000,55112704,0.017508592980448157,0.5326298364349006
765,1.957790493965149,21056000,55112704,0.017561482964083552,0.5499868941887105
766,1.9356589317321777,21056000,55112704,0.017460061004385352,0.5349583097801289
767,2.05777907371521,21056000,55112704,0.017461603973060846,0.5324064487068915
768,1.9335393905639648,21056000,55112704,0.017524732975289226,0.6079613686178699
769,1.9662941694259644,21056000,55112704,0.01751612703083083,0.5911926931198707
770,1.930354118347168,21056000,55112704,0.018039505986962467,0.6140456935050721
771,1.9381847381591797,21056000,55112704,0.017680879042018205,0.4985202391106817
772,1.98922598361969,21056000,55112704,0.016830018954351544,0.5422470596928606
773,1.9060099124908447,21056000,55112704,0.016513973008841276,0.5460325478979516
774,1.9237937927246094,21056000,55112704,0.016554228961467743,0.5290330781129762
775,2.036714792251587,21056000,55112704,0.01674664200982079,0.5662065588927623
776,1.9448506832122803,21056000,55112704,0.017318572965450585,0.537239909051214
777,1.96049964427948,21056000,55112704,0.01808529399568215,0.5455864345804265
778,1.978115200996399,21056000,55112704,0.016795043018646538,0.5280066703798463
779,1.925567865371704,21056000,55112704,0.01677280099829659,0.644163212974424
780,1.8946830034255981,21056000,55112704,0.017258890031371266,0.5579703009813369
781,1.9386006593704224,21056000,55112704,0.016606377030257136,0.5420307716766812
782,2.0089991092681885,21056000,55112704,0.016673333011567593,0.5378548210559404
783,1.99404776096344,21056000,55112704,0.017053080955520272,0.5558307265628475
784,1.9501004219055176,21056000,55112704,0.016633216990157962,0.6169816925033358
785,1.9277008771896362,21056000,55112704,0.01796682900749147,0.6544133167408592
786,1.975050687789917,21056000,55112704,0.019070194975938648,0.5768290645514015
787,1.9656530618667603,21056000,55112704,0.017709642997942865,0.6278060171837809
788,1.9615010023117065,21056000,55112704,0.017708211031276733,0.576126223957733
789,1.9924753904342651,21056000,55112704,0.01790115499170497,0.5530120111248652
790,1.897503137588501,21056000,55112704,0.01758417603559792,0.6890784895728692
791,1.9457515478134155,21056000,55112704,0.017077367985621095,0.5870327385294914
792,1.9330847263336182,21056000,55112704,0.016922895971219987,0.5649889390833497
793,1.9268792867660522,21056000,55112704,0.01658965600654483,0.6761081538729954
794,1.953763484954834,21056000,55112704,0.016741031024139374,0.6270729900469942
795,1.9563933610916138,21056000,55112704,0.016865205951035023,0.5548286516015881
796,1.9445315599441528,21056000,55112704,0.01683746400522068,0.6616882320396522
797,1.9895352125167847,21056000,55112704,0.016951008001342416,0.616961263122797
798,1.9584816694259644,21056000,55112704,0.01751905301352963,0.6764786097655741
799,1.889447808265686,21056000,55112704,0.016599744034465402,0.6060818382558665
800,1.9613028764724731,21056000,55112704,0.018623839947395027,0.5860168195471812
801,1.940870761871338,21056000,55112704,0.017806624993681908,0.5669859673929426
802,1.9967659711837769,21056000,55112704,0.017833797028288245,0.6146540202730524
803,1.940221905708313,21056000,55112704,0.017880253959447145,0.6476516857490313
804,1.9093515872955322,21056000,55112704,0.017535142018459737,0.577651594609362
805,1.9464037418365479,21056000,55112704,0.018548968015238643,0.5747858017393118
806,1.971301794052124,21056000,55112704,0.017634960007853806,0.5947316684258059
807,1.9345448017120361,21056000,55112704,0.017635281023103744,0.656460940962613
808,1.927359938621521,21056000,55112704,0.01766688999487087,0.6588298880337315
809,1.9309427738189697,21056000,55112704,0.017703338991850615,0.5882114667539007
810,1.9419422149658203,21056000,55112704,0.017849005002062768,0.5899996606899156
811,1.9638152122497559,21056000,55112704,0.01779382099630311,0.5736073200160794
812,1.959937334060669,21056000,55112704,0.017562292981892824,0.5743708982393003
813,1.9527208805084229,21056000,55112704,0.017503301962278783,0.6684734131398865
814,1.9634966850280762,21056000,55112704,0.017572342010680586,0.5741486681471499
815,1.9084278345108032,21056000,55112704,0.01743049401557073,0.5772291236145026
816,1.9763383865356445,21056000,55112704,0.017460169969126582,0.6202419669145259
817,2.000108003616333,21056000,55112704,0.01919892698060721,0.5963854965443801
818,1.9149539470672607,21056000,55112704,0.01851955201709643,0.5891791490330804
819,1.9376829862594604,21056000,55112704,0.019446204009000212,0.5449841362389021
820,1.9057871103286743,21056000,55112704,0.021258219960145652,0.569052265808999
821,1.9564357995986938,21056000,55112704,0.02004332304932177,0.5557493049745018
822,1.9327911138534546,21056000,55112704,0.01978783099912107,0.5732140925950311
823,1.935555338859558,21056000,55112704,0.019036390003748238,0.5855985055422688
824,1.9318068027496338,21056000,55112704,0.01990245800698176,0.5789151104077246
825,1.9438554048538208,21056000,55112704,0.018058300018310547,0.5285708506675489
826,1.9020535945892334,21056000,55112704,0.017938703997060657,0.5638378598331923
827,1.9434828758239746,21056000,55112704,0.017958401993382722,0.6525049131643603
828,1.964274525642395,21056000,55112704,0.017750950006302446,0.6269922942058778
829,1.8911726474761963,21056000,55112704,0.01772599300602451,0.647460053920098
830,1.9943535327911377,21056000,55112704,0.017755018023308367,0.6022764004857706
831,1.9492356777191162,21056000,55112704,0.017460078990552574,0.552765066294721
832,1.943806767463684,21056000,55112704,0.017577341001015157,0.5902408187067025
833,1.9471914768218994,21056000,55112704,0.017567924049217254,0.5493115599405236
834,1.8587948083877563,21056000,55112704,0.018486930988729,0.5633182591604496
835,1.9371657371520996,21056000,55112704,0.018363857991062105,0.5475455972273866
836,1.9492428302764893,21056000,55112704,0.017539088963530958,0.5364286979464788
837,1.913161277770996,21056000,55112704,0.017911784001626074,0.5462963461070706
838,1.8829268217086792,21056000,55112704,0.018062368035316467,0.5841865082395387
839,1.8861784934997559,21056000,55112704,0.017558937019202858,0.5729858248211291
840,1.8846205472946167,21056000,55112704,0.017792438040487468,0.6009250865748479
841,1.9441726207733154,21056000,55112704,0.017754987988155335,0.5263778344171357
842,2.020744800567627,21056000,55112704,0.017499434005003422,0.6278489368607438
843,1.8965752124786377,21056000,55112704,0.017672190035227686,0.539771255468124
844,1.9126560688018799,21056000,55112704,0.01752038300037384,0.5784098135780679
845,1.8824610710144043,21056000,55112704,0.019627296016551554,0.6560979630868391
846,1.9510517120361328,21056000,55112704,0.01933751901378855,0.5526106742669885
847,1.8891550302505493,21056000,55112704,0.018957680964376777,0.5783696674427654
848,1.9032140970230103,21056000,55112704,0.020220247970428318,0.5485947744271693
849,1.9228730201721191,21056000,55112704,0.018640712019987404,0.6037141011063362
850,1.9249078035354614,21056000,55112704,0.020176324993371964,0.5835961629575481
851,1.9392377138137817,21056000,55112704,0.018504633975680918,0.5779201212223118
852,1.9450013637542725,21056000,55112704,0.018135377031285316,0.5496475175216802
853,1.967440128326416,21056000,55112704,0.01776605803752318,0.5597453891245725
854,1.9285670518875122,21056000,55112704,0.0179895400069654,0.5994849381563249
855,1.9699461460113525,21056000,55112704,0.020281032018829137,0.5867357105211679
856,1.8923145532608032,21056000,55112704,0.018266334023792297,0.5001113578741045
857,1.9246639013290405,21056000,55112704,0.01797986205201596,0.5100685101661131
858,1.8657140731811523,21056000,55112704,0.018174960976466537,0.5996714974289179
859,2.0018203258514404,21056000,55112704,0.017700904980301857,0.6302676179998691
860,1.9459894895553589,21056000,55112704,0.017959643038921058,0.6130170775846668
861,1.9874954223632812,21056000,55112704,0.018259942007716745,0.6833603778307005
862,1.9094715118408203,21056000,55112704,0.017586147994734347,0.5934264668873735
863,1.897793173789978,21056000,55112704,0.017597960017155856,0.6528235934826031
864,1.8450818061828613,21056000,55112704,0.01782336604082957,0.5995419243763779
865,1.9209250211715698,21056000,55112704,0.018786107015330344,0.6340309085026834
866,1.8893183469772339,21056000,55112704,0.01758546696510166,0.5846396778321894
867,1.902945876121521,21056000,55112704,0.017566631024237722,0.581146244547519
868,1.9148820638656616,21056000,55112704,0.0176380259799771,0.5688677858724966
869,1.9428788423538208,21056000,55112704,0.017492330982349813,0.5177297932813119
870,1.9455941915512085,21056000,55112704,0.017399795004166663,0.5804496252521412
871,1.8738912343978882,21056000,55112704,0.01765779295237735,0.6386113678769952
872,1.9172831773757935,21056000,55112704,0.017465629964135587,0.5437228305122476
873,1.8630400896072388,21056000,55112704,0.017521093948744237,0.5348503361218784
874,1.9369205236434937,21056000,55112704,0.017535320948809385,0.5828887830649939
875,1.877152442932129,21056000,55112704,0.0174283089581877,0.5420927612717993
876,1.933896541595459,21056000,55112704,0.017697117989882827,0.6341375780344475
877,1.8315558433532715,21056000,55112704,0.017860485997516662,0.5579835732351675
878,1.9629580974578857,21056000,55112704,0.01765331404749304,0.6120619030337056
879,1.8693616390228271,21056000,55112704,0.02030913601629436,0.523204315719747
880,1.9112859964370728,21056000,55112704,0.01962511200690642,0.6064923203023672
881,1.9356836080551147,21056000,55112704,0.020687912008725107,0.6086218149781857
882,1.9374750852584839,21056000,55112704,0.02094509801827371,0.6452253930731028
883,1.8939790725708008,21056000,55112704,0.018816013005562127,0.5432431542948463
884,1.908659815788269,21056000,55112704,0.018777459976263344,0.6735422668530046
885,1.9324315786361694,21056000,55112704,0.01882532995659858,0.7436008654617239
886,1.9000604152679443,21056000,55112704,0.020975465013179928,0.6024241310846937
887,1.9608526229858398,21056000,55112704,0.02110439899843186,0.6895036458420714
888,1.9119620323181152,21056000,55112704,0.01937356701819226,0.643641662934074
889,1.9583699703216553,21056000,55112704,0.019074201001785696,0.6184009554471587
890,1.9434257745742798,21056000,55112704,0.019089179986622185,0.5820895570358284
891,1.8827354907989502,21056000,55112704,0.02112539898371324,0.6412123318082615
892,1.893174171447754,21056000,55112704,0.021080934966448694,0.6874989089811961
893,1.9055910110473633,21056000,55112704,0.01907071500318125,0.6432242999699831
894,1.9214258193969727,21056000,55112704,0.01965440798085183,0.5954633496294275
895,1.889471173286438,21056000,55112704,0.020768863963894546,0.725613950410271
896,1.945685863494873,21056000,55112704,0.019713208021130413,0.7541394387081616
897,1.8750386238098145,21056000,55112704,0.018856519018299878,0.5722194923812661
898,1.8774762153625488,21056000,55112704,0.018748344969935715,0.6564765244619775
899,1.8499125242233276,21056000,55112704,0.01849291200051084,0.6428262289537996
900,1.8379275798797607,21056000,55112704,0.01871667301747948,0.6126379652379489
901,1.9077587127685547,21056000,55112704,0.016996873018797487,0.8372170990118917
902,1.9389270544052124,21056000,55112704,0.016835967951919883,0.547505795155339
903,1.8859041929244995,21056000,55112704,0.01689521997468546,0.6339693520490216
904,1.9298397302627563,21056000,55112704,0.016715410980395973,0.7037283304828662
905,1.9066946506500244,21056000,55112704,0.016734727018047124,0.6793731915220201
906,1.9665344953536987,21056000,55112704,0.01824470196152106,0.538331041759593
907,1.9519065618515015,21056000,55112704,0.017543124966323376,0.6650743039776513
908,1.9279298782348633,21056000,55112704,0.017785814008675516,0.5903949076588224
909,1.9061121940612793,21056000,55112704,0.01778863900108263,0.5208910805911169
910,1.8769968748092651,21056000,55112704,0.017777628963813186,0.6021505778807682
911,1.93556547164917,21056000,55112704,0.0175938910106197,0.5736938196382488
912,1.86326265335083,21056000,55112704,0.017804979986976832,0.4999309383964589
913,1.9206534624099731,21056000,55112704,0.01749942300375551,0.5336321670223746
914,1.902794361114502,21056000,55112704,0.017582469037733972,0.5789350531395642
915,1.8989331722259521,21056000,55112704,0.017717163951601833,0.5552579968538268
916,1.9101859331130981,21056000,55112704,0.01776116801192984,0.5892122953543197
917,1.8911652565002441,21056000,55112704,0.01757679902948439,0.6124430610281351
918,1.927864909172058,21056000,55112704,0.017496316984761506,0.5394696381908938
919,1.8548461198806763,21056000,55112704,0.017662330996245146,0.5508448806566817
920,1.9014397859573364,21056000,55112704,0.01763688202481717,0.5493628540203958
921,1.9221642017364502,21056000,55112704,0.018704229965806007,0.6056070067761357
922,1.9309792518615723,21056000,55112704,0.017853911966085434,0.5199724121402728
923,1.9299660921096802,21056000,55112704,0.017893637996166945,0.5767276292901407
924,1.9375245571136475,21056000,55112704,0.017632653994951397,0.550579273665409
925,1.8465625047683716,21056000,55112704,0.01747893402352929,0.5976776692258164
926,1.875847578048706,21056000,55112704,0.01756111002760008,0.6499748342594266
927,1.9062258005142212,21056000,55112704,0.017530181037727743,0.6182875112904662
928,1.8875384330749512,21056000,55112704,0.017348408000543714,0.59887566154587
929,1.9144470691680908,21056000,55112704,0.018375830026343465,0.5902811467064448
930,1.8407477140426636,21056000,55112704,0.019332909025251865,0.5927210103004443
931,1.9409153461456299,21056000,55112704,0.019496386987157166,0.5689648477716102
932,1.87599515914917,21056000,55112704,0.017846689035650343,0.654256399319668
933,1.8625495433807373,21056000,55112704,0.018505193991586566,0.6150004953035332
934,1.9009402990341187,21056000,55112704,0.018259047996252775,0.5822806891789067
935,1.8837649822235107,21056000,55112704,0.017724478035233915,0.5469552730168665
936,1.9084824323654175,21056000,55112704,0.017674784001428634,0.5993569139883455
937,1.8797293901443481,21056000,55112704,0.017660597048234195,0.6039072636448564
938,1.925175428390503,21056000,55112704,0.017574723984580487,0.5582780174566999
939,1.8559068441390991,21056000,55112704,0.01758071599761024,0.5409457988236139
940,1.9010590314865112,21056000,55112704,0.017516474006697536,0.6504222530755004
941,1.85042405128479,21056000,55112704,0.017553944955579937,0.6162762001441267
942,1.8496968746185303,21056000,55112704,0.017532675003167242,0.5356179462055606
943,1.8753843307495117,21056000,55112704,0.017692787980195135,0.6488969137846881
944,1.864953875541687,21056000,55112704,0.017666849016677588,0.680784577521729
945,1.907822608947754,21056000,55112704,0.01823033398250118,0.5983192931169109
946,1.894396424293518,21056000,55112704,0.01757223898312077,0.6132681769687321
947,1.9040299654006958,21056000,55112704,0.017385746992658824,0.5866927502020375
948,1.871080756187439,21056000,55112704,0.017620411003008485,0.6478314578603234
949,1.904354214668274,21056000,55112704,0.017570496012922376,0.5497230660281004
950,1.9280707836151123,21056000,55112704,0.017635308962780982,0.7076365566853208
951,1.8852355480194092,21056000,55112704,0.017852599965408444,0.5834525156968621
952,1.879160761833191,21056000,55112704,0.01766261097509414,0.6228246796954162
953,1.861777901649475,21056000,55112704,0.017586055968422443,0.5650009732640957
954,1.8077868223190308,21056000,55112704,0.018080901994835585,0.604400573346203
955,1.9112050533294678,21056000,55112704,0.018255891976878047,0.6052426777400216
956,1.8872891664505005,21056000,55112704,0.01789498998550698,0.6482802618978519
957,1.9029922485351562,21056000,55112704,0.017612105002626777,0.6913437705228221
958,1.9019832611083984,21056000,55112704,0.017514720966573805,0.5784966699752568
959,1.83223557472229,21056000,55112704,0.0176484240218997,0.6220336692782431
960,1.882280707359314,21056000,55112704,0.018232228001579642,0.6203806877153163
961,1.907777190208435,21056000,55112704,0.02091935696080327,0.5639051724475314
962,1.8447307348251343,21056000,55112704,0.018277502967976034,0.5478959639697178
963,1.9119716882705688,21056000,55112704,0.017630229995120317,0.5674667135619271
964,1.8177200555801392,21056000,55112704,0.0175739640253596,0.5595780972038406
965,1.8619002103805542,21056000,55112704,0.017855504993349314,0.6419349788020584
966,1.9142634868621826,21056000,55112704,0.017601575003936887,0.5577961036315271
967,1.896779179573059,21056000,55112704,0.017617654986679554,0.5727477322324528
968,1.920646071434021,21056000,55112704,0.017622996005229652,0.6188804407422093
969,1.8252321481704712,21056000,55112704,0.017488661978859454,0.5992981142268271
970,1.8958796262741089,21056000,55112704,0.01774523698259145,0.6450120463848894
971,1.8973716497421265,21056000,55112704,0.01744537998456508,0.5412014365343681
972,1.8297703266143799,21056000,55112704,0.017446171957999468,0.5727865906334025
973,1.9046142101287842,21056000,55112704,0.01777174702147022,0.6424239407301581
974,1.8815940618515015,21056000,55112704,0.017265700036659837,0.5704461163729959
975,1.7870352268218994,21056000,55112704,0.018184287007898092,0.5752959990053305
976,1.912629246711731,21056000,55112704,0.017644345993176103,0.6145304112447948
977,1.9347087144851685,21056000,55112704,0.0175387259805575,0.6294278124719693
978,1.7992440462112427,21056000,55112704,0.017643133993260562,0.5817806035091554
979,1.9094988107681274,21056000,55112704,0.017476739012636244,0.6290982764865188
980,1.9180855751037598,21056000,55112704,0.017609118949621916,0.5694852282454368
981,1.8385496139526367,21056000,55112704,0.017465368029661477,0.6371595903641575
982,1.827315092086792,21056000,55112704,0.01754981797421351,0.577476349828957
983,1.871649146080017,21056000,55112704,0.017530731041915715,0.5878202409377609
984,1.8624752759933472,21056000,55112704,0.017617706034798175,0.6266827954056191
985,1.9197063446044922,21056000,55112704,0.01728267304133624,0.7392242974047819
986,1.8140507936477661,21056000,55112704,0.017487879958935082,0.6174088432776261
987,1.8920176029205322,21056000,55112704,0.017660156008787453,0.5752413623537677
988,1.9019224643707275,21056000,55112704,0.02059209899744019,0.6357927734761986
989,1.8395450115203857,21056000,55112704,0.019266913004685193,0.5538632785185028
990,1.8838214874267578,21056000,55112704,0.01893709902651608,0.6413040405005769
991,1.8307387828826904,21056000,55112704,0.017540689965244383,0.6349599246414603
992,1.8878376483917236,21056000,55112704,0.017872045980766416,0.6084231304055497
993,1.896945834159851,21056000,55112704,0.017713095992803574,0.6048250954252664
994,1.911924958229065,21056000,55112704,0.01758501399308443,0.6848595905164987
995,1.8140664100646973,21056000,55112704,0.01764973602257669,0.5850958745205915
996,1.863855004310608,21056000,55112704,0.017384344013407826,0.6654673250317519
997,1.9240268468856812,21056000,55112704,0.017480726004578173,0.6490970913932206
998,1.9095056056976318,21056000,55112704,0.01762113202130422,0.6711099732887664
999,1.8914871215820312,21056000,55112704,0.017390916997101158,0.5831932734734312
1000,1.852612853050232,21056000,55112704,0.017989436979405582,0.5561768459392463
1001,1.936552882194519,21056000,55112704,0.01714015199104324,0.6289368770755123
1002,1.8462437391281128,21056000,55112704,0.016870973049663007,0.5881385435304289
1003,1.838667869567871,21056000,55112704,0.016878997965250164,0.5406530515687187
1004,1.8278942108154297,21056000,55112704,0.017194824991747737,0.6077225407216305
1005,1.8693666458129883,21056000,55112704,0.016992381948512048,0.6821539961867269
1006,1.8126566410064697,21056000,55112704,0.01692008599638939,0.6208632641614331
1007,1.8746254444122314,21056000,55112704,0.016831206972710788,0.5776092106711073
1008,1.8637534379959106,21056000,55112704,0.016895459033548832,0.5971865275350032
1009,1.8434505462646484,21056000,55112704,0.017603567976038903,0.5342884069882864
1010,1.8803179264068604,21056000,55112704,0.017280256957747042,0.6097353531271603
1011,1.8042263984680176,21056000,55112704,0.016925475967582315,0.609907770802086
1012,1.9408838748931885,21056000,55112704,0.01706322602694854,0.5905033085128836
1013,1.928316354751587,21056000,55112704,0.016610380029305816,0.6031636308150876
1014,1.849239468574524,21056000,55112704,0.016919343965128064,0.6343909518209842
1015,1.922025203704834,21056000,55112704,0.01667421101592481,0.6061536614805546
1016,1.8550291061401367,21056000,55112704,0.016944982984568924,0.5703019360250178
1017,1.8229854106903076,21056000,55112704,0.016826728999149054,0.6463268227176944
1018,1.8895183801651,21056000,55112704,0.016731910000089556,0.6586019782668459
1019,1.8852976560592651,21056000,55112704,0.01662871503503993,0.588162214401753
1020,1.8650983572006226,21056000,55112704,0.016930765996221453,0.6573362302528819
1021,1.8515406847000122,21056000,55112704,0.016587596968747675,0.64417433158211
1022,1.9210840463638306,21056000,55112704,0.016472309012897313,0.6511464711572714
1023,1.7979562282562256,21056000,55112704,0.016931617981754243,0.5811408023547762
1024,1.923121690750122,21056000,55112704,0.016430440009571612,0.6827701167032586
1025,1.8604590892791748,21056000,55112704,0.017133188026491553,0.6653635092484081
1026,1.845124363899231,21056000,55112704,0.017294001998379827,0.6056769020443533
1027,1.8801147937774658,21056000,55112704,0.01741816697176546,0.6679826741240416
1028,1.8724254369735718,21056000,55112704,0.01853076001862064,0.7194662080861868
1029,1.9106796979904175,21056000,55112704,0.017615250020753592,0.5923640179199513
1030,1.976288080215454,21056000,55112704,0.017079557001125067,0.8032129843734284
1031,1.8819509744644165,21056000,55112704,0.01718511601211503,0.634112873750434
1032,1.81844961643219,21056000,55112704,0.01679308497114107,0.6532238064825183
1033,1.8685433864593506,21056000,55112704,0.016892673971597105,0.6372108272038863
1034,1.8421177864074707,21056000,55112704,0.017304973036516458,0.7134237665548472
1035,1.8172094821929932,21056000,55112704,0.017034702003002167,0.5741327383829601
1036,1.815690040588379,21056000,55112704,0.016807722975499928,0.6996683759617914
1037,1.879678726196289,21056000,55112704,0.016890139027964324,0.694558267322171
1038,1.8579649925231934,21056000,55112704,0.0167418280034326,0.6044891851553114
1039,1.8664190769195557,21056000,55112704,0.016794798022601753,0.720795197265422
1040,1.832367181777954,21056000,55112704,0.017943611019290984,0.5992757843814746
1041,1.8789680004119873,21056000,55112704,0.016858868999406695,0.6100498256913215
1042,1.8580776453018188,21056000,55112704,0.01651415799278766,0.5495341252365351
1043,1.8249757289886475,21056000,55112704,0.01720250997459516,0.5978668957766546
1044,1.8716058731079102,21056000,55112704,0.01643595000496134,0.6127767300033342
1045,1.865648865699768,21056000,55112704,0.016889268008526415,0.5395633171141536
1046,1.894300103187561,21056000,55112704,0.016982233035378158,0.6349997086365182
1047,1.8421441316604614,21056000,55112704,0.016568681981880218,0.6252187169699305
1048,1.840099573135376,21056000,55112704,0.016436981968581676,0.5978564247843778
1049,1.8763624429702759,21056000,55112704,0.01697967801010236,0.6757079054653066
1050,1.8440226316452026,21056000,55112704,0.016468260961119086,0.594401669959869
1051,1.844687581062317,21056000,55112704,0.01685104501666501,0.6466387997541353
1052,1.8244482278823853,21056000,55112704,0.017099653952755034,0.6297583578643298
1053,1.8339040279388428,21056000,55112704,0.016421251988504082,0.58778514025982
1054,1.8528246879577637,21056000,55112704,0.016508376982528716,0.5921499236947545
1055,1.81063973903656,21056000,55112704,0.017609068017918617,0.5845228005895636
1056,1.951457142829895,21056000,55112704,0.01646175899077207,0.6177907606889828
1057,1.8113704919815063,21056000,55112704,0.01876908104168251,0.6147997653778305
1058,1.8493688106536865,21056000,55112704,0.017533845966681838,0.6007784614764033
1059,1.8926831483840942,21056000,55112704,0.01695873902644962,0.6085371934347408
1060,1.852674126625061,21056000,55112704,0.01728339202236384,0.646395735632002
1061,1.8587610721588135,21056000,55112704,0.018544416001532227,0.6342364083484732
1062,1.8333497047424316,21056000,55112704,0.019723895995412022,0.6115404845782018
1063,1.8570655584335327,21056000,55112704,0.018280196003615856,0.578304764264905
1064,1.842576503753662,21056000,55112704,0.016900499002076685,0.5737368127035883
1065,1.8544549942016602,21056000,55112704,0.01650995999807492,0.6230746801215195
1066,1.833314299583435,21056000,55112704,0.01702928205486387,0.6319847739623315
1067,1.8571239709854126,21056000,55112704,0.017444988014176488,0.6521468271301016
1068,1.795111894607544,21056000,55112704,0.016963718051556498,0.7342355713215447
1069,1.8015378713607788,21056000,55112704,0.017152164014987648,0.576797283016456
1070,1.8125083446502686,21056000,55112704,0.017482678988017142,0.6390455572079574
1071,1.8933781385421753,21056000,55112704,0.016680892964359373,0.6196081134795517
1072,1.8715426921844482,21056000,55112704,0.017149429011624306,0.5669002017552122
1073,1.898280382156372,21056000,55112704,0.0168509449576959,0.6056464333679807
1074,1.8424972295761108,21056000,55112704,0.016880621027667075,0.5658240836917732
1075,1.8847652673721313,21056000,55112704,0.01684541499707848,0.6335119645243872
1076,1.8249337673187256,21056000,55112704,0.016824243997689337,0.5818680416195208
1077,1.8500436544418335,21056000,55112704,0.01719904295168817,0.6175199420625153
1078,1.865527868270874,21056000,55112704,0.016830956970807165,0.6766482446274386
1079,1.7554895877838135,21056000,55112704,0.016790080000646412,0.6592668031043373
1080,1.842329740524292,21056000,55112704,0.016733021999243647,0.6153141789297798
1081,1.8068069219589233,21056000,55112704,0.017089755972847342,0.7007301141034146
1082,1.8539025783538818,21056000,55112704,0.01670724299037829,0.6116969702109053
1083,1.825546383857727,21056000,55112704,0.01699769200058654,0.5997888116936875
1084,1.846940040588379,21056000,55112704,0.016827179992105812,0.7498552456873108
1085,1.8620458841323853,21056000,55112704,0.018243587051983923,0.5909577250101995
1086,1.8093116283416748,21056000,55112704,0.017600961960852146,0.5724675408682841
1087,1.855306625366211,21056000,55112704,0.017188111029099673,0.5674397932436869
1088,1.8421467542648315,21056000,55112704,0.01681986596668139,0.658002049057682
1089,1.8608109951019287,21056000,55112704,0.016925254021771252,0.6233444208206048
1090,1.7618141174316406,21056000,55112704,0.016969878983218223,0.6023934328369787
1091,1.820971965789795,21056000,55112704,0.016794557974208146,0.6184115241984117
1092,1.8444877862930298,21056000,55112704,0.016935133025981486,0.6107983385203702
1093,1.796169400215149,21056000,55112704,0.01691024604951963,0.6034705646115373
1094,1.8008580207824707,21056000,55112704,0.016593937994912267,0.621475336152369
1095,1.8916977643966675,21056000,55112704,0.01689003803767264,0.7520363128799303
1096,1.8889408111572266,21056000,55112704,0.01970730401808396,0.5908531153689227
1097,1.777976155281067,21056000,55112704,0.017360195983201265,0.5645047066799004
1098,1.8597373962402344,21056000,55112704,0.016924012976232916,0.6123449195154929
1099,1.879984736442566,21056000,55112704,0.01650413899915293,0.6553177216606322
1100,1.8810392618179321,21056000,55112704,0.0200812800321728,0.6438621449558918
1101,1.8252776861190796,21056000,55112704,0.016944069997407496,0.6033100037263855
1102,1.8756986856460571,21056000,55112704,0.016778386023361236,0.8104126208462982
1103,1.8146015405654907,21056000,55112704,0.017578749044332653,0.5956015822210502
1104,1.7869435548782349,21056000,55112704,0.017367649998050183,0.661305209356127
1105,1.8203485012054443,21056000,55112704,0.017910887021571398,0.6431992549127982
1106,1.8314392566680908,21056000,55112704,0.017019481980241835,0.7021422171132727
1107,1.8051129579544067,21056000,55112704,0.01687326602404937,0.6579701702636949
1108,1.8049595355987549,21056000,55112704,0.016710227995645255,0.7397546800246502
1109,1.8081932067871094,21056000,55112704,0.016888014040887356,0.6542988306577212
1110,1.8668878078460693,21056000,55112704,0.016754141019191593,0.6892199898530085
1111,1.844732642173767,21056000,55112704,0.0171210240223445,0.6468035585704114
1112,1.8731648921966553,21056000,55112704,0.01761073002126068,0.7705938780845577
1113,1.8974716663360596,21056000,55112704,0.017036173027008772,0.6142322736649113
1114,1.821121096611023,21056000,55112704,0.016962724970653653,0.6618601630523416
1115,1.8615946769714355,21056000,55112704,0.016772445000242442,0.6926693551901201
1116,1.7651160955429077,21056000,55112704,0.016678608022630215,0.749495688894693
1117,1.8066543340682983,21056000,55112704,0.01722509099636227,0.6059658383666287
1118,1.7852305173873901,21056000,55112704,0.01676128403050825,0.8330593975174513
1119,1.785110592842102,21056000,55112704,0.01712700503412634,0.7056003284590816
1120,1.863581657409668,21056000,55112704,0.01799530698917806,0.6565281494140714
1121,1.8525564670562744,21056000,55112704,0.016679860011208802,0.6623507574269529
1122,1.8427153825759888,21056000,55112704,0.016578337992541492,0.6032448309457495
1123,1.8654593229293823,21056000,55112704,0.017178452981170267,0.5676234457076829
1124,1.8102672100067139,21056000,55112704,0.01675762701779604,0.6483597758053541
1125,1.7628611326217651,21056000,55112704,0.01690248103113845,0.6652542468099518
1126,1.8477144241333008,21056000,55112704,0.017037565994542092,0.6054376986507641
1127,1.8451405763626099,21056000,55112704,0.01688554900465533,0.6070325720851492
1128,1.832280158996582,21056000,55112704,0.020460947009269148,0.6658173214136618
1129,1.8638262748718262,21056000,55112704,0.01715808396693319,0.7592831226474704
1130,1.827415108680725,21056000,55112704,0.017067663022316992,0.7088672138371429
1131,1.8028110265731812,21056000,55112704,0.016911898972466588,0.6956693432289835
1132,1.8404685258865356,21056000,55112704,0.018140010011848062,0.7497221205333898
1133,1.822750449180603,21056000,55112704,0.017758750007487833,0.6774337492090671
1134,1.8397258520126343,21056000,55112704,0.017516691994387656,0.6155379307680179
1135,1.8231561183929443,21056000,55112704,0.017615228018257767,0.651477084128534
1136,1.8271160125732422,21056000,55112704,0.016761053004302084,0.7136096814788083
1137,1.820988416671753,21056000,55112704,0.01686772401444614,0.6341710472979099
1138,1.8035216331481934,21056000,55112704,0.0185965730343014,0.6416401183059164
1139,1.9039490222930908,21056000,55112704,0.01698131999000907,0.6769306300837433
1140,1.8288815021514893,21056000,55112704,0.017404950980562717,0.6135387270608263
1141,1.8303790092468262,21056000,55112704,0.016891489969566464,0.6457406521826446
1142,1.8141573667526245,21056000,55112704,0.016970600001513958,0.6512921563960652
1143,1.8334388732910156,21056000,55112704,0.017020783969201148,0.639978673152764
1144,1.8235706090927124,21056000,55112704,0.01661550800781697,0.5715456720718899
1145,1.786391019821167,21056000,55112704,0.016829572967253625,0.6220985885300906
1146,1.8362815380096436,21056000,55112704,0.016863126016687602,0.740718521568963
1147,1.8544151782989502,21056000,55112704,0.016694096033461392,0.6779523257300519
1148,1.8621052503585815,21056000,55112704,0.016992501041386276,0.6893521801044318
1149,1.8636912107467651,21056000,55112704,0.016933750011958182,0.6949210444664485
1150,1.8504804372787476,21056000,55112704,0.017510789970401675,0.661897942478594
1151,1.8702802658081055,21056000,55112704,0.01692720700521022,0.7338649403351588
1152,1.831397533416748,21056000,55112704,0.017050280002877116,0.6497090865594554
1153,1.8031913042068481,21056000,55112704,0.016741757048293948,0.6062822972620892
1154,1.8297271728515625,21056000,55112704,0.016807611973490566,0.5609301006522308
1155,1.852785587310791,21056000,55112704,0.01744405401404947,0.7214128541826631
1156,1.7424194812774658,21056000,55112704,0.017093040980398655,0.6144105913101966
1157,1.7745922803878784,21056000,55112704,0.018179874983616173,0.59182143850734
1158,1.7972947359085083,21056000,55112704,0.01720517303328961,0.6352189338197075
1159,1.778275489807129,21056000,55112704,0.016870178980752826,0.5771869292944011
1160,1.8163000345230103,21056000,55112704,0.01717158901738003,0.6453927165753198
1161,1.7972502708435059,21056000,55112704,0.016794355993624777,0.7991119181471611
1162,1.791803240776062,21056000,55112704,0.016739832994062454,0.6223929514665061
1163,1.899946689605713,21056000,55112704,0.01713766501052305,0.5920179999316817
1164,1.7645537853240967,21056000,55112704,0.016736828023567796,0.7531075744357674
1165,1.790413737297058,21056000,55112704,0.017625005973968655,0.6803947286510862
1166,1.7777873277664185,21056000,55112704,0.016949229000601918,0.6472669959903603
1167,1.8725003004074097,21056000,55112704,0.016634865023661405,0.664902549640288
1168,1.8800959587097168,21056000,55112704,0.016747428046073765,0.7497392911240631
1169,1.7700996398925781,21056000,55112704,0.016842136974446476,0.6559906482740883
1170,1.863925576210022,21056000,55112704,0.01645331096369773,0.6454555832485355
1171,1.8390228748321533,21056000,55112704,0.01674107601866126,0.7661517845505728
1172,1.7901753187179565,21056000,55112704,0.017537540988996625,0.663058050740086
1173,1.8611863851547241,21056000,55112704,0.017969216976780444,0.6423006683318914
1174,1.7789405584335327,21056000,55112704,0.017620768048800528,0.6367678880768474
1175,1.8468025922775269,21056000,55112704,0.017713303037453443,0.7164459048354799
1176,1.816269040107727,21056000,55112704,0.01682084600906819,0.5772851498941105
1177,1.8107151985168457,21056000,55112704,0.016632631013635546,0.6613391520782675
1178,1.821122407913208,21056000,55112704,0.016766343032941222,0.7705160412729355
1179,1.7988386154174805,21056000,55112704,0.016632149985525757,0.6515636057297672
1180,1.8231267929077148,21056000,55112704,0.017276788013987243,0.6846853052955337
1181,1.836693286895752,21056000,55112704,0.020739813975524157,0.6291138555714053
1182,1.9128366708755493,21056000,55112704,0.018106948002241552,0.6644974234638013
1183,1.7639573812484741,21056000,55112704,0.017346399021334946,0.667803620698234
1184,1.854973554611206,21056000,55112704,0.01690456399228424,0.7352304810024587
1185,1.791689157485962,21056000,55112704,0.018001808028202504,0.6416916607115815
1186,1.8422174453735352,21056000,55112704,0.019951563968788832,0.6031737039619934
1187,1.7517675161361694,21056000,55112704,0.017385001992806792,0.757855112628077
1188,1.8881642818450928,21056000,55112704,0.016768608009442687,0.6984119290034484
1189,1.8749642372131348,21056000,55112704,0.01685433997772634,0.651225746468
1190,1.8204017877578735,21056000,55112704,0.016753439034800977,0.6048850247920154
1191,1.7962186336517334,21056000,55112704,0.016897480993065983,0.6393990487373169
1192,1.8337315320968628,21056000,55112704,0.017525558010675013,0.6286306383764697
1193,1.8265010118484497,21056000,55112704,0.016842025972437114,0.665056913720238
1194,1.8063238859176636,21056000,55112704,0.016768898000009358,0.6776897129178686
1195,1.800930380821228,21056000,55112704,0.01814744301373139,0.6963433845913469
1196,1.8115953207015991,21056000,55112704,0.01727205899078399,0.6440214536501137
1197,1.8447281122207642,21056000,55112704,0.017032366013154387,0.6349926946802761
1198,1.734392523765564,21056000,55112704,0.016761092992965132,0.6654637104646896
1199,1.839917540550232,21056000,55112704,0.0171749250148423,0.6275097205167761
1200,1.789557695388794,21056000,55112704,0.01872271002503112,0.6775387416423566
1201,1.8510304689407349,21056000,55112704,0.016990434960462153,0.7188555146913935
1202,1.7856402397155762,21056000,55112704,0.016635605017654598,0.6040298029914569
1203,1.7915953397750854,21056000,55112704,0.016828569991048425,0.6597452244362402
1204,1.7363557815551758,21056000,55112704,0.016815565002616495,0.660577555021015
1205,1.7535371780395508,21056000,55112704,0.01756744598969817,0.6179604075982976
1206,1.8094456195831299,21056000,55112704,0.01695985801052302,0.6480525217199093
1207,1.7926380634307861,21056000,55112704,0.017054916999768466,0.7603795477804238
1208,1.7825074195861816,21056000,55112704,0.01691236800979823,0.6081727962267347
1209,1.7727879285812378,21056000,55112704,0.016737798985559493,0.6471578319860571
1210,1.801201581954956,21056000,55112704,0.01680056599434465,0.6736833279354676
1211,1.846785545349121,21056000,55112704,0.0182576910010539,0.622526695507158
1212,1.767396092414856,21056000,55112704,0.018308817991055548,0.6177856665381762
1213,1.8365118503570557,21056000,55112704,0.01766749599482864,0.6313297828551027
1214,1.802925705909729,21056000,55112704,0.016725414956454188,0.6035876931228852
1215,1.8140865564346313,21056000,55112704,0.01698013598797843,0.6613974734988236
1216,1.8147532939910889,21056000,55112704,0.01709533401299268,0.6452371641831569
1217,1.7348031997680664,21056000,55112704,0.016540926008019596,0.6386620522225471
1218,1.8570350408554077,21056000,55112704,0.01699294097488746,0.6971255925008986
1219,1.8171846866607666,21056000,55112704,0.017557467974256724,0.5870118017703598
1220,1.8274132013320923,21056000,55112704,0.017631146998610348,0.6229736376251132
1221,1.846685528755188,21056000,55112704,0.01910411100834608,0.6866708748582194
1222,1.8024897575378418,21056000,55112704,0.01723303401377052,0.6496767912988871
1223,1.8236489295959473,21056000,55112704,0.017931283975485712,0.6513639488463192
1224,1.8580821752548218,21056000,55112704,0.01910752698313445,0.732628988849116
1225,1.856661319732666,21056000,55112704,0.017004102002829313,0.6489271400909606
1226,1.8005921840667725,21056000,55112704,0.016829892003443092,0.5920113737450463
1227,1.820836067199707,21056000,55112704,0.016890146012883633,0.7143130277090054
1228,1.7974826097488403,21056000,55112704,0.01660271198488772,0.6165000969198292
1229,1.7503433227539062,21056000,55112704,0.016829522035550326,0.6692433146267529
1230,1.7993923425674438,21056000,55112704,0.01796553796157241,0.6358817794829477
1231,1.8265113830566406,21056000,55112704,0.01662748900707811,0.6620197618742542
1232,1.7463243007659912,21056000,55112704,0.016847805003635585,0.6269929171779304
1233,1.8232723474502563,21056000,55112704,0.01699925202410668,0.5578007683643416
1234,1.7980306148529053,21056000,55112704,0.016925783012993634,0.7012164774834979
1235,1.7875990867614746,21056000,55112704,0.01675519102718681,0.7319077382776069
1236,1.8053641319274902,21056000,55112704,0.017871560994535685,0.6547162880619655
1237,1.790193796157837,21056000,55112704,0.017066338972654194,0.5952361870315134
1238,1.8083769083023071,21056000,55112704,0.017529803968500346,0.6784280470709019
1239,1.8089731931686401,21056000,55112704,0.016935461026150733,0.6946664987032303
1240,1.8580811023712158,21056000,55112704,0.016761512029916048,0.6287455288217441
1241,1.80850088596344,21056000,55112704,0.016700998006854206,0.6729642670607375
1242,1.832383155822754,21056000,55112704,0.01696775300661102,0.7339484969391105
1243,1.7685842514038086,21056000,55112704,0.016828689025714993,0.6501496385341331
1244,1.8215131759643555,21056000,55112704,0.016664950002450496,0.7014398280751216
1245,1.7564752101898193,21056000,55112704,0.018149506009649485,0.628756305711426
1246,1.8261475563049316,21056000,55112704,0.017450886021833867,0.6344115412610699
1247,1.820023775100708,21056000,55112704,0.017195473017636687,0.6954674332008906
1248,1.7563722133636475,21056000,55112704,0.01683979103108868,0.6696785788894937
1249,1.8516227006912231,21056000,55112704,0.01685001002624631,0.763220258582612
1250,1.8704020977020264,21056000,55112704,0.01691984198987484,0.6687696649140857
1251,1.7925026416778564,21056000,55112704,0.0173250479856506,0.7849033533482253
1252,1.8484244346618652,21056000,55112704,0.017896867997478694,0.6667073420221546
1253,1.8057554960250854,21056000,55112704,0.019215811975300312,0.6493139780289672
1254,1.8409128189086914,21056000,55112704,0.016721446998417377,0.6751512646395956
1255,1.789576530456543,21056000,55112704,0.01680270000360906,0.6372244773592081
1256,1.841775894165039,21056000,55112704,0.017142983037047088,0.6569078696107917
1257,1.8129366636276245,21056000,55112704,0.016596520959865302,0.7596705888638347
1258,1.8796720504760742,21056000,55112704,0.016672263969667256,0.6610022625330826
1259,1.793648600578308,21056000,55112704,0.0169764090096578,0.6916922459892311
1260,1.7853068113327026,21056000,55112704,0.01790591503959149,0.5826471914410958
1261,1.8017772436141968,21056000,55112704,0.016992228978779167,0.6372777731208441
1262,1.775264859199524,21056000,55112704,0.016951371973846108,0.633002305550547
1263,1.798425316810608,21056000,55112704,0.017135389032773674,0.6116510628204967
1264,1.8033876419067383,21056000,55112704,0.016951161029282957,0.6398045534243159
1265,1.792557954788208,21056000,55112704,0.01690800895448774,0.6832949044156715
1266,1.803523063659668,21056000,55112704,0.016656254010740668,0.6262155409929208
1267,1.839148759841919,21056000,55112704,0.017178120033349842,0.6873647271213054
1268,1.8574204444885254,21056000,55112704,0.016862794989719987,0.6448269316646396
1269,1.8055721521377563,21056000,55112704,0.01669847301673144,0.6025360244305551
1270,1.8377962112426758,21056000,55112704,0.016710967000108212,0.6266797871305231
1271,1.7668195962905884,21056000,55112704,0.0169719000114128,0.6004203808012829
1272,1.8204214572906494,21056000,55112704,0.0169221360119991,0.6168785558573479
1273,1.7421948909759521,21056000,55112704,0.016762184037361294,0.6589779557774864
1274,1.7875081300735474,21056000,55112704,0.01689244096633047,0.671949235514424
1275,1.7396007776260376,21056000,55112704,0.01730290602426976,0.7464403808863013
1276,1.807018756866455,21056000,55112704,0.016920091991778463,0.6404380429678393
1277,1.8518848419189453,21056000,55112704,0.01694255496840924,0.7072992158894035
1278,1.7731971740722656,21056000,55112704,0.01668243296444416,0.6314236246332501
1279,1.8494694232940674,21056000,55112704,0.017121452023275197,0.6985729215457662
1280,1.7832797765731812,21056000,55112704,0.019999222015030682,0.7658262371181578
1281,1.7417099475860596,21056000,55112704,0.01992961997166276,0.5887593849243488
1282,1.7800798416137695,21056000,55112704,0.017349693982396275,0.6649388045144209
1283,1.8101049661636353,21056000,55112704,0.017042634019162506,0.7165885411483978
1284,1.7244912385940552,21056000,55112704,0.01681526401080191,0.5704384056282681
1285,1.8312309980392456,21056000,55112704,0.017226782045327127,0.698256850099083
1286,1.7646287679672241,21056000,55112704,0.017921003978699446,0.6070732394954848
1287,1.7198742628097534,21056000,55112704,0.017678285017609596,0.6322785331771487
1288,1.8625715970993042,21056000,55112704,0.016718551982194185,0.6013404553280317
1289,1.7802740335464478,21056000,55112704,0.016682954039424658,0.6563401984407313
1290,1.8196001052856445,21056000,55112704,0.017638609977439046,0.6670036529123089
1291,1.8142095804214478,21056000,55112704,0.016862221993505955,0.6087007417088027
1292,1.7487136125564575,21056000,55112704,0.01676773402141407,0.6473390958105555
1293,1.7899214029312134,21056000,55112704,0.017245286027900875,0.6254466556289516
1294,1.7832938432693481,21056000,55112704,0.016791920003015548,0.5894136900134456
1295,1.7896705865859985,21056000,55112704,0.016889885009732097,0.6534184105604832
1296,1.7451717853546143,21056000,55112704,0.01684626197675243,0.6254740521019374
1297,1.81682288646698,21056000,55112704,0.01733618904836476,0.6831071882768647
1298,1.7683637142181396,21056000,55112704,0.01681157702114433,0.6514969996805737
1299,1.7960867881774902,21056000,55112704,0.017025200999341905,0.6138970975151958
1300,1.7302063703536987,21056000,55112704,0.01899665704695508,0.7002089332602223
1301,1.8208173513412476,21056000,55112704,0.01713385502807796,0.7295864726186676
1302,1.825271487236023,21056000,55112704,0.016901555994991213,0.7174684187139698
1303,1.790411114692688,21056000,55112704,0.01717257802374661,0.6660587286005784
1304,1.803279995918274,21056000,55112704,0.017269651987589896,0.8121488432662226
1305,1.7547948360443115,21056000,55112704,0.016683353984262794,0.6993839036343088
1306,1.7601829767227173,21056000,55112704,0.017355304036755115,0.6167957532989718
1307,1.7636346817016602,21056000,55112704,0.017186715034767985,0.6920853309843261
1308,1.7847771644592285,21056000,55112704,0.01712844497524202,0.6208983487148066
1309,1.7740906476974487,21056000,55112704,0.0172167620039545,0.7065679843703861
1310,1.7484409809112549,21056000,55112704,0.01751114899525419,0.5887328308402577
1311,1.7468812465667725,21056000,55112704,0.016589206003118306,0.6286700769319992
1312,1.8473540544509888,21056000,55112704,0.0167849559802562,0.6574525805732405
1313,1.7424860000610352,21056000,55112704,0.016968142008408904,0.6275129751763826
1314,1.7569221258163452,21056000,55112704,0.016728168004192412,0.7020225417010199
1315,1.7235121726989746,21056000,55112704,0.016744559979997575,0.6724511858347991
1316,1.757265567779541,21056000,55112704,0.01750943501247093,0.6735136433813221
1317,1.7494431734085083,21056000,55112704,0.01708940096432343,0.7125295993464881
1318,1.7269598245620728,21056000,55112704,0.01735978201031685,0.735511225525124
1319,1.7684732675552368,21056000,55112704,0.018257028015796095,0.668328123781644
1320,1.7768429517745972,21056000,55112704,0.020600857969839126,0.6601926101850921
1321,1.807297706604004,21056000,55112704,0.017136009002570063,0.7289876609637873
1322,1.904833197593689,21056000,55112704,0.017572804994415492,0.731069978451888
1323,1.7733818292617798,21056000,55112704,0.01721526903565973,0.7457603312091348
1324,1.7649502754211426,21056000,55112704,0.01693119201809168,0.7276179795799399
1325,1.7851784229278564,21056000,55112704,0.01763834897428751,0.6543793568080075
1326,1.7774136066436768,21056000,55112704,0.016943424998316914,0.7230546481934316
1327,1.8074982166290283,21056000,55112704,0.016887649020645767,0.6521168467111428
1328,1.7998762130737305,21056000,55112704,0.01677068800199777,0.6232591348988615
1329,1.7998814582824707,21056000,55112704,0.016977399005554616,0.5955585126980525
1330,1.776321530342102,21056000,55112704,0.016808138985652477,0.7133307906290369
1331,1.8381057977676392,21056000,55112704,0.01670614699833095,0.7422420521854461
1332,1.7733800411224365,21056000,55112704,0.017961699049919844,0.6265904752295977
1333,1.8509442806243896,21056000,55112704,0.019518072018399835,0.6770247009748
1334,1.7510035037994385,21056000,55112704,0.018401661014650017,0.7357559704687356
1335,1.8291504383087158,21056000,55112704,0.017395308997947723,0.6502943256050447
1336,1.7515208721160889,21056000,55112704,0.016847483988385648,0.6798167358575806
1337,1.7437466382980347,21056000,55112704,0.016835270973388106,0.6715154337393884
1338,1.8126078844070435,21056000,55112704,0.017079001991078258,0.6923828430011421
1339,1.7727296352386475,21056000,55112704,0.016590577957686037,0.6341234992583163
1340,1.7541680335998535,21056000,55112704,0.01761795999482274,0.6328510267280488
1341,1.8118212223052979,21056000,55112704,0.016828567953780293,0.7241634455905938
1342,1.7818983793258667,21056000,55112704,0.016825801983941346,0.6581790504791549
1343,1.807504653930664,21056000,55112704,0.016962832014542073,0.6771907426181685
1344,1.706496238708496,21056000,55112704,0.016951080004218966,0.6284243058970789
1345,1.7747482061386108,21056000,55112704,0.016704233014024794,0.6453983083916782
1346,1.7911382913589478,21056000,55112704,0.017057981982361525,0.6555052495541639
1347,1.7612062692642212,21056000,55112704,0.016997877042740583,0.6569078512743574
1348,1.7407296895980835,21056000,55112704,0.018540023011155427,0.6363885144738848
1349,1.8029788732528687,21056000,55112704,0.017743646982125938,0.6866614615918192
1350,1.7831155061721802,21056000,55112704,0.017050257010851055,0.6073181538948774
1351,1.7841488122940063,21056000,55112704,0.0167664410546422,0.6590261790281731
1352,1.7781085968017578,21056000,55112704,0.016825952974613756,0.625936518550327
1353,1.7670239210128784,21056000,55112704,0.01966921699931845,0.6146381220827096
1354,1.8205198049545288,21056000,55112704,0.01698247902095318,0.7020320053849242
1355,1.806730031967163,21056000,55112704,0.017906936001963913,0.7383468171105795
1356,1.7365093231201172,21056000,55112704,0.017350844980683178,0.7285797909637568
1357,1.7485098838806152,21056000,55112704,0.016523041005712003,0.6505854407496279
1358,1.7884700298309326,21056000,55112704,0.0169462010380812,0.6334675449346919
1359,1.7646684646606445,21056000,55112704,0.016841451986692846,0.7154260765184897
1360,1.780416488647461,21056000,55112704,0.016748255991842598,0.6631494677244788
1361,1.7788468599319458,21056000,55112704,0.016796106996480376,0.6423975390557016
1362,1.7349117994308472,21056000,55112704,0.016629170975647867,0.6880694492473187
1363,1.7252936363220215,21056000,55112704,0.016783513012342155,0.6106244464130506
1364,1.783908724784851,21056000,55112704,0.016826434002723545,0.6766234539810613
1365,1.7910428047180176,21056000,55112704,0.016766611021012068,0.6728578185363681
1366,1.7934627532958984,21056000,55112704,0.01680684700841084,0.611713679753508
1367,1.784808874130249,21056000,55112704,0.016927856020629406,0.6448990096409932
1368,1.764774203300476,21056000,55112704,0.016772712056990713,0.7903600513195524
1369,1.7853138446807861,21056000,55112704,0.017068089975509793,0.6354277828191429
1370,1.7824584245681763,21056000,55112704,0.017553828947711736,0.6008104326723812
1371,1.7265223264694214,21056000,55112704,0.016781729005742818,0.6186655529591355
1372,1.739060640335083,21056000,55112704,0.01710223505506292,0.6859024061319303
1373,1.6827797889709473,21056000,55112704,0.017540041997563094,0.6569235371564476
1374,1.6649975776672363,21056000,55112704,0.01654399000108242,0.6180875959341265
1375,1.7631912231445312,21056000,55112704,0.01671480300137773,0.6659775950693304
1376,1.7782227993011475,21056000,55112704,0.016951659985352308,0.760153018752135
1377,1.8477356433868408,21056000,55112704,0.017662424012087286,0.6573885150960234
1378,1.7180776596069336,21056000,55112704,0.017898780992254615,0.6446443851012347
1379,1.7537713050842285,21056000,55112704,0.017191805003676564,0.6492108963542157
1380,1.7908897399902344,21056000,55112704,0.01675229298416525,0.6743330697234967
1381,1.718185305595398,21056000,55112704,0.017025310022290796,0.6670305908102803
1382,1.6545981168746948,21056000,55112704,0.016711265954654664,0.6363437267526045
1383,1.8152815103530884,21056000,55112704,0.016750370035879314,0.6713156021881835
1384,1.7694436311721802,21056000,55112704,0.016831443004775792,0.7997981111302115
1385,1.7977856397628784,21056000,55112704,0.01714575698133558,0.7823065071907687
1386,1.820982575416565,21056000,55112704,0.01684019895037636,0.7136526268154997
1387,1.7786672115325928,21056000,55112704,0.017455271969083697,0.7423816893016815
1388,1.7885208129882812,21056000,55112704,0.019673955044709146,0.61685459278361
1389,1.757519245147705,21056000,55112704,0.018031932006124407,0.7413187517470253
1390,1.7194586992263794,21056000,55112704,0.017372686008457094,0.8560953017697837
1391,1.762494444847107,21056000,55112704,0.01684181299060583,0.6728028535178786
1392,1.7317157983779907,21056000,55112704,0.016877799993380904,0.7412176385552732
1393,1.8078193664550781,21056000,55112704,0.017344011983368546,0.7272391305228956
1394,1.7572529315948486,21056000,55112704,0.016575919988099486,0.6509845654522767
1395,1.7518236637115479,21056000,55112704,0.016643187031149864,0.7975294705888125
1396,1.7868480682373047,21056000,55112704,0.016879122995305806,0.7529212608268628
1397,1.7793258428573608,21056000,55112704,0.016685626993421465,0.6694280667930256
1398,1.8294587135314941,21056000,55112704,0.01716579496860504,0.6774049440440213
1399,1.789925217628479,21056000,55112704,0.016986185975838453,0.6364655407163307
1400,1.7718929052352905,21056000,55112704,0.018230035959277302,0.655753239451809
1401,1.722293734550476,21056000,55112704,0.017157748981844634,0.6665089159851908
1402,1.8081483840942383,21056000,55112704,0.016918326960876584,0.6965089515931008
1403,1.7434735298156738,21056000,55112704,0.01680076401680708,0.6677744428662936
1404,1.7356592416763306,21056000,55112704,0.017001984000671655,0.7550920634589663
1405,1.759503960609436,21056000,55112704,0.01709578197915107,0.7062429521179944
1406,1.7695711851119995,21056000,55112704,0.017055005009751767,0.6804472039694082
1407,1.7923345565795898,21056000,55112704,0.016933094011619687,0.7128410484958105
1408,1.738885521888733,21056000,55112704,0.016521746991202235,0.6767730202811492
1409,1.7831740379333496,21056000,55112704,0.016971596982330084,0.6344162598983292
1410,1.777437448501587,21056000,55112704,0.01735260698478669,0.6472951355482326
1411,1.7406615018844604,21056000,55112704,0.01674104103585705,0.6727660686579581
1412,1.7732408046722412,21056000,55112704,0.016952199977822602,0.7864859137292862
1413,1.7135603427886963,21056000,55112704,0.016769625013694167,0.6791803135250896
1414,1.7752022743225098,21056000,55112704,0.016730239964090288,0.6905271619029147
1415,1.76981520652771,21056000,55112704,0.01941576600074768,0.7063624528261244
1416,1.7566981315612793,21056000,55112704,0.016958702995907515,0.6752753609506637
1417,1.8213698863983154,21056000,55112704,0.016806183964945376,0.6579133203576577
1418,1.733973503112793,21056000,55112704,0.016855025955010206,0.7348974108097335
1419,1.8310637474060059,21056000,55112704,0.016767430992331356,0.6980884574192896
1420,1.7743686437606812,21056000,55112704,0.01730721100466326,0.6997083871711662
1421,1.7512309551239014,21056000,55112704,0.016802636964712292,0.653343015650593
1422,1.7940106391906738,21056000,55112704,0.016949195007327944,0.6679657130264289
1423,1.767609715461731,21056000,55112704,0.01648124004714191,0.7197377857163938
1424,1.7665021419525146,21056000,55112704,0.017071145004592836,0.6529517411741853
1425,1.7624801397323608,21056000,55112704,0.01967461599269882,0.6932563276020568
1426,1.6975635290145874,21056000,55112704,0.017212181992363185,0.6475618430819565
1427,1.7637242078781128,21056000,55112704,0.017130786960478872,0.696069756984575
1428,1.7130846977233887,21056000,55112704,0.016632406041026115,0.6756215031871888
1429,1.705617904663086,21056000,55112704,0.016775226045865566,0.667197088631592
1430,1.8314096927642822,21056000,55112704,0.017027583031449467,0.714053275344787
1431,1.8054430484771729,21056000,55112704,0.016691777971573174,0.726879166238713
1432,1.7216848134994507,21056000,55112704,0.01708993100328371,0.65931539862088
1433,1.763511061668396,21056000,55112704,0.016930108016822487,0.6982646915066323
1434,1.7631603479385376,21056000,55112704,0.016748505004215986,0.7288470279852994
1435,1.7501230239868164,21056000,55112704,0.018027182028163224,0.6905386549288322
1436,1.7087851762771606,21056000,55112704,0.017003536981064826,0.6901099474835085
1437,1.839275598526001,21056000,55112704,0.018151035998016596,0.7036148227481018
1438,1.7234803438186646,21056000,55112704,0.017016370955388993,0.7498357203770902
1439,1.8308770656585693,21056000,55112704,0.017053692019544542,0.6799958848853983
1440,1.785654067993164,21056000,55112704,0.016697668994311243,0.6704374853125447
1441,1.8398468494415283,21056000,55112704,0.016714060038793832,0.6717959207803311
1442,1.7654825448989868,21056000,55112704,0.017213975021149963,0.6959437339105696
1443,1.7377500534057617,21056000,55112704,0.01716259797103703,0.573150774743376
1444,1.7429112195968628,21056000,55112704,0.018718437990173697,0.6672705720829715
1445,1.7033759355545044,21056000,55112704,0.01703517697751522,0.6677922996200795
1446,1.711028814315796,21056000,55112704,0.0169209010200575,0.6708037286812775
1447,1.7481248378753662,21056000,55112704,0.017020559986121953,0.730538248961798
1448,1.7489570379257202,21056000,55112704,0.017295168014243245,0.6797046185798905
1449,1.733031988143921,21056000,55112704,0.017025167995598167,0.6730106236785188
1450,1.6788798570632935,21056000,55112704,0.01761528296628967,0.6561195350209759
1451,1.7735462188720703,21056000,55112704,0.0164843859965913,0.6595241245333395
1452,1.8045649528503418,21056000,55112704,0.016916361986659467,0.7005390766946427
1453,1.785919189453125,21056000,55112704,0.01693866401910782,0.6387610476903619
1454,1.7601324319839478,21056000,55112704,0.016751991992350668,0.7039291289777538
1455,1.7337498664855957,21056000,55112704,0.016703428991604596,0.7475451026512585
1456,1.693224310874939,21056000,55112704,0.017028984962962568,0.6107308850676554
1457,1.821799635887146,21056000,55112704,0.016732294054236263,0.6943899790687544
1458,1.7621490955352783,21056000,55112704,0.016860135947354138,0.7869113430515057
1459,1.7790428400039673,21056000,55112704,0.017291371012106538,0.679240798712284
1460,1.7157195806503296,21056000,55112704,0.017792619008105248,0.6574356517102868
1461,1.7738103866577148,21056000,55112704,0.017193325969856232,0.7516969553393686
1462,1.6941092014312744,21056000,55112704,0.016882969008293003,0.7175218380014359
1463,1.7767400741577148,21056000,55112704,0.016877398011274636,0.7398066180990379
1464,1.7424472570419312,21056000,55112704,0.016926401003729552,0.7279815268243174
1465,1.750011920928955,21056000,55112704,0.017633937997743487,0.7419870111823473
1466,1.7452313899993896,21056000,55112704,0.01689051400171593,0.6792733981483939
1467,1.738579273223877,21056000,55112704,0.016818317002616823,0.7246170814901546
1468,1.7776062488555908,21056000,55112704,0.02038019901374355,0.7375974723258895
1469,1.7227783203125,21056000,55112704,0.018101402034517378,0.65012950453469
1470,1.7841198444366455,21056000,55112704,0.01724264898803085,0.7173684159213859
1471,1.7610840797424316,21056000,55112704,0.01680143497651443,0.6509574496509637
1472,1.7960329055786133,21056000,55112704,0.01840314199216664,0.6827097636718159
1473,1.7380750179290771,21056000,55112704,0.019776247965637594,0.6688424863455721
1474,1.7759771347045898,21056000,55112704,0.017328571004327387,0.7206732525197667
1475,1.8200708627700806,21056000,55112704,0.01713167899288237,0.7572443359640934
1476,1.7186940908432007,21056000,55112704,0.016778891964349896,0.6158792017865355
1477,1.7148849964141846,21056000,55112704,0.017480437993071973,0.6371599710571081
1478,1.7729144096374512,21056000,55112704,0.017335925018414855,0.6496588489368613
1479,1.7432546615600586,21056000,55112704,0.01684553798986599,0.7098085447345411
1480,1.7356696128845215,21056000,55112704,0.017411407025065273,0.6663983787125252
1481,1.7454421520233154,21056000,55112704,0.016594133048783988,0.6631442394498701
1482,1.7320044040679932,21056000,55112704,0.01737158198375255,0.6609777020063222
1483,1.720562219619751,21056000,55112704,0.016997786005958915,0.7581931567067284
1484,1.8078670501708984,21056000,55112704,0.017010260024107993,0.6978027688513083
1485,1.656844139099121,21056000,55112704,0.017832723970059305,0.6319248364390014
1486,1.7262539863586426,21056000,55112704,0.016923586023040116,0.6306436191444781
1487,1.6904206275939941,21056000,55112704,0.017549518030136824,0.6340446440610438
1488,1.8158690929412842,21056000,55112704,0.01707403000909835,0.7234510803605879
1489,1.830003023147583,21056000,55112704,0.017278397048357874,0.7417657730119603
1490,1.8048416376113892,21056000,55112704,0.01764277502661571,0.6673906683010287
1491,1.7962695360183716,21056000,55112704,0.01774547901004553,0.6303841302613834
1492,1.7952886819839478,21056000,55112704,0.016857641050592065,0.629991590062694
1493,1.7651393413543701,21056000,55112704,0.01747720199637115,0.6429874544064527
1494,1.740125060081482,21056000,55112704,0.01879540301160887,0.6915389263437357
1495,1.666524052619934,21056000,55112704,0.018960825982503593,0.6338944932051482
1496,1.735207438468933,21056000,55112704,0.01691736397333443,0.6743837409388128
1497,1.7572723627090454,21056000,55112704,0.016727926034945995,0.6982464930417873
1498,1.728896975517273,21056000,55112704,0.016853743989486247,0.6140579564165265
1499,1.774261474609375,21056000,55112704,0.016957479994744062,0.6906780111564007
1500,1.6819710731506348,21056000,55112704,0.01933561300393194,0.6491881987465359
1501,1.7444831132888794,21056000,55112704,0.018346733995713294,0.6149222135028706
1502,1.7383697032928467,21056000,55112704,0.01773505797609687,0.646554053796041
1503,1.7801172733306885,21056000,55112704,0.016947018972132355,0.6421190404157721
1504,1.7255773544311523,21056000,55112704,0.016751189017668366,0.6229836817804737
1505,1.760024905204773,21056000,55112704,0.016916832013521343,0.6173935719928603
1506,1.666583776473999,21056000,55112704,0.016771397029515356,0.6117813369318387
1507,1.7025935649871826,21056000,55112704,0.01677185797598213,0.5901873763486382
1508,1.7617167234420776,21056000,55112704,0.016891914943698794,0.6697701312314138
1509,1.7757853269577026,21056000,55112704,0.017526323965284973,0.7807327010463104
1510,1.6650468111038208,21056000,55112704,0.0200255669769831,0.6418925744359602
1511,1.815521001815796,21056000,55112704,0.020135004015173763,0.7336122917996694
1512,1.7286138534545898,21056000,55112704,0.01845446799416095,0.6366463334033806
1513,1.7183952331542969,21056000,55112704,0.01836590003222227,0.681695043336154
1514,1.7506558895111084,21056000,55112704,0.018288885010406375,0.6412828133999532
1515,1.7037088871002197,21056000,55112704,0.020612987980712205,0.6792442073311855
1516,1.7436074018478394,21056000,55112704,0.020481368992477655,0.6482332080140107
1517,1.7318577766418457,21056000,55112704,0.019203714036848396,0.6948115081369678
1518,1.701641321182251,21056000,55112704,0.025925057008862495,0.6669877573515199
1519,1.7614766359329224,21056000,55112704,0.0336903230054304,0.6528350082656271
1520,1.6789968013763428,21056000,55112704,0.027514070039615035,0.648208481918446
1521,1.7410662174224854,21056000,55112704,0.02321204001782462,0.6527188739113219
1522,1.734171748161316,21056000,55112704,0.01901308400556445,0.6788800703451808
1523,1.719970703125,21056000,55112704,0.018289616971742362,0.605660222129904
1524,1.726839542388916,21056000,55112704,0.018865093996282667,0.7068355802895536
1525,1.7840375900268555,21056000,55112704,0.018873670022003353,0.6496943051043406
1526,1.7178058624267578,21056000,55112704,0.02132909098872915,0.710004236801892
1527,1.7464098930358887,21056000,55112704,0.02097854798194021,0.7023852859239691
1528,1.7509396076202393,21056000,55112704,0.018749234965071082,0.6818065136170066
1529,1.7483597993850708,21056000,55112704,0.018772069015540183,0.6891789254170246
1530,1.725451946258545,21056000,55112704,0.022341384028550237,0.6531427958242401
1531,1.7880257368087769,21056000,55112704,0.019195228000171483,0.6413966992710214
1532,1.7414311170578003,21056000,55112704,0.0187853230163455,0.7005682763339032
1533,1.7425037622451782,21056000,55112704,0.018121798988431692,0.6647240658738538
1534,1.7218348979949951,21056000,55112704,0.01912428403738886,0.6731024355894552
1535,1.7389873266220093,21056000,55112704,0.018849032989237458,0.7009728133445314
1536,1.7275493144989014,21056000,55112704,0.020420874003320932,0.7124820432131627
1537,1.7497309446334839,21056000,55112704,0.02090370695805177,0.6188217030439583
1538,1.7508238554000854,21056000,55112704,0.018617005029227585,0.6962027070057949
1539,1.7599513530731201,21056000,55112704,0.01915864902548492,0.6826931926049876
1540,1.7505916357040405,21056000,55112704,0.017635510012041777,0.6662368655102388
1541,1.7521387338638306,21056000,55112704,0.017236515996046364,0.6790702594963607
1542,1.7617748975753784,21056000,55112704,0.01707642403198406,0.659248007268217
1543,1.7111510038375854,21056000,55112704,0.0171530990046449,0.638960725122956
1544,1.7844634056091309,21056000,55112704,0.017646551015786827,0.6917076601280466
1545,1.6779298782348633,21056000,55112704,0.01811835204716772,0.5838614574485445
1546,1.6708674430847168,21056000,55112704,0.01705510402098298,0.6104388541563636
1547,1.7501683235168457,21056000,55112704,0.017098175012506545,0.706265246470527
1548,1.704740285873413,21056000,55112704,0.017290758958552033,0.6800086929030734
1549,1.7384021282196045,21056000,55112704,0.016919696994591504,0.7094323294902077
1550,1.7222156524658203,21056000,55112704,0.016966986993793398,0.630610530390273
1551,1.7086424827575684,21056000,55112704,0.017199065012391657,0.775583933382791
1552,1.6820108890533447,21056000,55112704,0.017169249011203647,0.6747897388011228
1553,1.661698579788208,21056000,55112704,0.01818476797780022,0.6123644768626569
1554,1.7894607782363892,21056000,55112704,0.01867934298934415,0.7067430709487891
1555,1.777908444404602,21056000,55112704,0.018759824975859374,0.7118456718074124
1556,1.7532272338867188,21056000,55112704,0.019976423995103687,0.690270963194456
1557,1.6780366897583008,21056000,55112704,0.02136927703395486,0.6514382080303134
1558,1.7490226030349731,21056000,55112704,0.01944076200015843,0.7112696348404002
1559,1.7688398361206055,21056000,55112704,0.019787366967648268,0.7114223154431691
1560,1.7618565559387207,21056000,55112704,0.0192437989753671,0.714301333703355
1561,1.7105062007904053,21056000,55112704,0.017448146012611687,0.6340771293716418
1562,1.7522099018096924,21056000,55112704,0.017320254002697766,0.6275399915452047
1563,1.6886987686157227,21056000,55112704,0.018623266951180995,0.6525384810585274
1564,1.7509965896606445,21056000,55112704,0.017980111006181687,0.6285702690554551
1565,1.6864205598831177,21056000,55112704,0.017887695983517915,0.6315517443135074
1566,1.7703471183776855,21056000,55112704,0.021175561007112265,0.7035702546359717
1567,1.7325527667999268,21056000,55112704,0.01942896901164204,0.7212754174984775
1568,1.711301326751709,21056000,55112704,0.017589162045624107,0.6551688099264206
1569,1.7028424739837646,21056000,55112704,0.0177065139869228,0.5855890927998874
1570,1.7597694396972656,21056000,55112704,0.016964240989182144,0.6591517423240641
1571,1.7173908948898315,21056000,55112704,0.017870994983240962,0.6767097649997104
1572,1.7222309112548828,21056000,55112704,0.017703458026517183,0.6873318805031368
1573,1.6811013221740723,21056000,55112704,0.017427877988666296,0.6658786076853319
1574,1.7438874244689941,21056000,55112704,0.017776346008758992,0.6574606009122262
1575,1.7383525371551514,21056000,55112704,0.01809113100171089,0.6266711549260365
1576,1.7940492630004883,21056000,55112704,0.0168301869998686,0.755421882708272
1577,1.6990540027618408,21056000,55112704,0.017063148028682917,0.6575926773696763
1578,1.7858353853225708,21056000,55112704,0.01721798098878935,0.6661960268260652
1579,1.726345419883728,21056000,55112704,0.018806462991051376,0.6607615141053461
1580,1.7134296894073486,21056000,55112704,0.018628776946570724,0.6429170912789545
1581,1.74143648147583,21056000,55112704,0.017883038031868637,0.7131863222024867
1582,1.7434035539627075,21056000,55112704,0.01727983698947355,0.6670157685034576
1583,1.7445199489593506,21056000,55112704,0.017712565953843296,0.6477262237407756
1584,1.6925008296966553,21056000,55112704,0.01779038301901892,0.6282253760530215
1585,1.6982139348983765,21056000,55112704,0.01792082900647074,0.7007951087178347
1586,1.7535587549209595,21056000,55112704,0.017331606009975076,0.6921815481994049
1587,1.734055757522583,21056000,55112704,0.017723024997394532,0.6359037998536893
1588,1.6612632274627686,21056000,55112704,0.017700442054774612,0.6044678154493963
1589,1.7468256950378418,21056000,55112704,0.016999628045596182,0.750721707597121
1590,1.7599116563796997,21056000,55112704,0.01768941100453958,0.6591208061216984
1591,1.7397855520248413,21056000,55112704,0.016953491023741663,0.7030441036632575
1592,1.7070612907409668,21056000,55112704,0.017551300988998264,0.654114358491838
1593,1.702370285987854,21056000,55112704,0.020569946034811437,0.723142851718149
1594,1.7896678447723389,21056000,55112704,0.018178444996010512,0.7289782516730344
1595,1.6942079067230225,21056000,55112704,0.017478453053627163,0.7120579402883624
1596,1.7193416357040405,21056000,55112704,0.01906416896963492,0.6525119333915537
1597,1.814414620399475,21056000,55112704,0.019636431010439992,0.7421849450885801
1598,1.7352190017700195,21056000,55112704,0.018229552020784467,0.6817855617147154
1599,1.755393147468567,21056000,55112704,0.017528987955302,0.6926729495599327
1600,1.7689629793167114,21056000,55112704,0.020791503018699586,0.6908072475836871
1601,1.7556493282318115,21056000,55112704,0.02279054099926725,0.7065601841133641
1602,1.7725646495819092,21056000,55112704,0.0210932029876858,0.6604980826175167
1603,1.7065809965133667,21056000,55112704,0.02092821098631248,0.6538516403965253
1604,1.7455695867538452,21056000,55112704,0.022468481969553977,0.7164525969157909
1605,1.7192866802215576,21056000,55112704,0.022393780993297696,0.6984075625417699
1606,1.7532879114151,21056000,55112704,0.01942859694827348,0.6814481309636068
1607,1.6868484020233154,21056000,55112704,0.019932791008614004,0.7088281720978258
1608,1.7864983081817627,21056000,55112704,0.020240081008523703,0.7670935763063228
1609,1.712147831916809,21056000,55112704,0.019778018002398312,0.7308377006155095
1610,1.723756194114685,21056000,55112704,0.021471308020409197,0.6545785553923805
1611,1.802429437637329,21056000,55112704,0.019108151027467102,0.6708438747771603
1612,1.8165018558502197,21056000,55112704,0.01842841797042638,0.6724917050532973
1613,1.74686598777771,21056000,55112704,0.018398229964077473,0.6693867708435083
1614,1.8059921264648438,21056000,55112704,0.01823579298797995,0.7152867728150349
1615,1.7178949117660522,21056000,55112704,0.01798816496739164,0.6779026931608904
1616,1.7036945819854736,21056000,55112704,0.017903914966154844,0.7134050418266189
1617,1.7294015884399414,21056000,55112704,0.017947427986655384,0.6996395408544227
1618,1.66825270652771,21056000,55112704,0.01779046095907688,0.6339558502828566
1619,1.6955621242523193,21056000,55112704,0.018815368006471545,0.7028634641890767
1620,1.7713768482208252,21056000,55112704,0.018439488019794226,0.7360685455771452
1621,1.7038037776947021,21056000,55112704,0.01810495596146211,0.6813129594325629
1622,1.7198641300201416,21056000,55112704,0.018118071020580828,0.6615848998959415
1623,1.7173188924789429,21056000,55112704,0.018165880988817662,0.7101062849352661
1624,1.7025978565216064,21056000,55112704,0.01853740296792239,0.7046311470040847
1625,1.6913583278656006,21056000,55112704,0.019651548995170742,0.62175108986865
1626,1.7192367315292358,21056000,55112704,0.017965471954084933,0.6646312530220833
1627,1.8097641468048096,21056000,55112704,0.0183483159635216,0.7143896804010323
1628,1.6666653156280518,21056000,55112704,0.018076972977723926,0.6432322306528246
1629,1.7850170135498047,21056000,55112704,0.01809465599944815,0.7633206710738759
1630,1.7365927696228027,21056000,55112704,0.01825109199853614,0.721296501597433
1631,1.78605055809021,21056000,55112704,0.017827269970439374,0.7399640307230102
1632,1.6961274147033691,21056000,55112704,0.017986561986617744,0.7095331981000929
1633,1.6686724424362183,21056000,55112704,0.018110345990862697,0.6777048992985624
1634,1.7304182052612305,21056000,55112704,0.017979960015509278,0.6112214465628857
1635,1.7227352857589722,21056000,55112704,0.018694730009883642,0.6233501827304818
1636,1.7026196718215942,21056000,55112704,0.018099515000358224,0.7421551550062646
1637,1.676316261291504,21056000,55112704,0.018066672957502306,0.6419156058972001
1638,1.705973505973816,21056000,55112704,0.018495142983738333,0.6762815448682868
1639,1.733595848083496,21056000,55112704,0.018206887994892895,0.690356390946578
1640,1.6841729879379272,21056000,55112704,0.018790100992191583,0.6556959045466004
1641,1.6546270847320557,21056000,55112704,0.018872827000450343,0.7174068391474174
1642,1.6902309656143188,21056000,55112704,0.018386406998615712,0.6630615625269443
1643,1.727320909500122,21056000,55112704,0.018738312006462365,0.6640377098175996
1644,1.7124038934707642,21056000,55112704,0.01823358901310712,0.5837059405607015
1645,1.753557562828064,21056000,55112704,0.01799026899971068,0.6892212807320297
1646,1.7251527309417725,21056000,55112704,0.018358303990680724,0.7682320662682592
1647,1.7413437366485596,21056000,55112704,0.017854553007055074,0.6141763130277391
1648,1.711482286453247,21056000,55112704,0.018239218974485993,0.7122411485176673
1649,1.752709150314331,21056000,55112704,0.01829725899733603,0.6525889563219532
1650,1.6928279399871826,21056000,55112704,0.017932019021827728,0.6807147105230499
1651,1.7073378562927246,21056000,55112704,0.01847813103813678,0.6238047745583964
1652,1.6435378789901733,21056000,55112704,0.018932688981294632,0.6721481786748427
1653,1.6798478364944458,21056000,55112704,0.01832417002879083,0.6678928214688755
1654,1.7674866914749146,21056000,55112704,0.018172903975937515,0.6999414141867217
1655,1.774048924446106,21056000,55112704,0.018576476955786347,0.7172449587239896
1656,1.6664098501205444,21056000,55112704,0.017896050994750112,0.6674142622998089
1657,1.7068394422531128,21056000,55112704,0.018223620019853115,0.6338639653042921
1658,1.727649211883545,21056000,55112704,0.017864020017441362,0.701423776343326
1659,1.7238978147506714,21056000,55112704,0.01784840098116547,0.7691667307456487
1660,1.6766281127929688,21056000,55112704,0.018096519052051008,0.6639864339480732
1661,1.6695629358291626,21056000,55112704,0.01778518100036308,0.7416419713658063
1662,1.677983283996582,21056000,55112704,0.018397378036752343,0.6888833140764611
1663,1.754111647605896,21056000,55112704,0.017938460980076343,0.7211443023480144
1664,1.6682766675949097,21056000,55112704,0.017730267019942403,0.728589984281505
1665,1.7300399541854858,21056000,55112704,0.01833364798221737,0.6996731225865098
1666,1.7835034132003784,21056000,55112704,0.017988774983678013,0.7199429029890294
1667,1.7897624969482422,21056000,55112704,0.01800793199799955,0.687339345340954
1668,1.77994966506958,21056000,55112704,0.01817812299123034,0.7781428591524207
1669,1.7796295881271362,21056000,55112704,0.01801303098909557,0.6869013991750283
1670,1.6918449401855469,21056000,55112704,0.018796021002344787,0.7414563955542828
1671,1.7624560594558716,21056000,55112704,0.01780574000440538,0.7394865375679445
1672,1.6766308546066284,21056000,55112704,0.01780306501314044,0.6551057553081756
1673,1.7156784534454346,21056000,55112704,0.017981752986088395,0.6857965961826478
1674,1.7209712266921997,21056000,55112704,0.021139961027074605,0.7430059222618587
1675,1.720963954925537,21056000,55112704,0.01858985098078847,0.6677736281409139
1676,1.7137856483459473,21056000,55112704,0.01850610296241939,0.669840315149162
1677,1.6832606792449951,21056000,55112704,0.018130764015950263,0.6762151294626157
1678,1.6726226806640625,21056000,55112704,0.01833121298113838,0.7450705637256412
1679,1.7401511669158936,21056000,55112704,0.018877766036894172,0.752596595297233
1680,1.7037317752838135,21056000,55112704,0.018245921994093806,0.6146756395554465
1681,1.7886956930160522,21056000,55112704,0.018499049998354167,0.6947001853828247
1682,1.7391512393951416,21056000,55112704,0.019332275027409196,0.7098984471249122
1683,1.7787535190582275,21056000,55112704,0.018552641035057604,0.7385964991733562
1684,1.751471757888794,21056000,55112704,0.018210554961115122,0.6469766449018101
1685,1.6636111736297607,21056000,55112704,0.0188430700218305,0.6447441743007407
1686,1.7781081199645996,21056000,55112704,0.018123899993952364,0.7139485236678393
1687,1.7621746063232422,21056000,55112704,0.01883438299410045,0.6728423109780186
1688,1.6843953132629395,21056000,55112704,0.018181930005084723,0.7778842000373702
1689,1.7252405881881714,21056000,55112704,0.01834017998771742,0.6982932101294501
1690,1.6623914241790771,21056000,55112704,0.01794634497491643,0.6762471584486509
1691,1.7298681735992432,21056000,55112704,0.018068214994855225,0.6275457707187941
1692,1.7642934322357178,21056000,55112704,0.01819204998901114,0.7021087850795188
1693,1.751143455505371,21056000,55112704,0.017918833007570356,0.6946421560239511
1694,1.7138258218765259,21056000,55112704,0.017983224999625236,0.7148334813060351
1695,1.7440731525421143,21056000,55112704,0.017978344985749573,0.6879248647436647
1696,1.7175848484039307,21056000,55112704,0.017858700011856854,0.7071094049001729
1697,1.681982398033142,21056000,55112704,0.01803530298639089,0.7263510324888844
1698,1.6434494256973267,21056000,55112704,0.017967424995731562,0.707602305700659
1699,1.6587594747543335,21056000,55112704,0.018070230027660728,0.6752589001781806
1700,1.7232716083526611,21056000,55112704,0.018378380977082998,0.7309798048067316
1701,1.7777775526046753,21056000,55112704,0.017174235021229833,0.8909185162083345
1702,1.7575432062149048,21056000,55112704,0.016843841003719717,0.6227206814414504
1703,1.730249285697937,21056000,55112704,0.016998753999359906,0.6805339527457122
1704,1.7070932388305664,21056000,55112704,0.016885710007045418,0.7475408007828817
1705,1.6749730110168457,21056000,55112704,0.017312315991148353,0.7369093793986925
1706,1.7909107208251953,21056000,55112704,0.016946243995334953,0.6998740793228957
1707,1.7059671878814697,21056000,55112704,0.016613765968941152,0.6965449963671683
1708,1.6716735363006592,21056000,55112704,0.016765412990935147,0.7409746315106321
1709,1.7300775051116943,21056000,55112704,0.020077852997928858,0.6261155909293785
1710,1.7037767171859741,21056000,55112704,0.017486786004155874,0.6422734461977018
1711,1.6514304876327515,21056000,55112704,0.01710027502849698,0.8293495170590068
1712,1.7020539045333862,21056000,55112704,0.016833792033139616,0.7044750860766225
1713,1.7138727903366089,21056000,55112704,0.017009934992529452,0.6865573252214401
1714,1.7249592542648315,21056000,55112704,0.018151352007407695,0.7518301818162134
1715,1.7524425983428955,21056000,55112704,0.0189930530032143,0.7815701580110422
1716,1.7412461042404175,21056000,55112704,0.01722104399232194,0.6784270138067301
1717,1.7959932088851929,21056000,55112704,0.020188893016893417,0.6650018144016789
1718,1.7091140747070312,21056000,55112704,0.02013185399118811,0.6646679014959956
1719,1.6678738594055176,21056000,55112704,0.017315181030426174,0.7158835448226805
1720,1.7399709224700928,21056000,55112704,0.01763780100736767,0.6970825414870101
1721,1.7446630001068115,21056000,55112704,0.016915265994612128,0.6503763961931509
1722,1.6913961172103882,21056000,55112704,0.016923249990213662,0.6924432590962527
1723,1.7475988864898682,21056000,55112704,0.01666420098626986,0.8001627179741704
1724,1.7397925853729248,21056000,55112704,0.016970288997981697,0.7263005220052114
1725,1.7320085763931274,21056000,55112704,0.017095385992433876,0.6666063389658442
1726,1.6990653276443481,21056000,55112704,0.017929091991391033,0.6702817339475475
1727,1.806347131729126,21056000,55112704,0.018035231973044574,0.8157076415262571
1728,1.7443121671676636,21056000,55112704,0.01765071600675583,0.7934472827129118
1729,1.7049404382705688,21056000,55112704,0.016501834033988416,0.635108016051966
1730,1.7386445999145508,21056000,55112704,0.01677349698729813,0.7091757495839034
1731,1.6576590538024902,21056000,55112704,0.01686957903439179,0.6761464116947851
1732,1.736425757408142,21056000,55112704,0.017176159017253667,0.6845832403150314
1733,1.7366654872894287,21056000,55112704,0.017120403004810214,0.7330042922861725
1734,1.7848365306854248,21056000,55112704,0.017206526012159884,0.7013327326498047
1735,1.6695650815963745,21056000,55112704,0.017654523020610213,0.6548788908901599
1736,1.7106221914291382,21056000,55112704,0.016924613039009273,0.6912029737409455
1737,1.6979752779006958,21056000,55112704,0.01746091601671651,0.7404130952175908
1738,1.7290328741073608,21056000,55112704,0.017066480999346823,0.7624544554292171
1739,1.6907724142074585,21056000,55112704,0.017041843966580927,0.7003077182895425
1740,1.7608393430709839,21056000,55112704,0.016851024003699422,0.7105629220150681
1741,1.6495074033737183,21056000,55112704,0.017082531994674355,0.7084649508299112
1742,1.6840425729751587,21056000,55112704,0.018113390018697828,0.7506133641209901
1743,1.7327053546905518,21056000,55112704,0.01760318601736799,0.6809947785875772
1744,1.729137659072876,21056000,55112704,0.017621019040234387,0.6789220974321036
1745,1.6273301839828491,21056000,55112704,0.01801112701650709,0.6035240422889828
1746,1.6947752237319946,21056000,55112704,0.017093873000703752,0.6748351611960806
1747,1.764747142791748,21056000,55112704,0.01682127796811983,0.6727673073353574
1748,1.7091424465179443,21056000,55112704,0.017016487021464854,0.7341852887470327
1749,1.68281090259552,21056000,55112704,0.01673289103200659,0.6382681278998316
1750,1.6458818912506104,21056000,55112704,0.017702454002574086,0.7058317495533245
1751,1.6890528202056885,21056000,55112704,0.01698440598556772,0.7053546096770849
1752,1.7573044300079346,21056000,55112704,0.016811560024507344,0.768859062424744
1753,1.6844720840454102,21056000,55112704,0.01672443497227505,0.7363765112108298
1754,1.652983546257019,21056000,55112704,0.017232334008440375,0.6441314717649962
1755,1.65309739112854,21056000,55112704,0.01677876798203215,0.656778108292548
1756,1.7166028022766113,21056000,55112704,0.016741015948355198,0.7549089040449907
1757,1.6789002418518066,21056000,55112704,0.01688338501844555,0.718073885692763
1758,1.6597148180007935,21056000,55112704,0.016626779979560524,0.6872997207211374
1759,1.6896363496780396,21056000,55112704,0.016434577002655715,0.6818626283556108
1760,1.7045596837997437,21056000,55112704,0.016948649019468576,0.6968330646335892
1761,1.6485422849655151,21056000,55112704,0.01684820797527209,0.6748416318314844
1762,1.6794686317443848,21056000,55112704,0.017101237026508898,0.784800782626517
1763,1.682810664176941,21056000,55112704,0.017121865996159613,0.6709922941300799
1764,1.685412883758545,21056000,55112704,0.01701052504358813,0.6790937890350629
1765,1.6508667469024658,21056000,55112704,0.017584669985808432,0.7121369756881808
1766,1.6994903087615967,21056000,55112704,0.01685227599227801,0.666196871380084
1767,1.7646201848983765,21056000,55112704,0.016973535006400198,0.690170939929647
1768,1.6090368032455444,21056000,55112704,0.01675029401667416,0.6940316625078401
1769,1.6591509580612183,21056000,55112704,0.01681965502211824,0.7315097650806999
1770,1.7448194026947021,21056000,55112704,0.01677240600110963,0.7400466580001457
1771,1.623732328414917,21056000,55112704,0.01814829499926418,0.7313757156134213
1772,1.6366108655929565,21056000,55112704,0.017287700029555708,0.7344640454863584
1773,1.7526377439498901,21056000,55112704,0.01701921201311052,0.6767573816294541
1774,1.6413222551345825,21056000,55112704,0.01687279500765726,0.7012742451871378
1775,1.6937835216522217,21056000,55112704,0.016825426020659506,0.7501039111715051
1776,1.6634256839752197,21056000,55112704,0.01706792402546853,0.6904508381413685
1777,1.6618232727050781,21056000,55112704,0.016838540032040328,0.7058378095047503
1778,1.6324820518493652,21056000,55112704,0.018614696979057044,0.7006941755609766
1779,1.7193634510040283,21056000,55112704,0.017272480996325612,0.7381226989075871
1780,1.722009301185608,21056000,55112704,0.017441169009543955,0.7110306564682011
1781,1.7849807739257812,21056000,55112704,0.016756925964727998,0.7226525307008683
1782,1.7280172109603882,21056000,55112704,0.017056511947885156,0.7221202509048407
1783,1.6835098266601562,21056000,55112704,0.016946223040577024,0.6384980316760235
1784,1.7421332597732544,21056000,55112704,0.01686378801241517,0.7315249784831951
1785,1.7109733819961548,21056000,55112704,0.01714783499483019,0.7030126276968506
1786,1.6913607120513916,21056000,55112704,0.01735754101537168,0.704398451275978
1787,1.7497127056121826,21056000,55112704,0.016924443014431745,0.6978019248044839
1788,1.6723089218139648,21056000,55112704,0.016816108021885157,0.6680569532449936
1789,1.6855669021606445,21056000,55112704,0.01681701000779867,0.6637427905344089
1790,1.7354060411453247,21056000,55112704,0.016859098977874964,0.7128092193297741
1791,1.7228292226791382,21056000,55112704,0.017615007993299514,0.6232498192680176
1792,1.6708470582962036,21056000,55112704,0.017978494986891747,0.6290333202235712
1793,1.7521612644195557,21056000,55112704,0.018518515047617257,0.6632290848341081
1794,1.6391581296920776,21056000,55112704,0.018288580991793424,0.6758819182084772
1795,1.7252801656723022,21056000,55112704,0.019227284006774426,0.6060369965493727
1796,1.6378434896469116,21056000,55112704,0.01822697394527495,0.6615460795538738
1797,1.68722665309906,21056000,55112704,0.018049818987492472,0.6372405617999716
1798,1.6892696619033813,21056000,55112704,0.022342451033182442,0.6449034492246511
1799,1.7506883144378662,21056000,55112704,0.019323185028042644,0.7454048172252545
1800,1.663043737411499,21056000,55112704,0.018850020947866142,0.6709900642962664
1801,1.6667864322662354,21056000,55112704,0.01816428394522518,0.6725880493562792
1802,1.7653387784957886,21056000,55112704,0.017822789028286934,0.7061756769790637
1803,1.7090375423431396,21056000,55112704,0.017939599987585098,0.6886981990775822
1804,1.7257988452911377,21056000,55112704,0.017759819980710745,0.6834010560372007
1805,1.6755359172821045,21056000,55112704,0.01779467600863427,0.6953575868672837
1806,1.7226381301879883,21056000,55112704,0.018907489022240043,0.708229185151063
1807,1.6497786045074463,21056000,55112704,0.01827630598563701,0.679636416889102
1808,1.7106356620788574,21056000,55112704,0.0179993940400891,0.6649084760167533
1809,1.6505039930343628,21056000,55112704,0.0179093629703857,0.6878273836881117
1810,1.6971356868743896,21056000,55112704,0.018051921972073615,0.7138659676880679
1811,1.63754403591156,21056000,55112704,0.017895848024636507,0.6655011622501092
1812,1.7539674043655396,21056000,55112704,0.018527871987316757,0.6376341258702263
1813,1.6718206405639648,21056000,55112704,0.018173873017076403,0.6644914859043529
1814,1.6414098739624023,21056000,55112704,0.018068614008370787,0.6951539046867258
1815,1.7115774154663086,21056000,55112704,0.017784676980227232,0.6678864098877196
1816,1.6031744480133057,21056000,55112704,0.017888041969854385,0.6163890820853059
1817,1.7289583683013916,21056000,55112704,0.018137674953322858,0.6520522717891111
1818,1.6635233163833618,21056000,55112704,0.017891479015816003,0.6758300999148661
1819,1.7371729612350464,21056000,55112704,0.017892841016873717,0.6745126205572308
1820,1.7134391069412231,21056000,55112704,0.018008529965300113,0.6630602475760157
1821,1.6864991188049316,21056000,55112704,0.01769433601293713,0.7087452366817792
1822,1.7259619235992432,21056000,55112704,0.017744962009601295,0.8359424781698088
1823,1.6786943674087524,21056000,55112704,0.018058123998343945,0.6489496738018087
1824,1.7549800872802734,21056000,55112704,0.017714895016979426,0.7405465012701841
1825,1.6220695972442627,21056000,55112704,0.018002799013629556,0.7114164789782288
1826,1.6313830614089966,21056000,55112704,0.017785930016543716,0.6441705678072649
1827,1.7093347311019897,21056000,55112704,0.017744460958056152,0.6505269588529685
1828,1.6528242826461792,21056000,55112704,0.018094190978445113,0.7426870417399604
1829,1.6740235090255737,21056000,55112704,0.017905926040839404,0.6870896109170359
1830,1.7343863248825073,21056000,55112704,0.01855908101424575,0.648126122258151
1831,1.68649423122406,21056000,55112704,0.017756643996108323,0.7358872022494513
1832,1.6721234321594238,21056000,55112704,0.01777123101055622,0.7238477176424277
1833,1.7144705057144165,21056000,55112704,0.017944548977538943,0.6804916660235347
1834,1.6991667747497559,21056000,55112704,0.019049667986109853,0.6691272575175585
1835,1.6254956722259521,21056000,55112704,0.0180649469839409,0.725610223479385
1836,1.699373483657837,21056000,55112704,0.01814814400859177,0.6860051585226068
1837,1.679504156112671,21056000,55112704,0.017867223010398448,0.7264472344007198
1838,1.7262287139892578,21056000,55112704,0.017784525989554822,0.8046011483277363
1839,1.7033898830413818,21056000,55112704,0.01807800098322332,0.7129887499918836
1840,1.7096866369247437,21056000,55112704,0.01784180401591584,0.7153948041228657
1841,1.628757119178772,21056000,55112704,0.018077940971124917,0.6445043196468373
1842,1.737200140953064,21056000,55112704,0.017754400032572448,0.6890956819449952
1843,1.7252213954925537,21056000,55112704,0.01790711795911193,0.6588952551337595
1844,1.716583490371704,21056000,55112704,0.017975879018194973,0.7039507613252624
1845,1.6670989990234375,21056000,55112704,0.019655783020425588,0.6656561696403008
1846,1.682545781135559,21056000,55112704,0.018173971970099956,0.6989241935297837
1847,1.6399239301681519,21056000,55112704,0.018005574005655944,0.7083076764422831
1848,1.674176573753357,21056000,55112704,0.017769057012628764,0.6875588920735951
1849,1.67142653465271,21056000,55112704,0.01764946203911677,0.6368932801104825
1850,1.6404004096984863,21056000,55112704,0.017973073991015553,0.6466619345857874
1851,1.6750061511993408,21056000,55112704,0.01781031599966809,0.6804331054360298
1852,1.6491811275482178,21056000,55112704,0.017610007023904473,0.7086382891233102
1853,1.6688754558563232,21056000,55112704,0.01769811299163848,0.6957580736766783
1854,1.6582434177398682,21056000,55112704,0.017700638039968908,0.7499064009264435
1855,1.75529146194458,21056000,55112704,0.018002568976953626,0.7938046588402423
1856,1.737107276916504,21056000,55112704,0.01787621102994308,0.6974385787959153
1857,1.6936078071594238,21056000,55112704,0.017654991999734193,0.7371484995984843
1858,1.6852617263793945,21056000,55112704,0.017788454017136246,0.6859683088127991
1859,1.6538643836975098,21056000,55112704,0.017777623957954347,0.7124952053498059
1860,1.6838171482086182,21056000,55112704,0.0182791409897618,0.6652850903120091
1861,1.624069094657898,21056000,55112704,0.019371325033716857,0.6827085000625975
1862,1.6613707542419434,21056000,55112704,0.018524445011280477,0.658319850236268
1863,1.7571855783462524,21056000,55112704,0.018010243016760796,0.7251646544248476
1864,1.751759648323059,21056000,55112704,0.017862564011011273,0.7347408649749879
1865,1.7326775789260864,21056000,55112704,0.017711319029331207,0.6877487532303898
1866,1.6916016340255737,21056000,55112704,0.017734010994900018,0.7151720005406661
1867,1.6953630447387695,21056000,55112704,0.017905956017784774,0.6812198411170867
1868,1.6765729188919067,21056000,55112704,0.018096696003340185,0.6486838300488633
1869,1.6830029487609863,21056000,55112704,0.018172870972193778,0.6822503307865538
1870,1.742971658706665,21056000,55112704,0.01775279699359089,0.7644122503843307
1871,1.695740818977356,21056000,55112704,0.018036382040008903,0.7092040510921437
1872,1.7731307744979858,21056000,55112704,0.01795614103320986,0.7001632011693305
1873,1.6742196083068848,21056000,55112704,0.018940240028314292,0.6439362177450265
1874,1.6918716430664062,21056000,55112704,0.018785346997901797,0.7313402411331473
1875,1.6780380010604858,21056000,55112704,0.019285812973976135,0.7155081186301808
1876,1.7299792766571045,21056000,55112704,0.01804103096947074,0.7112716983494338
1877,1.7263466119766235,21056000,55112704,0.01825854298658669,0.7004212826709708
1878,1.7295196056365967,21056000,55112704,0.021290342032443732,0.7652302534366777
1879,1.615659475326538,21056000,55112704,0.018587081984151155,0.7118998668255123
1880,1.714092493057251,21056000,55112704,0.018192156974691898,0.7614734074919673
1881,1.745607852935791,21056000,55112704,0.017872291966341436,0.7409556841537396
1882,1.6794642210006714,21056000,55112704,0.017772754014004022,0.7354914548255896
1883,1.7333728075027466,21056000,55112704,0.0181031379615888,0.7314328224002
1884,1.6597223281860352,21056000,55112704,0.017696470022201538,0.7539692370333421
1885,1.6859508752822876,21056000,55112704,0.017932745977304876,0.7124705670226658
1886,1.6762651205062866,21056000,55112704,0.017853297002147883,0.7596279915091664
1887,1.6842799186706543,21056000,55112704,0.017835762992035598,0.7304571016614517
1888,1.7476943731307983,21056000,55112704,0.01895493798656389,0.7197629221435886
1889,1.6517300605773926,21056000,55112704,0.01864301902242005,0.677234111273268
1890,1.7100356817245483,21056000,55112704,0.018758055986836553,0.7725654899462954
1891,1.6261532306671143,21056000,55112704,0.017842927016317844,0.6633539137686034
1892,1.7042733430862427,21056000,55112704,0.017748167971149087,0.6406122721296387
1893,1.6432020664215088,21056000,55112704,0.0177221079939045,0.6622182754446386
1894,1.6477735042572021,21056000,55112704,0.01789252000162378,0.6709828942702639
1895,1.6361453533172607,21056000,55112704,0.01779571798397228,0.6360898795046497
1896,1.761846661567688,21056000,55112704,0.017827597970608622,0.7126334011527891
1897,1.6914926767349243,21056000,55112704,0.017814924009144306,0.6842233160329977
1898,1.6915255784988403,21056000,55112704,0.017926956003066152,0.6785081243863512
1899,1.6995668411254883,21056000,55112704,0.017986949009355158,0.7360944867966402
1900,1.6546528339385986,21056000,55112704,0.018510818015784025,0.6886112929720346
1901,1.6769671440124512,21056000,55112704,0.017928647983353585,0.7081465564889879
1902,1.7119125127792358,21056000,55112704,0.017697971023153514,0.763174082249985
1903,1.728914499282837,21056000,55112704,0.01779087696922943,0.642822590881103
1904,1.6992278099060059,21056000,55112704,0.017857263039331883,0.7204769089916062
1905,1.7080974578857422,21056000,55112704,0.017668145999778062,0.7130926568631215
1906,1.689252257347107,21056000,55112704,0.01787841197801754,0.7002679876406029
1907,1.7153148651123047,21056000,55112704,0.01773219695314765,0.698515057983354
1908,1.6304597854614258,21056000,55112704,0.01780706801218912,0.6560429714556584
1909,1.67521333694458,21056000,55112704,0.017877911974210292,0.6385894245150727
1910,1.718510627746582,21056000,55112704,0.01855742500629276,0.7087451884933126
1911,1.6786736249923706,21056000,55112704,0.017573937017004937,0.7150896904657728
1912,1.7009531259536743,21056000,55112704,0.017802629969082773,0.687629757819061
1913,1.6918061971664429,21056000,55112704,0.0206946840044111,0.6948590334356429
1914,1.6717809438705444,21056000,55112704,0.0183796199853532,0.6967565520960157
1915,1.6696834564208984,21056000,55112704,0.01809798798058182,0.7487009349966022
1916,1.7073016166687012,21056000,55112704,0.01821341598406434,0.7728110414630615
1917,1.63032865524292,21056000,55112704,0.01780541497282684,0.6882707789957374
1918,1.62636137008667,21056000,55112704,0.017879534978419542,0.6656721847624054
1919,1.7034343481063843,21056000,55112704,0.017863264016341418,0.7352326720236025
1920,1.7103519439697266,21056000,55112704,0.017819181026425213,0.7700925500023431
1921,1.6575062274932861,21056000,55112704,0.017885254987049848,0.7231017836512319
1922,1.6714560985565186,21056000,55112704,0.017879525024909526,0.6615128420179522
1923,1.633360505104065,21056000,55112704,0.019087097025476396,0.6715989424905913
1924,1.613057017326355,21056000,55112704,0.018113447003997862,0.7472634211366252
1925,1.7046774625778198,21056000,55112704,0.01861824101069942,0.7816966346806322
1926,1.69324791431427,21056000,55112704,0.018011132953688502,0.6833253886228426
1927,1.6824942827224731,21056000,55112704,0.01792523101903498,0.6325032224304048
1928,1.7032357454299927,21056000,55112704,0.019122843979857862,0.7051350573811488
1929,1.6863561868667603,21056000,55112704,0.02134837897028774,0.6726462538021297
1930,1.724813461303711,21056000,55112704,0.018565190955996513,0.6827962753950139
1931,1.71238112449646,21056000,55112704,0.018029418017249554,0.6896188370612214
1932,1.666569471359253,21056000,55112704,0.017713901994284242,0.7341017954698378
1933,1.645790696144104,21056000,55112704,0.017844518995843828,0.6355726237268483
1934,1.6954984664916992,21056000,55112704,0.017876879952382296,0.6472601487130889
1935,1.6268630027770996,21056000,55112704,0.017843717010691762,0.70738935292109
1936,1.7392483949661255,21056000,55112704,0.017729190993122756,0.7546127751938592
1937,1.6762475967407227,21056000,55112704,0.01782107399776578,0.6618106489672881
1938,1.699169397354126,21056000,55112704,0.01768253301270306,0.7491691296193781
1939,1.7115765810012817,21056000,55112704,0.017741743999067694,0.743230743041969
1940,1.64959716796875,21056000,55112704,0.018548788968473673,0.6538073983786465
1941,1.6815379858016968,21056000,55112704,0.017831414006650448,0.6250548031717629
1942,1.6620748043060303,21056000,55112704,0.017918548022862524,0.6337039158963693
1943,1.6852920055389404,21056000,55112704,0.017645421961788088,0.7196383783136971
1944,1.6975311040878296,21056000,55112704,0.01775037101469934,0.6939112158568017
1945,1.7097773551940918,21056000,55112704,0.01788838196080178,0.7618220499282372
1946,1.6827201843261719,21056000,55112704,0.0189404699485749,0.7260085908647091
1947,1.6952528953552246,21056000,55112704,0.017971457971725613,0.6575312856885803
1948,1.6479582786560059,21056000,55112704,0.017741583986207843,0.6893322895802163
1949,1.6867636442184448,21056000,55112704,0.017735232017003,0.6796529216931096
1950,1.7037080526351929,21056000,55112704,0.018509606015868485,0.6413229270167778
1951,1.6587594747543335,21056000,55112704,0.018669707991648465,0.6232046217635051
1952,1.704483151435852,21056000,55112704,0.018015921988990158,0.7402932213715839
1953,1.7099426984786987,21056000,55112704,0.018849176994990557,0.6902097405655724
1954,1.6317877769470215,21056000,55112704,0.018550592998508364,0.6552097153597435
1955,1.7080416679382324,21056000,55112704,0.019512891012709588,0.6488952341484713
1956,1.699055552482605,21056000,55112704,0.01824263104936108,0.6676940606855326
1957,1.6994160413742065,21056000,55112704,0.01787041698116809,0.6824337814331416
1958,1.69501531124115,21056000,55112704,0.018743026012089103,0.7088385523877541
1959,1.6802659034729004,21056000,55112704,0.018016053014434874,0.6613567052558439
1960,1.707850694656372,21056000,55112704,0.017754608998075128,0.6832780700479321
1961,1.68759024143219,21056000,55112704,0.018258880998473614,0.6369382302393867
1962,1.7013306617736816,21056000,55112704,0.0180358299985528,0.6514119535068711
1963,1.681209683418274,21056000,55112704,0.01790974201867357,0.7103449483544574
1964,1.6591461896896362,21056000,55112704,0.018044557014945894,0.6933516680346224
1965,1.6788634061813354,21056000,55112704,0.017779534973669797,0.710293471803616
1966,1.7212589979171753,21056000,55112704,0.017836993967648596,0.7395135906976564
1967,1.6811383962631226,21056000,55112704,0.017982448975089937,0.7538345374147345
1968,1.680384635925293,21056000,55112704,0.017547267023473978,0.8014760970695087
1969,1.6723474264144897,21056000,55112704,0.01796740002464503,0.6630002164309864
1970,1.7001076936721802,21056000,55112704,0.018473125994205475,0.6930562891969575
1971,1.6910837888717651,21056000,55112704,0.017706436978187412,0.6491731265638305
1972,1.6633561849594116,21056000,55112704,0.01810815604403615,0.7368483940383564
1973,1.7148734331130981,21056000,55112704,0.017864676017779857,0.729857337301588
1974,1.6598420143127441,21056000,55112704,0.017943575978279114,0.6725411808909176
1975,1.6946277618408203,21056000,55112704,0.017882189014926553,0.7311972122948894
1976,1.6748610734939575,21056000,55112704,0.0176473650499247,0.7706386790218447
1977,1.7197556495666504,21056000,55112704,0.017644020030274987,0.7284932929905458
1978,1.732194185256958,21056000,55112704,0.019035728997550905,0.6866888878735611
1979,1.7385609149932861,21056000,55112704,0.020509794005192816,0.6884378327273002
1980,1.6695150136947632,21056000,55112704,0.01840229204390198,0.7266515767956178
1981,1.6739168167114258,21056000,55112704,0.0179770480026491,0.7414582156297319
1982,1.707234501838684,21056000,55112704,0.01793344598263502,0.7977142016482093
1983,1.6814134120941162,21056000,55112704,0.017942944017704576,0.685435522484823
1984,1.7049281597137451,21056000,55112704,0.018004460027441382,0.7304366037029072
1985,1.6223783493041992,21056000,55112704,0.018748836999293417,0.7218664634403557
1986,1.6563187837600708,21056000,55112704,0.01782492100028321,0.73279504686907
1987,1.6658555269241333,21056000,55112704,0.01795472699450329,0.7074355102851658
1988,1.6748894453048706,21056000,55112704,0.018018467002548277,0.7436623453313739
1989,1.7155276536941528,21056000,55112704,0.01781633502105251,0.8052342638433441
1990,1.7171281576156616,21056000,55112704,0.01784264500020072,0.7147690987248972
1991,1.638109564781189,21056000,55112704,0.018150566960684955,0.6862097168787564
1992,1.7109187841415405,21056000,55112704,0.017753285996150225,0.729024069008846
1993,1.5845147371292114,21056000,55112704,0.017962291021831334,0.7531702514417448
1994,1.656803846359253,21056000,55112704,0.017809141019824892,0.6969414193448591
1995,1.6512173414230347,21056000,55112704,0.01779540500137955,0.7381854021408006
1996,1.649384617805481,21056000,55112704,0.017837134015280753,0.6653988327915022
1997,1.6243535280227661,21056000,55112704,0.017865216999780387,0.6583544380744323
1998,1.6947492361068726,21056000,55112704,0.017680438002571464,0.7527353464501099
1999,1.7359697818756104,21056000,55112704,0.017721736046951264,0.6654579663512576
2000,1.665594458580017,21056000,55112704,0.01860895100980997,0.6749897545833785
2001,1.669644832611084,21056000,55112704,0.01781716599361971,0.7201499458447509
2002,1.6435061693191528,21056000,55112704,0.01771144598023966,0.7245162543562284
2003,1.6719390153884888,21056000,55112704,0.0178868769435212,0.7061655618644324
2004,1.7031614780426025,21056000,55112704,0.017808247997891158,0.6867604705998419
2005,1.6787298917770386,21056000,55112704,0.018629430967848748,0.7122719518756426
2006,1.6538580656051636,21056000,55112704,0.017727706988807768,0.6357793796818195
2007,1.6602274179458618,21056000,55112704,0.017746821977198124,0.7184422185730021
2008,1.6580021381378174,21056000,55112704,0.01778692804509774,0.7707178475961602
2009,1.6969568729400635,21056000,55112704,0.0177253219881095,0.7496977818028628
2010,1.685636281967163,21056000,55112704,0.01790253701619804,0.6625399397435705
2011,1.6847974061965942,21056000,55112704,0.01756862597540021,0.7038921605346838
2012,1.5961675643920898,21056000,55112704,0.01761345996055752,0.6921542098956244
2013,1.6987322568893433,21056000,55112704,0.019132902030833066,0.767318355865658
2014,1.6734962463378906,21056000,55112704,0.01865603099577129,0.7396417429660384
2015,1.7288451194763184,21056000,55112704,0.018212162016425282,0.657337662826455
2016,1.7421964406967163,21056000,55112704,0.017701236007269472,0.7133527526619986
2017,1.683592677116394,21056000,55112704,0.01770972303347662,0.6776701736395556
2018,1.7821168899536133,21056000,55112704,0.01767795201158151,0.7239607125861286
2019,1.6417847871780396,21056000,55112704,0.017625823966227472,0.6320862282342453
2020,1.7047359943389893,21056000,55112704,0.018629611004143953,0.6741489875105071
2021,1.6253916025161743,21056000,55112704,0.01779658696614206,0.7227606233046735
2022,1.6417405605316162,21056000,55112704,0.01767732104053721,0.6890152159651523
2023,1.6290005445480347,21056000,55112704,0.017911462986376137,0.6794303516451141
2024,1.7240580320358276,21056000,55112704,0.017881356994621456,0.6975375611871762
2025,1.628330111503601,21056000,55112704,0.01753131498117,0.6641119511354536
2026,1.7263712882995605,21056000,55112704,0.017613219970371574,0.6632644682155843
2027,1.6509695053100586,21056000,55112704,0.017866117996163666,0.7020945889700333
2028,1.7251049280166626,21056000,55112704,0.01752243802184239,0.7516635813241418
2029,1.6901475191116333,21056000,55112704,0.017622357001528144,0.6583620792426444
2030,1.6306726932525635,21056000,55112704,0.017712547967676073,0.7336211598502167
2031,1.697073221206665,21056000,55112704,0.017671068955678493,0.724137867359815
2032,1.6483193635940552,21056000,55112704,0.017762643052265048,0.6949927705143139
2033,1.585462212562561,21056000,55112704,0.017600625986233354,0.7395021602678379
2034,1.6979819536209106,21056000,55112704,0.01786363299470395,0.6784803269622821
2035,1.7100533246994019,21056000,55112704,0.01833672699285671,0.6978838539854982
2036,1.7012547254562378,21056000,55112704,0.017657693999353796,0.7722379350394135
2037,1.710466742515564,21056000,55112704,0.017711115011479706,0.6908337176605611
2038,1.6506633758544922,21056000,55112704,0.017692289024125785,0.6707679787982102
2039,1.7182371616363525,21056000,55112704,0.017594965000171214,0.6960496357167264
2040,1.6386529207229614,21056000,55112704,0.01802927698008716,0.7056934284837543
2041,1.6385879516601562,21056000,55112704,0.019048000976908952,0.701335283323513
2042,1.7305842638015747,21056000,55112704,0.018062037997879088,0.7403890823964279
2043,1.622702956199646,21056000,55112704,0.017841482011135668,0.6923557562808167
2044,1.6566962003707886,21056000,55112704,0.01755719498032704,0.7129715294737352
2045,1.6887630224227905,21056000,55112704,0.017898489022627473,0.6947056504869562
2046,1.648459553718567,21056000,55112704,0.01775730197550729,0.7510370125617158
2047,1.6348308324813843,21056000,55112704,0.018727545044384897,0.6969020077158399
2048,1.7375376224517822,21056000,55112704,0.018190921982750297,0.7471232455048948
2049,1.614819884300232,21056000,55112704,0.017919387959409505,0.7290275522876541
2050,1.706460952758789,21056000,55112704,0.018974021018948406,0.630298530337068
2051,1.6511943340301514,21056000,55112704,0.017881717009004205,0.6940824397999352
2052,1.6554921865463257,21056000,55112704,0.017806764983106405,0.7433674468817191
2053,1.7032735347747803,21056000,55112704,0.017797167995013297,0.6699391672757132
2054,1.68724524974823,21056000,55112704,0.017744257987942547,0.7123874158319417
2055,1.6476492881774902,21056000,55112704,0.01744640397373587,0.6547110684354756
2056,1.7058756351470947,21056000,55112704,0.017704572004731745,0.7269616484711846
2057,1.686043381690979,21056000,55112704,0.017568044015206397,0.666008152621134
2058,1.6186673641204834,21056000,55112704,0.017635743017308414,0.832184379506046
2059,1.6918076276779175,21056000,55112704,0.01784155098721385,0.7664860628903215
2060,1.6607333421707153,21056000,55112704,0.017565689980983734,0.6714749561164773
2061,1.684303879737854,21056000,55112704,0.017913918010890484,0.6247214335647824
2062,1.6824687719345093,21056000,55112704,0.017726744001265615,0.7157667457561031
2063,1.695156216621399,21056000,55112704,0.01787664700532332,0.7092641660264448
2064,1.6990323066711426,21056000,55112704,0.017574546043761075,0.6597439298731045
2065,1.6883015632629395,21056000,55112704,0.018437688006088138,0.7165550292313819
2066,1.675474762916565,21056000,55112704,0.01763041300000623,0.6914464353170992
2067,1.634364128112793,21056000,55112704,0.017524673021398485,0.6419821152496806
2068,1.6936012506484985,21056000,55112704,0.019176052999682724,0.7430620729922235
2069,1.6441357135772705,21056000,55112704,0.01963106298353523,0.6734296058090417
2070,1.6598610877990723,21056000,55112704,0.01779866003198549,0.6611883433454969
2071,1.651721715927124,21056000,55112704,0.01759597798809409,0.6386237625218065
2072,1.6477890014648438,21056000,55112704,0.017568195005878806,0.6555364089819306
2073,1.7172942161560059,21056000,55112704,0.018393894017208368,0.6736251750829884
2074,1.678503155708313,21056000,55112704,0.017768282967153937,0.6972228954197187
2075,1.6474884748458862,21056000,55112704,0.01770658598979935,0.6691610838848892
2076,1.5980569124221802,21056000,55112704,0.017681117984466255,0.6186877181306082
2077,1.6975784301757812,21056000,55112704,0.01750882202759385,0.6991380750273717
2078,1.6691066026687622,21056000,55112704,0.018005451012868434,0.6504533677261277
2079,1.685463547706604,21056000,55112704,0.017862059990875423,0.6610857512796708
2080,1.6471667289733887,21056000,55112704,0.019824908988084644,0.6926124362348465
2081,1.7031681537628174,21056000,55112704,0.017971866996958852,0.6668184565402369
2082,1.6732202768325806,21056000,55112704,0.017920690996106714,0.6539673615970079
2083,1.6630252599716187,21056000,55112704,0.017680477001704276,0.6732821678266375
2084,1.6969603300094604,21056000,55112704,0.017804500996135175,0.6838342110656747
2085,1.6576721668243408,21056000,55112704,0.017824419017415494,0.6834127057884555
2086,1.6193010807037354,21056000,55112704,0.017707908002194017,0.6561289657817467
2087,1.6779969930648804,21056000,55112704,0.018000392010435462,0.7064475502438352
2088,1.6565890312194824,21056000,55112704,0.01771075400756672,0.6560025758263154
2089,1.663085699081421,21056000,55112704,0.01782462903065607,0.6769897755318385
2090,1.6322535276412964,21056000,55112704,0.018001454009208828,0.6672605600536421
2091,1.6488274335861206,21056000,55112704,0.017666900996118784,0.6658431413777843
2092,1.6828869581222534,21056000,55112704,0.01771332899807021,0.6694426708541624
2093,1.6566250324249268,21056000,55112704,0.0178216639906168,0.6801011102298034
2094,1.6787728071212769,21056000,55112704,0.017695293994620442,0.6710996472166174
2095,1.6521883010864258,21056000,55112704,0.01878966297954321,0.6677514916564623
2096,1.6578634977340698,21056000,55112704,0.018664355971850455,0.6472401092459559
2097,1.7247235774993896,21056000,55112704,0.018060593982227147,0.6966347111138815
2098,1.6507962942123413,21056000,55112704,0.017841782013420016,0.6930479572641598
2099,1.6727442741394043,21056000,55112704,0.01747995795449242,0.6938812116004952
2100,1.6100918054580688,21056000,55112704,0.018837340991012752,0.7004697710549329
2101,1.6515393257141113,21056000,55112704,0.017960293975193053,0.665757748712307
2102,1.680288314819336,21056000,55112704,0.017880995001178235,0.7212813511980432
2103,1.6077364683151245,21056000,55112704,0.01789539196761325,0.7162161619983233
2104,1.7132796049118042,21056000,55112704,0.02110210101818666,0.7813033884496153
2105,1.646555781364441,21056000,55112704,0.01839411404216662,0.6990040271613399
2106,1.6988004446029663,21056000,55112704,0.01796562399249524,0.7322016366796437
2107,1.6785824298858643,21056000,55112704,0.017781986971385777,0.7645090947074128
2108,1.6343001127243042,21056000,55112704,0.017562712950166315,0.6582468425602076
2109,1.6239326000213623,21056000,55112704,0.017887897964101285,0.6670769367299072
2110,1.6550285816192627,21056000,55112704,0.017875845020171255,0.7092723256350132
2111,1.6560012102127075,21056000,55112704,0.01779989094939083,0.7290395717260649
2112,1.711854338645935,21056000,55112704,0.01789746602298692,0.7290735163908918
2113,1.6216034889221191,21056000,55112704,0.01768837997224182,0.6857639791604344
2114,1.6535320281982422,21056000,55112704,0.017894660006277263,0.7103349640497081
2115,1.6486419439315796,21056000,55112704,0.018442585016600788,0.7499473013513088
2116,1.7104417085647583,21056000,55112704,0.018242196994833648,0.7242173169909221
2117,1.650220274925232,21056000,55112704,0.018507649016100913,0.6909416282928098
2118,1.6798558235168457,21056000,55112704,0.01792896498227492,0.7196237823023737
2119,1.650968313217163,21056000,55112704,0.018733856035396457,0.6968360559031015
2120,1.648177981376648,21056000,55112704,0.018461231025867164,0.6902595731126369
2121,1.6997884511947632,21056000,55112704,0.01787471299758181,0.6587754669192845
2122,1.6345068216323853,21056000,55112704,0.018114014994353056,0.7063455288393478
2123,1.6845766305923462,21056000,55112704,0.018027862010058016,0.7256029239881692
2124,1.6806527376174927,21056000,55112704,0.017900721984915435,0.6969130275145128
2125,1.6581364870071411,21056000,55112704,0.01785455399658531,0.7192028112769483
2126,1.6481928825378418,21056000,55112704,0.01776485500158742,0.6649022319187784
2127,1.694455623626709,21056000,55112704,0.017842861998360604,0.7092388368276588
2128,1.6512209177017212,21056000,55112704,0.01788339897757396,0.6564274280837721
2129,1.6497414112091064,21056000,55112704,0.017654246010351926,0.6501734615478865
2130,1.7287540435791016,21056000,55112704,0.018213002011179924,0.699654144973067
2131,1.6686562299728394,21056000,55112704,0.019108253996819258,0.6686129978222888
2132,1.6314040422439575,21056000,55112704,0.01827748300274834,0.6907698353330315
2133,1.6335633993148804,21056000,55112704,0.01784451596904546,0.6515186593486039
2134,1.604287028312683,21056000,55112704,0.01777470303932205,0.6658317132644307
2135,1.6630890369415283,21056000,55112704,0.017602358013391495,0.7684291209528804
2136,1.7248284816741943,21056000,55112704,0.01771375903626904,0.6686685902662596
2137,1.6777598857879639,21056000,55112704,0.01769788801902905,0.69090320826554
2138,1.6489452123641968,21056000,55112704,0.017625441018026322,0.6430672566622145
2139,1.6553198099136353,21056000,55112704,0.018051567021757364,0.7007324701852462
2140,1.6327412128448486,21056000,55112704,0.017781155998818576,0.6819166160251655
2141,1.6953864097595215,21056000,55112704,0.01770084397867322,0.6636498714102562
2142,1.6680458784103394,21056000,55112704,0.017960764991585165,0.6469130794235807
2143,1.659760594367981,21056000,55112704,0.017762470990419388,0.6749545636312099
2144,1.618383526802063,21056000,55112704,0.017773181025404483,0.6670204661573428
2145,1.7260479927062988,21056000,55112704,0.018623147043399513,0.6974597143650062
2146,1.6627874374389648,21056000,55112704,0.017609931994229555,0.7054588422582926
2147,1.635633945465088,21056000,55112704,0.017669184016995132,0.7015587073272844
2148,1.599615454673767,21056000,55112704,0.01877342996886,0.6359521722362294
2149,1.6519664525985718,21056000,55112704,0.017972597968764603,0.7311182332684839
2150,1.6865036487579346,21056000,55112704,0.01788295799633488,0.7002513974088435
2151,1.6926106214523315,21056000,55112704,0.017686858016531914,0.6905948323991973
2152,1.683278203010559,21056000,55112704,0.017727403959725052,0.6746399491684817
2153,1.67928946018219,21056000,55112704,0.017912152979988605,0.6906706783684102
2154,1.6648236513137817,21056000,55112704,0.017718197021167725,0.6577913316533801
2155,1.7181297540664673,21056000,55112704,0.017768571968190372,0.6598987141673798
2156,1.7097465991973877,21056000,55112704,0.01787175697972998,0.7158140477692911
2157,1.6863809823989868,21056000,55112704,0.017800573026761413,0.6810320459068164
2158,1.6336877346038818,21056000,55112704,0.018712996039539576,0.6783347734094276
2159,1.709810733795166,21056000,55112704,0.018646761018317193,0.7383926182549704
2160,1.6476560831069946,21056000,55112704,0.018882397038396448,0.7173996170769632
2161,1.6772077083587646,21056000,55112704,0.01792257302440703,0.7141792660373005
2162,1.6878865957260132,21056000,55112704,0.01770119502907619,0.7007943980348076
2163,1.7268613576889038,21056000,55112704,0.017721323005389422,0.671569788552387
2164,1.6889522075653076,21056000,55112704,0.01776065700687468,0.7113674380400008
2165,1.6861895322799683,21056000,55112704,0.017700283031444997,0.6945532426055999
2166,1.631544589996338,21056000,55112704,0.017754204978700727,0.7231670039547601
2167,1.6966732740402222,21056000,55112704,0.01787329005310312,0.6961003772197557
2168,1.6413476467132568,21056000,55112704,0.01765470701502636,0.6589537725042838
2169,1.633554220199585,21056000,55112704,0.017989118001423776,0.6809718372300589
2170,1.6777048110961914,21056000,55112704,0.017792356957215816,0.7460285497631218
2171,1.630103588104248,21056000,55112704,0.01758859195979312,0.6588599501348386
2172,1.6988786458969116,21056000,55112704,0.017537926032673568,0.6613120826091549
2173,1.692986011505127,21056000,55112704,0.017578912957105786,0.7029766279499482
2174,1.5856730937957764,21056000,55112704,0.017414172005373985,0.6286405080954363
2175,1.651345133781433,21056000,55112704,0.018241696001496166,0.6735506019330003
2176,1.6337634325027466,21056000,55112704,0.017683090001810342,0.6750250656199185
2177,1.6274816989898682,21056000,55112704,0.017736219975631684,0.6510776238750174
2178,1.6795495748519897,21056000,55112704,0.017825369024649262,0.7491894895628862
2179,1.6855113506317139,21056000,55112704,0.017644196981564164,0.6695241915868019
2180,1.6694238185882568,21056000,55112704,0.01758256001630798,0.6678214124508824
2181,1.7212555408477783,21056000,55112704,0.018434961035382003,0.710933562469828
2182,1.6527612209320068,21056000,55112704,0.01829723996343091,0.6995546934632592
2183,1.742500901222229,21056000,55112704,0.017965604027267545,0.7274819744317319
2184,1.6800247430801392,21056000,55112704,0.01784013700671494,0.6595827644188947
2185,1.6352910995483398,21056000,55112704,0.017591818002983928,0.6646699760125664
2186,1.6471163034439087,21056000,55112704,0.01850658602779731,0.6941606552107821
2187,1.6833676099777222,21056000,55112704,0.01821792096598074,0.7529695410069085
2188,1.623712420463562,21056000,55112704,0.017793469014577568,0.7144128372971306
2189,1.6681077480316162,21056000,55112704,0.018720310006756335,0.72334251232296
2190,1.6929445266723633,21056000,55112704,0.022085969045292586,0.673975671687153
2191,1.6370458602905273,21056000,55112704,0.01835858600679785,0.6907483166775097
2192,1.631365418434143,21056000,55112704,0.01811594801256433,0.6752157938660243
2193,1.644927740097046,21056000,55112704,0.01831968198530376,0.68047379579141
2194,1.6791430711746216,21056000,55112704,0.01807271596044302,0.6929832769232136
2195,1.672890305519104,21056000,55112704,0.017851117998361588,0.7048192020771087
2196,1.6553066968917847,21056000,55112704,0.017938601959031075,0.6991211513266774
2197,1.6476918458938599,21056000,55112704,0.01791048899758607,0.699567829514563
2198,1.629072666168213,21056000,55112704,0.018171501986216754,0.6987059706709586
2199,1.6645925045013428,21056000,55112704,0.017967296997085214,0.6790957580426309
2200,1.6240594387054443,21056000,55112704,0.01888632297050208,0.6306885539560104
2201,1.683659315109253,21056000,55112704,0.017739807022735476,0.662677607318379
2202,1.620529055595398,21056000,55112704,0.017283163033425808,0.6989862701207911
2203,1.6348830461502075,21056000,55112704,0.01689304696628824,0.6545402536199691
2204,1.6728979349136353,21056000,55112704,0.01671306701609865,0.7151198194987024
2205,1.7110792398452759,21056000,55112704,0.016782116959802806,0.7115303134286566
2206,1.6305233240127563,21056000,55112704,0.016946097020991147,0.6331156638153104
2207,1.624875545501709,21056000,55112704,0.016620080976281315,0.6871190098900636
2208,1.6407753229141235,21056000,55112704,0.01675767096458003,0.7034036953672986
2209,1.6827313899993896,21056000,55112704,0.016826411010697484,0.7005347879696558
2210,1.6289016008377075,21056000,55112704,0.017186592041980475,0.6664125016633257
2211,1.6050429344177246,21056000,55112704,0.016787758038844913,0.7479328659023061
2212,1.6779805421829224,21056000,55112704,0.01720708899665624,0.6576910760182317
2213,1.6567660570144653,21056000,55112704,0.01684449496679008,0.7053207775704693
2214,1.6876479387283325,21056000,55112704,0.017954141017980874,0.6963183470756601
2215,1.5912104845046997,21056000,55112704,0.017045754997525364,0.8244524365888556
2216,1.6768215894699097,21056000,55112704,0.016860796022228897,0.7430044671686432
2217,1.6089204549789429,21056000,55112704,0.017056866025086492,0.7066626825129022
2218,1.6423777341842651,21056000,55112704,0.018621481955051422,0.7320979723974137
2219,1.6762343645095825,21056000,55112704,0.01721167901996523,0.731659273584067
2220,1.6326009035110474,21056000,55112704,0.01767932204529643,0.6556525686074027
2221,1.6339812278747559,21056000,55112704,0.018025906989350915,0.6877849862931698
2222,1.6558961868286133,21056000,55112704,0.018339489004574716,0.6904827460619248
2223,1.7004199028015137,21056000,55112704,0.02041749597992748,0.6744887071024066
2224,1.6771252155303955,21056000,55112704,0.019370237016119063,0.7606392566859163
2225,1.6249675750732422,21056000,55112704,0.02038881101179868,0.6614487290808335
2226,1.6380298137664795,21056000,55112704,0.022005586011800915,0.708247264380264
2227,1.6092582941055298,21056000,55112704,0.021317896025720984,0.7047183522639516
2228,1.6272841691970825,21056000,55112704,0.018178976024501026,0.6588191285318545
2229,1.634474515914917,21056000,55112704,0.01800643897149712,0.6904170053572114
2230,1.6692756414413452,21056000,55112704,0.018124823982361704,0.6867279943617774
2231,1.6835589408874512,21056000,55112704,0.017678920994512737,0.6582444728041434
2232,1.615802526473999,21056000,55112704,0.017524840019177645,0.697930855889647
2233,1.666731595993042,21056000,55112704,0.01767182705225423,0.7270260714574106
2234,1.6776163578033447,21056000,55112704,0.01775244000600651,0.7326160851971926
2235,1.668670415878296,21056000,55112704,0.01776557503035292,0.7116739637076483
2236,1.6274069547653198,21056000,55112704,0.018251694040372968,0.7315460529898604
2237,1.6791990995407104,21056000,55112704,0.01756570697762072,0.7563997737620028
2238,1.7191946506500244,21056000,55112704,0.017806312011089176,0.7253148392054544
2239,1.6851062774658203,21056000,55112704,0.0178906109649688,0.6972515682684274
2240,1.6614259481430054,21056000,55112704,0.018453074037097394,0.7794572490698889
2241,1.766394019126892,21056000,55112704,0.017832792014814913,0.6904395424032526
2242,1.7024948596954346,21056000,55112704,0.01779405801789835,0.7434817085830357
2243,1.712904691696167,21056000,55112704,0.017723054974339902,0.7645171347358259
2244,1.6998317241668701,21056000,55112704,0.017921489023137838,0.7064941680582133
2245,1.6931777000427246,21056000,55112704,0.01774046797072515,0.6815632676366443
2246,1.6775078773498535,21056000,55112704,0.017713545996230096,0.6725875901545546
2247,1.5976145267486572,21056000,55112704,0.017648574023041874,0.7057861215523786
2248,1.6618276834487915,21056000,55112704,0.017580896033905447,0.749903059438032
2249,1.6697196960449219,21056000,55112704,0.017949551984202117,0.6885227774894956
2250,1.7061399221420288,21056000,55112704,0.019079126010183245,0.7378631419778297
2251,1.5709047317504883,21056000,55112704,0.019843852031044662,0.6703396698838927
2252,1.633103847503662,21056000,55112704,0.018261461053043604,0.6686641644672627
2253,1.6706149578094482,21056000,55112704,0.01800726098008454,0.6835303833236464
2254,1.6461632251739502,21056000,55112704,0.01764482702128589,0.6682198106132949
2255,1.6502739191055298,21056000,55112704,0.018642721988726407,0.6462997916788599
2256,1.6749531030654907,21056000,55112704,0.017588449991308153,0.6832011171528004
2257,1.6503338813781738,21056000,55112704,0.01773478597169742,0.646898320224677
2258,1.6521925926208496,21056000,55112704,0.017820789013057947,0.7258006755034915
2259,1.6723887920379639,21056000,55112704,0.01762811600929126,0.7124136015955694
2260,1.6093931198120117,21056000,55112704,0.01786923996405676,0.6487140924280258
2261,1.6437920331954956,21056000,55112704,0.017878316983114928,0.7398307142618189
2262,1.6276447772979736,21056000,55112704,0.01759040297474712,0.6892211171283081
2263,1.591992735862732,21056000,55112704,0.017782336042728275,0.651427130993446
2264,1.7124024629592896,21056000,55112704,0.017463534022681415,0.7231432671052127
2265,1.694874882698059,21056000,55112704,0.017461270035710186,0.6899163209387694
2266,1.636576771736145,21056000,55112704,0.017934383999090642,0.7268643668225392
2267,1.6951651573181152,21056000,55112704,0.01752110297093168,0.7142357116359244
2268,1.701106071472168,21056000,55112704,0.017752160027157515,0.6985517333322306
2269,1.5991780757904053,21056000,55112704,0.017632193048484623,0.7070241052121419
2270,1.689827799797058,21056000,55112704,0.018044251017272472,0.7350630653968984
2271,1.698811650276184,21056000,55112704,0.017563814006280154,0.769382018511923
2272,1.6006696224212646,21056000,55112704,0.01773923501605168,0.6990391408321917
2273,1.6794883012771606,21056000,55112704,0.017524208989925683,0.6780129889847448
2274,1.6263275146484375,21056000,55112704,0.01778015203308314,0.6613752511890773
2275,1.6083351373672485,21056000,55112704,0.017538034997414798,0.682437353700556
2276,1.6166144609451294,21056000,55112704,0.017692407011054456,0.7216027328025334
2277,1.621434211730957,21056000,55112704,0.018864711979404092,0.6841212345286963
2278,1.6226718425750732,21056000,55112704,0.018294092966243625,0.7257276378730617
2279,1.6238216161727905,21056000,55112704,0.017826279974542558,0.7088302405433241
2280,1.68717360496521,21056000,55112704,0.017785732983611524,0.710039389342037
2281,1.660071611404419,21056000,55112704,0.01754601002903655,0.7107980935731519
2282,1.6782690286636353,21056000,55112704,0.017636029981076717,0.6784084162652655
2283,1.660199761390686,21056000,55112704,0.01885019295150414,0.7501245552449392
2284,1.6187771558761597,21056000,55112704,0.020504538959357888,0.7080627491412722
2285,1.6775579452514648,21056000,55112704,0.018666877003852278,0.7196505174374955
2286,1.6598355770111084,21056000,55112704,0.017786282987799495,0.6883027493363449
2287,1.6645479202270508,21056000,55112704,0.017912873008754104,0.8136373182807646
2288,1.602340817451477,21056000,55112704,0.01780471799429506,0.7359753294143777
2289,1.6412979364395142,21056000,55112704,0.017725548997987062,0.6860549801449563
2290,1.6065542697906494,21056000,55112704,0.017663141014054418,0.7149622862174738
2291,1.6446614265441895,21056000,55112704,0.01772730197990313,0.7138251534654967
2292,1.6162394285202026,21056000,55112704,0.017642462044022977,0.6857525861510839
2293,1.618680715560913,21056000,55112704,0.01763618999393657,0.6912107562119186
2294,1.6689326763153076,21056000,55112704,0.017823314003180712,0.7542960128691358
2295,1.7072007656097412,21056000,55112704,0.017673801048658788,0.6503411513834291
2296,1.5806690454483032,21056000,55112704,0.017922871047630906,0.7156079560119419
2297,1.6412160396575928,21056000,55112704,0.017638012999668717,0.7609581077138275
2298,1.6598360538482666,21056000,55112704,0.017668731044977903,0.7545864325446334
2299,1.6074072122573853,21056000,55112704,0.017642532009631395,0.6905827603403137
2300,1.6015853881835938,21056000,55112704,0.018491805996745825,0.6592269058391453
2301,1.6451810598373413,21056000,55112704,0.01800061803078279,0.7416512349830382
2302,1.6342204809188843,21056000,55112704,0.017565987014677376,0.8092880405099666
2303,1.568778157234192,21056000,55112704,0.017756195971742272,0.7175198868390102
2304,1.6187515258789062,21056000,55112704,0.017636218981351703,0.7121401045280151
2305,1.7139396667480469,21056000,55112704,0.01840748597169295,0.7711282850525317
2306,1.6001509428024292,21056000,55112704,0.017566638009157032,0.6621623647769188
2307,1.6748970746994019,21056000,55112704,0.017532834026496857,0.7105060517177245
2308,1.7067211866378784,21056000,55112704,0.01744145102566108,0.6775253469801819
2309,1.6372188329696655,21056000,55112704,0.017571586999110878,0.6933445281950136
2310,1.6347033977508545,21056000,55112704,0.017702123965136707,0.6867548111914815
2311,1.6228004693984985,21056000,55112704,0.017478180001489818,0.7299243759130216
2312,1.6447312831878662,21056000,55112704,0.01759009197121486,0.6575170514232029
2313,1.6894662380218506,21056000,55112704,0.018979086016770452,0.7264406273563467
2314,1.6317461729049683,21056000,55112704,0.02028103597695008,0.7412099752554189
2315,1.624356746673584,21056000,55112704,0.017900769016705453,0.7296962806364852
2316,1.631637692451477,21056000,55112704,0.0176070750458166,0.6720752010500073
2317,1.5416865348815918,21056000,55112704,0.017638001998420805,0.6477380993180254
2318,1.6072053909301758,21056000,55112704,0.01761500904103741,0.6586424230912636
2319,1.687170147895813,21056000,55112704,0.020628452009987086,0.7291838480208721
2320,1.7009813785552979,21056000,55112704,0.01900365302572027,0.6645112148012617
2321,1.656760573387146,21056000,55112704,0.017735395987983793,0.6930027915001689
2322,1.6298224925994873,21056000,55112704,0.017456390021834522,0.7439176687808531
2323,1.6647696495056152,21056000,55112704,0.017727500991895795,0.7044537748103705
2324,1.6706372499465942,21056000,55112704,0.017740936018526554,0.646615549883209
2325,1.5926189422607422,21056000,55112704,0.018534234957769513,0.6823331852111496
2326,1.6305629014968872,21056000,55112704,0.018572306958958507,0.6850461320175268
2327,1.655450701713562,21056000,55112704,0.018022779026068747,0.7582719211815109
2328,1.572351098060608,21056000,55112704,0.01776473200879991,0.7047902260381259
2329,1.650793194770813,21056000,55112704,0.017728514038026333,0.7173407870251939
2330,1.7244770526885986,21056000,55112704,0.017770992999430746,0.7498354725812661
2331,1.7088593244552612,21056000,55112704,0.01766317995497957,0.7690057658807491
2332,1.6500636339187622,21056000,55112704,0.017814133956562728,0.7140110279318942
2333,1.6590077877044678,21056000,55112704,0.01751371700083837,0.7374791554143906
2334,1.6255298852920532,21056000,55112704,0.0176373110152781,0.7451372529030407
2335,1.6808876991271973,21056000,55112704,0.018435920006595552,0.7243179630094227
2336,1.5349384546279907,21056000,55112704,0.01759922900237143,0.7032675635723581
2337,1.565847635269165,21056000,55112704,0.01805691298795864,0.720290550651509
2338,1.6460543870925903,21056000,55112704,0.017782445007469505,0.6754581051316948
2339,1.5692594051361084,21056000,55112704,0.01757180702406913,0.7050212052200147
2340,1.6098217964172363,21056000,55112704,0.018372669990640134,0.69494531926923
2341,1.6612130403518677,21056000,55112704,0.018304791999980807,0.6659047961706623
2342,1.6243644952774048,21056000,55112704,0.017703466000966728,0.6929038250471337
2343,1.7238268852233887,21056000,55112704,0.01779553003143519,0.7286247364644671
2344,1.6818432807922363,21056000,55112704,0.01764915301464498,0.7526134042960068
2345,1.619254231452942,21056000,55112704,0.01747631700709462,0.677310779738644
2346,1.558665156364441,21056000,55112704,0.01745201100129634,0.6696108423943438
2347,1.6423208713531494,21056000,55112704,0.017649574030656368,0.6816878400903771
2348,1.6640050411224365,21056000,55112704,0.0176672869711183,0.7954657861525877
2349,1.6391795873641968,21056000,55112704,0.017512725957203656,0.6862814613566927
2350,1.5540227890014648,21056000,55112704,0.018326663004700094,0.6929108313978433
2351,1.6301836967468262,21056000,55112704,0.017866914975456893,0.7328966928924561
2352,1.6285649538040161,21056000,55112704,0.020680309971794486,0.7140703145602433
2353,1.70550537109375,21056000,55112704,0.01865970203652978,0.7781776990376167
2354,1.6789653301239014,21056000,55112704,0.017917099001351744,0.7699538517274009
2355,1.6242637634277344,21056000,55112704,0.017630958987865597,0.6334003271049089
2356,1.757705569267273,21056000,55112704,0.01766218798002228,0.7493319541876949
2357,1.6752970218658447,21056000,55112704,0.01764010696206242,0.744030599182711
2358,1.6772247552871704,21056000,55112704,0.01757915096823126,0.7637726477577739
2359,1.5851728916168213,21056000,55112704,0.017603768035769463,0.7312819854216586
2360,1.6794788837432861,21056000,55112704,0.017480364011134952,0.6976848042303067
2361,1.6113423109054565,21056000,55112704,0.017596634046640247,0.6842091011669493
2362,1.615017056465149,21056000,55112704,0.01829692698083818,0.6837895482459733
2363,1.646766185760498,21056000,55112704,0.017837648978456855,0.6991848362574661
2364,1.6617718935012817,21056000,55112704,0.017647130007389933,0.6902354153804546
2365,1.6282613277435303,21056000,55112704,0.018591183004900813,0.7358436371833098
2366,1.624066948890686,21056000,55112704,0.01753928599646315,0.7038771001984718
2367,1.6092723608016968,21056000,55112704,0.017678047996014357,0.6423589674048238
2368,1.6331984996795654,21056000,55112704,0.01863488502567634,0.7498696667867836
2369,1.6818006038665771,21056000,55112704,0.01827367296209559,0.7351916273099165
2370,1.6274322271347046,21056000,55112704,0.017845534021034837,0.6576708253198983
2371,1.6479647159576416,21056000,55112704,0.01775190798798576,0.6368137793206802
2372,1.6338284015655518,21056000,55112704,0.017794316983781755,0.7249420449786611
2373,1.6321899890899658,21056000,55112704,0.01781224104342982,0.7804903314191906
2374,1.611729383468628,21056000,55112704,0.017601582978386432,0.7209739320894354
2375,1.6114695072174072,21056000,55112704,0.017596374033018947,0.6808422559271787
2376,1.6871025562286377,21056000,55112704,0.017762607021722943,0.7081197978680309
2377,1.631593108177185,21056000,55112704,0.01746815099613741,0.7606638402232571
2378,1.6671655178070068,21056000,55112704,0.017792382976040244,0.7048258712112165
2379,1.6429623365402222,21056000,55112704,0.017687705985736102,0.7016311544549051
2380,1.6705148220062256,21056000,55112704,0.018283772049471736,0.6697428535912514
2381,1.658380389213562,21056000,55112704,0.017838069994468242,0.6954665089953073
2382,1.6146095991134644,21056000,55112704,0.018310341984033585,0.7117817927436342
2383,1.6346491575241089,21056000,55112704,0.017600060033146292,0.6886994749342762
2384,1.6315072774887085,21056000,55112704,0.01768625300610438,0.6952271161109852
2385,1.641675353050232,21056000,55112704,0.020648700010497123,0.7483037925494005
2386,1.647819995880127,21056000,55112704,0.01811453199479729,0.7213959168063924
2387,1.6884009838104248,21056000,55112704,0.017770612030290067,0.7187152886960781
2388,1.6138525009155273,21056000,55112704,0.017488378973212093,0.6909440578528374
2389,1.6365914344787598,21056000,55112704,0.017458943999372423,0.6907591287817876
2390,1.6287522315979004,21056000,55112704,0.017625337990466505,0.7741360402726836
2391,1.6137405633926392,21056000,55112704,0.01737171900458634,0.709905365999835
2392,1.6440263986587524,21056000,55112704,0.01765966200036928,0.7126580425438354
2393,1.6292524337768555,21056000,55112704,0.01760728401131928,0.6868489873064396
2394,1.6412887573242188,21056000,55112704,0.017501885013189167,0.7588157358097108
2395,1.686557412147522,21056000,55112704,0.018848939973395318,0.7427072741325782
2396,1.633410096168518,21056000,55112704,0.01854992494918406,0.7110304253359991
2397,1.6018627882003784,21056000,55112704,0.017947715998161584,0.6556894207824409
2398,1.6889431476593018,21056000,55112704,0.018023520009592175,0.7272511521909997
2399,1.5823630094528198,21056000,55112704,0.017788806988392025,0.7414844591343833
2400,1.6269503831863403,21056000,55112704,0.01860355498502031,0.7878717522617856
2401,1.5760473012924194,21056000,55112704,0.017663649981841445,0.6620540530784359
2402,1.650528907775879,21056000,55112704,0.0175551840220578,0.7322195433999779
2403,1.6669214963912964,21056000,55112704,0.017734223045408726,0.7773992529017681
2404,1.6199743747711182,21056000,55112704,0.01738995302002877,0.7170060219029325
2405,1.5922515392303467,21056000,55112704,0.0187679459922947,0.6638189055497383
2406,1.6071176528930664,21056000,55112704,0.019664820982143283,0.7527430456160086
2407,1.673937201499939,21056000,55112704,0.017612122988794,0.7059517798207092
2408,1.6149466037750244,21056000,55112704,0.01762625901028514,0.7561268124064514
2409,1.625062108039856,21056000,55112704,0.017566184978932142,0.6895061706974678
2410,1.6809532642364502,21056000,55112704,0.017554782971274108,0.6659927767198961
2411,1.6395503282546997,21056000,55112704,0.017763368028681725,0.6799740791827396
2412,1.6816205978393555,21056000,55112704,0.017525989038404077,0.6688059394391617
2413,1.6114956140518188,21056000,55112704,0.017733652028255165,0.6669988225580952
2414,1.6497057676315308,21056000,55112704,0.017603805987164378,0.7224160502706756
2415,1.650120735168457,21056000,55112704,0.017560423992108554,0.672072376626595
2416,1.6900110244750977,21056000,55112704,0.017640625999774784,0.723819117613798
2417,1.6028435230255127,21056000,55112704,0.01750799495493993,0.7593597062179915
2418,1.6058099269866943,21056000,55112704,0.017554302990902215,0.695947014239762
2419,1.6612472534179688,21056000,55112704,0.017556376988068223,0.6822893248081929
2420,1.6547651290893555,21056000,55112704,0.0174120040028356,0.7393823712554889
2421,1.6317931413650513,21056000,55112704,0.01758694398449734,0.6477640915613301
2422,1.6442779302597046,21056000,55112704,0.01808677799999714,0.7146542360487352
2423,1.6150206327438354,21056000,55112704,0.018488937988877296,0.6890279916128501
2424,1.6227368116378784,21056000,55112704,0.01777551998384297,0.6607389481284952
2425,1.633327603340149,21056000,55112704,0.017790438956581056,0.6824586391481875
2426,1.712220549583435,21056000,55112704,0.017557098006363958,0.7192685757399605
2427,1.6648496389389038,21056000,55112704,0.017811739002354443,0.6932536602179514
2428,1.6162062883377075,21056000,55112704,0.017776913999114186,0.6783939944586078
2429,1.7032217979431152,21056000,55112704,0.01759886695072055,0.7891232295584886
2430,1.685600996017456,21056000,55112704,0.018531347974203527,0.735027154181922
2431,1.6363356113433838,21056000,55112704,0.017422342963982373,0.7347386806223913
2432,1.6521915197372437,21056000,55112704,0.0174958819989115,0.7811312511467069
2433,1.6530834436416626,21056000,55112704,0.020964676048606634,0.6846524654044553
2434,1.681151032447815,21056000,55112704,0.01807924499735236,0.7173899008084105
2435,1.570340633392334,21056000,55112704,0.01766994100762531,0.7239767657853862
2436,1.5991134643554688,21056000,55112704,0.017762947012670338,0.6260046895533414
2437,1.6433124542236328,21056000,55112704,0.017538401996716857,0.6983914917959725
2438,1.6205559968948364,21056000,55112704,0.017670662025921047,0.6796102269206576
2439,1.6352633237838745,21056000,55112704,0.017411422973964363,0.700279898399377
2440,1.5954761505126953,21056000,55112704,0.017486635013483465,0.7039305307883373
2441,1.6526988744735718,21056000,55112704,0.01774649601429701,0.8154478375726303
2442,1.6385314464569092,21056000,55112704,0.017446199024561793,0.7357025370933595
2443,1.624029278755188,21056000,55112704,0.017657137010246515,0.7243191398099242
2444,1.6757597923278809,21056000,55112704,0.017673638998530805,0.6975096288180359
2445,1.6582963466644287,21056000,55112704,0.01826286199502647,0.7319256556377017
2446,1.5513250827789307,21056000,55112704,0.017482026014477015,0.6705481608063294
2447,1.6627771854400635,21056000,55112704,0.01762253197375685,0.7089101038198853
2448,1.637971043586731,21056000,55112704,0.017356548982206732,0.717710561663383
2449,1.6746271848678589,21056000,55112704,0.01745120802661404,0.7593209909912071
2450,1.6643409729003906,21056000,55112704,0.017564492009114474,0.7393201762141958
2451,1.673075795173645,21056000,55112704,0.01738437096355483,0.7816674675478392
2452,1.5801047086715698,21056000,55112704,0.01739677501609549,0.6852200445043635
2453,1.681417465209961,21056000,55112704,0.017765982949640602,0.7466423249412518
2454,1.6527209281921387,21056000,55112704,0.017714465968310833,0.7325667195595211
2455,1.7199522256851196,21056000,55112704,0.017742578987963498,0.7133240976634699
2456,1.5832778215408325,21056000,55112704,0.020825121027883142,0.7495663079863749
2457,1.6822339296340942,21056000,55112704,0.018188951013144106,0.7628993749629852
2458,1.6472442150115967,21056000,55112704,0.01787774299737066,0.6615586310117505
2459,1.6677695512771606,21056000,55112704,0.017635777010582387,0.7011989767258515
2460,1.6270283460617065,21056000,55112704,0.01881275000050664,0.7375874769757833
2461,1.655356526374817,21056000,55112704,0.018405610986519605,0.6624533802349406
2462,1.6360195875167847,21056000,55112704,0.017826746974606067,0.6993397731884697
2463,1.580223798751831,21056000,55112704,0.01806103001581505,0.6830358183407319
2464,1.647984504699707,21056000,55112704,0.018509007000830024,0.6385686482139491
2465,1.6629706621170044,21056000,55112704,0.01795969798695296,0.7004688547946353
2466,1.7174729108810425,21056000,55112704,0.017944099032320082,0.7613592414544122
2467,1.6293072700500488,21056000,55112704,0.017914892989210784,0.6594031439516841
2468,1.651275873184204,21056000,55112704,0.017783235001843423,0.714879084355097
2469,1.580389142036438,21056000,55112704,0.01803385902894661,0.6360657365980534
2470,1.643589735031128,21056000,55112704,0.017723771976307034,0.7032096781535547
2471,1.677053451538086,21056000,55112704,0.017789776960853487,0.6810918112350097
2472,1.5886379480361938,21056000,55112704,0.01846572500653565,0.6876751521042004
2473,1.59516441822052,21056000,55112704,0.01903377700364217,0.6857441157303598
2474,1.6563867330551147,21056000,55112704,0.019105101993773133,0.7208214587224583
2475,1.6696972846984863,21056000,55112704,0.0188173979986459,0.7926818575525356
2476,1.578532338142395,21056000,55112704,0.018112847988959402,0.6090164069191549
2477,1.577991247177124,21056000,55112704,0.018072630977258086,0.6474022331469611
2478,1.5931967496871948,21056000,55112704,0.017819031956605613,0.6687616990696883
2479,1.613771915435791,21056000,55112704,0.017618724959902465,0.7587572841158566
2480,1.6823476552963257,21056000,55112704,0.017548211035318673,0.7369162903371337
2481,1.538901686668396,21056000,55112704,0.017590740986634046,0.6583318498340728
2482,1.641640305519104,21056000,55112704,0.017644231964368373,0.6922337740183755
2483,1.6314408779144287,21056000,55112704,0.01752618997124955,0.6885619897315919
2484,1.705230712890625,21056000,55112704,0.017572747019585222,0.7257852125798716
2485,1.5821579694747925,21056000,55112704,0.017680912045761943,0.6988464464313507
2486,1.5857295989990234,21056000,55112704,0.017464722972363234,0.6847299556187632
2487,1.6086639165878296,21056000,55112704,0.017632691015023738,0.763676571838234
2488,1.6553155183792114,21056000,55112704,0.021313172997906804,0.7411462678749897
2489,1.6716252565383911,21056000,55112704,0.020499295962508768,0.7238231012000148
2490,1.5973442792892456,21056000,55112704,0.01865463104331866,0.7482851824369725
2491,1.6673916578292847,21056000,55112704,0.017705967999063432,0.7784127726769988
2492,1.6490159034729004,21056000,55112704,0.017540246015414596,0.7805280561904601
2493,1.622802734375,21056000,55112704,0.017609255970455706,0.7216034264657372
2494,1.658767819404602,21056000,55112704,0.017469090991653502,0.7974005705202702
2495,1.549144983291626,21056000,55112704,0.01754137797979638,0.7082145764719852
2496,1.6653623580932617,21056000,55112704,0.01774728699820116,0.722451603427864
2497,1.5840554237365723,21056000,55112704,0.01745420304359868,0.6866196489975058
2498,1.6615421772003174,21056000,55112704,0.01783083501504734,0.7069411992238864
2499,1.5861374139785767,21056000,55112704,0.017607902991585433,0.7008120384912305
2500,1.671087622642517,21056000,55112704,0.019519313995260745,0.7015134987462412
2501,1.637688398361206,21056000,55112704,0.018413354002404958,0.6679466984908335
2502,1.5691872835159302,21056000,55112704,0.01811315701343119,0.6822896922587668
2503,1.725019097328186,21056000,55112704,0.017791068996302783,0.7584858305557697
2504,1.5490914583206177,21056000,55112704,0.018339965026825666,0.680887577056974
2505,1.6307954788208008,21056000,55112704,0.016887282021343708,0.7169069142986799
2506,1.590505838394165,21056000,55112704,0.016990686010103673,0.6405701600223173
2507,1.667406439781189,21056000,55112704,0.01631901803193614,0.7269165106726668
2508,1.5758788585662842,21056000,55112704,0.0167251150123775,0.6930474721234802
2509,1.5740805864334106,21056000,55112704,0.016829011030495167,0.6842462416445845
2510,1.6800243854522705,21056000,55112704,0.016683385998476297,0.7510985713091837
2511,1.557443618774414,21056000,55112704,0.016670312033966184,0.6397518110657149
2512,1.6560399532318115,21056000,55112704,0.0168932419619523,0.702549312494061
2513,1.6424723863601685,21056000,55112704,0.016551206004805863,0.7375991699726377
2514,1.6209793090820312,21056000,55112704,0.016783584957011044,0.7098501449270871
2515,1.5796419382095337,21056000,55112704,0.01689520600484684,0.649019628471868
2516,1.6180347204208374,21056000,55112704,0.016725977009627968,0.7112760632685131
2517,1.658003807067871,21056000,55112704,0.016798824013676494,0.6777379598846102
2518,1.657194972038269,21056000,55112704,0.016719774983357638,0.6856133580193016
2519,1.5957566499710083,21056000,55112704,0.016758937970735133,0.6915009561887926
2520,1.6305670738220215,21056000,55112704,0.01692540297517553,0.7354416723499163
2521,1.6531111001968384,21056000,55112704,0.016878374037332833,0.7278958281341311
2522,1.5955735445022583,21056000,55112704,0.01658941898494959,0.6699420422505723
2523,1.6358014345169067,21056000,55112704,0.01683078397763893,0.6887421752103806
2524,1.6268664598464966,21056000,55112704,0.01673675701022148,0.67782179504362
2525,1.6369521617889404,21056000,55112704,0.01728784799342975,0.7119610567840161
2526,1.6279476881027222,21056000,55112704,0.018008209008257836,0.6869291422380028
2527,1.5876144170761108,21056000,55112704,0.017746213998179883,0.710356650444141
2528,1.5916502475738525,21056000,55112704,0.017276034981478006,0.7455963920725125
2529,1.63710355758667,21056000,55112704,0.016834853042382747,0.6919306117385696
2530,1.641915202140808,21056000,55112704,0.016746855981182307,0.6819649215850752
2531,1.6455023288726807,21056000,55112704,0.01682081603212282,0.7162608292532291
2532,1.6087634563446045,21056000,55112704,0.016728290996979922,0.6996941693603603
2533,1.5925536155700684,21056000,55112704,0.01686679304111749,0.634534584309826
2534,1.658750295639038,21056000,55112704,0.01683567400323227,0.7488803274287557
2535,1.627803087234497,21056000,55112704,0.016986438946332783,0.6850640465336869
2536,1.6093876361846924,21056000,55112704,0.0166952179861255,0.7260181776290293
2537,1.5604798793792725,21056000,55112704,0.0167465650010854,0.6832483331314785
2538,1.572736382484436,21056000,55112704,0.017039067985024303,0.6774096251014203
2539,1.6580836772918701,21056000,55112704,0.01671422499930486,0.7574140865291509
2540,1.60319983959198,21056000,55112704,0.017422361997887492,0.7303294031819748
2541,1.6005380153656006,21056000,55112704,0.017221653019078076,0.6723262831593905
2542,1.6907724142074585,21056000,55112704,0.01659246499184519,0.8106131751936667
2543,1.6055668592453003,21056000,55112704,0.016899654001463205,0.7659727676135577
2544,1.6355518102645874,21056000,55112704,0.016857124981470406,0.7194962525933519
2545,1.6088995933532715,21056000,55112704,0.016670961980707943,0.697554859790846
2546,1.6327744722366333,21056000,55112704,0.01682571502169594,0.8024133688269818
2547,1.6848686933517456,21056000,55112704,0.01701288903132081,0.7730803936324941
2548,1.6652271747589111,21056000,55112704,0.01661382499150932,0.6685090357762931
2549,1.5715891122817993,21056000,55112704,0.0168331689783372,0.6731842323063948
2550,1.6854971647262573,21056000,55112704,0.016802129975985736,0.7898711315850643
2551,1.6078685522079468,21056000,55112704,0.016720647050533444,0.7232430385471483
2552,1.6294302940368652,21056000,55112704,0.0168585570063442,0.7374706567943943
2553,1.621308445930481,21056000,55112704,0.016601682000327855,0.726479086327545
2554,1.6039512157440186,21056000,55112704,0.016774248040746897,0.7200880198276126
2555,1.6123474836349487,21056000,55112704,0.01875783404102549,0.6911425097540063
2556,1.6131536960601807,21056000,55112704,0.017121053009759635,0.6682584371260426
2557,1.7031829357147217,21056000,55112704,0.01691484299954027,0.7078596258211646
2558,1.6444330215454102,21056000,55112704,0.017338202975224704,0.782755321870396
2559,1.5833523273468018,21056000,55112704,0.017294771037995815,0.7635823955782549
2560,1.5976864099502563,21056000,55112704,0.017254124046303332,0.6872206318041824
2561,1.6944061517715454,21056000,55112704,0.017070657981093973,0.8351333123822947
2562,1.6373802423477173,21056000,55112704,0.017597852973267436,0.7789899163265728
2563,1.5956122875213623,21056000,55112704,0.01709523401223123,0.7009025653013099
2564,1.5956149101257324,21056000,55112704,0.017000854946672916,0.7185159051430963
2565,1.6356215476989746,21056000,55112704,0.01679806300671771,0.7131218132864507
2566,1.6973893642425537,21056000,55112704,0.01687242300249636,0.8311017659825816
2567,1.6417388916015625,21056000,55112704,0.01701402000617236,0.6922162298607004
2568,1.6627813577651978,21056000,55112704,0.016534984984900802,0.7380483837746104
2569,1.641728162765503,21056000,55112704,0.016630295023787767,0.7523232853513996
2570,1.6630384922027588,21056000,55112704,0.017651213973294944,0.7664319167354976
2571,1.6938873529434204,21056000,55112704,0.016433263022918254,0.7091332679060375
2572,1.5645283460617065,21056000,55112704,0.01676342700375244,0.7188353261969471
2573,1.6322567462921143,21056000,55112704,0.016847344988491386,0.7628429123213364
2574,1.6508418321609497,21056000,55112704,0.01670269196620211,0.6954978828332213
2575,1.5541449785232544,21056000,55112704,0.01691257901256904,0.6786323354605697
2576,1.644676923751831,21056000,55112704,0.016929431003518403,0.7159581270360761
2577,1.6195058822631836,21056000,55112704,0.016561815980821848,0.7576281437690268
2578,1.6760332584381104,21056000,55112704,0.016939158958848566,0.773793005134877
2579,1.6367406845092773,21056000,55112704,0.016799054981675,0.7195095242609244
2580,1.5755583047866821,21056000,55112704,0.016816698014736176,0.7279633257117463
2581,1.6103074550628662,21056000,55112704,0.016932416008785367,0.7641767278087833
2582,1.5929656028747559,21056000,55112704,0.017050187976565212,0.6789100447222767
2583,1.624277949333191,21056000,55112704,0.01671898300992325,0.7180302224013451
2584,1.6211590766906738,21056000,55112704,0.018106433970388025,0.7342085363766795
2585,1.6125890016555786,21056000,55112704,0.02122554596280679,0.6902564788005852
2586,1.6264779567718506,21056000,55112704,0.016989734023809433,0.7664712595827858
2587,1.6069382429122925,21056000,55112704,0.01688703102990985,0.6686175640723603
2588,1.5774554014205933,21056000,55112704,0.016697591985575855,0.699596025925518
2589,1.6410043239593506,21056000,55112704,0.016725824971217662,0.7351705960554974
2590,1.5858594179153442,21056000,55112704,0.01700166700175032,0.6943052859836677
2591,1.608116626739502,21056000,55112704,0.016706329013686627,0.6905863278202772
2592,1.6545991897583008,21056000,55112704,0.01678899599937722,0.7356414513137823
2593,1.668344497680664,21056000,55112704,0.017058394965715706,0.7663006554201351
2594,1.664480209350586,21056000,55112704,0.01678427599836141,0.7768507904877908
2595,1.6410703659057617,21056000,55112704,0.017090303997974843,0.7459376602654829
2596,1.6498876810073853,21056000,55112704,0.018173109972849488,0.7681350204605748
2597,1.6693267822265625,21056000,55112704,0.017834239988587797,0.7555613097078842
2598,1.5921425819396973,21056000,55112704,0.01707331300713122,0.7618529321550949
2599,1.6255807876586914,21056000,55112704,0.01737307896837592,0.6960019198617801
2600,1.6992791891098022,21056000,55112704,0.018269890977535397,0.9671578288920946
2601,1.6586527824401855,21056000,55112704,0.01817365997703746,0.780506009625084
2602,1.6288248300552368,21056000,55112704,0.017492834012955427,0.7613363391609694
2603,1.6409424543380737,21056000,55112704,0.01781984098488465,0.7231973846377822
2604,1.5389373302459717,21056000,55112704,0.017550121992826462,0.7368605023199621
2605,1.6602720022201538,21056000,55112704,0.01846780499909073,0.7980399852278317
2606,1.5879112482070923,21056000,55112704,0.01758716197218746,0.6726110904281147
2607,1.6555362939834595,21056000,55112704,0.01759728096658364,0.7316609590341314
2608,1.5944217443466187,21056000,55112704,0.017515135987196118,0.6597822605719083
2609,1.6673554182052612,21056000,55112704,0.017600135994143784,0.6853802653176103
2610,1.5753962993621826,21056000,55112704,0.017421138007193804,0.7197231391926985
2611,1.5283217430114746,21056000,55112704,0.017492482962552458,0.6602399472004481
2612,1.663224458694458,21056000,55112704,0.017507361015304923,0.6901084226366313
2613,1.6430981159210205,21056000,55112704,0.01747328700730577,0.7444297222192597
2614,1.5601465702056885,21056000,55112704,0.017481281945947558,0.6916371037689089
2615,1.7136273384094238,21056000,55112704,0.017390099994372576,0.7736369036381627
2616,1.5922067165374756,21056000,55112704,0.017504015006124973,0.6536424518664002
2617,1.5729846954345703,21056000,55112704,0.017538189014885575,0.6608166203431035
2618,1.6147185564041138,21056000,55112704,0.017558958963491023,0.7135200588643692
2619,1.6457891464233398,21056000,55112704,0.017469039012212306,0.6993084366265973
2620,1.6977375745773315,21056000,55112704,0.018230115994811058,0.7614196015838007
2621,1.6438636779785156,21056000,55112704,0.01755784696433693,0.7195549745242197
2622,1.6201759576797485,21056000,55112704,0.01811391703085974,0.7323425407060425
2623,1.6830083131790161,21056000,55112704,0.018295179994311184,0.7528435393355968
2624,1.5691804885864258,21056000,55112704,0.017559138999786228,0.6669925679185735
2625,1.6260510683059692,21056000,55112704,0.017666971951257437,0.7040052961487023
2626,1.5951728820800781,21056000,55112704,0.01757026999257505,0.6518767502131187
2627,1.6987009048461914,21056000,55112704,0.01753061602357775,0.6973450882237985
2628,1.6011682748794556,21056000,55112704,0.017540634027682245,0.6928763174431526
2629,1.6302796602249146,21056000,55112704,0.0176229799981229,0.7100021236119466
2630,1.6109673976898193,21056000,55112704,0.01761949300998822,0.7532650403234229
2631,1.575547695159912,21056000,55112704,0.017495288979262114,0.7435765417351823
2632,1.634131908416748,21056000,55112704,0.017523883027024567,0.7488314144548126
2633,1.5413844585418701,21056000,55112704,0.01767112099332735,0.7133417377365867
2634,1.6168588399887085,21056000,55112704,0.018550982989836484,0.6512473963210045
2635,1.665211796760559,21056000,55112704,0.018716535007115453,0.6887606666368837
2636,1.6069029569625854,21056000,55112704,0.0179980379762128,0.6871553411350807
2637,1.6862019300460815,21056000,55112704,0.017542958026751876,0.7086676287338958
2638,1.605460286140442,21056000,55112704,0.017594145028851926,0.6832488548876656
2639,1.7009119987487793,21056000,55112704,0.017608942987862974,0.6872159092223317
2640,1.5993934869766235,21056000,55112704,0.017509113997220993,0.7250005657395051
2641,1.6586440801620483,21056000,55112704,0.017547697003465146,0.7255103263269699
2642,1.6666117906570435,21056000,55112704,0.017514605016913265,0.6733724727528358
2643,1.6293262243270874,21056000,55112704,0.017441727046389133,0.6722896770530936
2644,1.5964704751968384,21056000,55112704,0.017571231990586966,0.6976170690381406
2645,1.6419024467468262,21056000,55112704,0.01753510400885716,0.7177837361761443
2646,1.5719677209854126,21056000,55112704,0.017524953989777714,0.6859565355517919
2647,1.633856177330017,21056000,55112704,0.01747806597268209,0.6896802307104475
2648,1.5956590175628662,21056000,55112704,0.017493896011728793,0.6936828135193801
2649,1.6169371604919434,21056000,55112704,0.017506028001662344,0.7399778049519916
2650,1.6272084712982178,21056000,55112704,0.019180440984200686,0.7046555599410921
2651,1.642561912536621,21056000,55112704,0.018167859001550823,0.7998359007708464
2652,1.617966651916504,21056000,55112704,0.01758706197142601,0.6767297183577228
2653,1.618677020072937,21056000,55112704,0.017587683047167957,0.7316496057979592
2654,1.6613519191741943,21056000,55112704,0.017515938030555844,0.716635875685436
2655,1.6067163944244385,21056000,55112704,0.01752084697363898,0.7024753294879833
2656,1.7007548809051514,21056000,55112704,0.01748165296157822,0.7796410240630954
2657,1.5855032205581665,21056000,55112704,0.017352799011860043,0.7263637478554953
2658,1.6639306545257568,21056000,55112704,0.01745526201557368,0.7402753293301917
2659,1.6532188653945923,21056000,55112704,0.017551955010276288,0.7180994081110533
2660,1.6699419021606445,21056000,55112704,0.0175100970081985,0.7545917537079204
2661,1.5839961767196655,21056000,55112704,0.017656923970207572,0.7379188492290473
2662,1.6371158361434937,21056000,55112704,0.017629932961426675,0.7307588734895011
2663,1.58120858669281,21056000,55112704,0.018140226020477712,0.7769235720746734
2664,1.6823251247406006,21056000,55112704,0.01761098700808361,0.8804989905811117
2665,1.6005218029022217,21056000,55112704,0.018551313027273864,0.6940777971845966
2666,1.587378978729248,21056000,55112704,0.017513252038042992,0.6573528001047951
2667,1.6220614910125732,21056000,55112704,0.017522659967653453,0.8110801637253154
2668,1.6127760410308838,21056000,55112704,0.018846651015337557,0.8030403861790761
2669,1.6302133798599243,21056000,55112704,0.017817566986195743,0.7246601789439888
2670,1.6704908609390259,21056000,55112704,0.017815112019889057,0.8119659008624128
2671,1.54977285861969,21056000,55112704,0.0176633259980008,0.8016661195793183
2672,1.6458745002746582,21056000,55112704,0.01746577298035845,0.7236385014333059
2673,1.628901720046997,21056000,55112704,0.01764097297564149,0.6461581188959119
2674,1.6223684549331665,21056000,55112704,0.0175234810449183,0.6890964289518097
2675,1.620094656944275,21056000,55112704,0.01754872896708548,0.746432963483107
2676,1.6317499876022339,21056000,55112704,0.017614212993066758,0.7002525478745135
2677,1.5852177143096924,21056000,55112704,0.017626957036554813,0.7190222050811277
2678,1.6401246786117554,21056000,55112704,0.018980673979967833,0.7096437758242452
2679,1.6499320268630981,21056000,55112704,0.017933495983015746,0.7249732968706449
2680,1.521830439567566,21056000,55112704,0.01856863498687744,0.6973373997506112
2681,1.6011077165603638,21056000,55112704,0.017673635040409863,0.7537626351190732
2682,1.5970603227615356,21056000,55112704,0.017691968998406082,0.7235242069948286
2683,1.6558748483657837,21056000,55112704,0.0176750979735516,0.706261982191166
2684,1.6271003484725952,21056000,55112704,0.01754434098256752,0.6742986082397513
2685,1.6358059644699097,21056000,55112704,0.017602640960831195,0.71124193956402
2686,1.5626682043075562,21056000,55112704,0.017441205971408635,0.7137038824063212
2687,1.6135988235473633,21056000,55112704,0.017585078021511436,0.7439222728546698
2688,1.5945724248886108,21056000,55112704,0.017515857005491853,0.7018231662581925
2689,1.6202409267425537,21056000,55112704,0.017484056996181607,0.7219116544640454
2690,1.6286004781723022,21056000,55112704,0.01742554601514712,0.6714560686078977
2691,1.5877739191055298,21056000,55112704,0.017288296949118376,0.6511702109569564
2692,1.661336064338684,21056000,55112704,0.017492812999989837,0.6852973581827041
2693,1.5984776020050049,21056000,55112704,0.017476493027061224,0.7031652135812939
2694,1.5895445346832275,21056000,55112704,0.017373237991705537,0.6881840697011072
2695,1.6121680736541748,21056000,55112704,0.018241418001707643,0.7078261561211147
2696,1.4970066547393799,21056000,55112704,0.017437678994610906,0.652776141807379
2697,1.6095101833343506,21056000,55112704,0.017393996997270733,0.7095066736445639
2698,1.6125785112380981,21056000,55112704,0.017354733019601554,0.7152486889046836
2699,1.6459852457046509,21056000,55112704,0.017447188030928373,0.6835039005506562
2700,1.6409282684326172,21056000,55112704,0.018269178981427103,0.7103952581008475
2701,1.6067492961883545,21056000,55112704,0.01761285896645859,0.7016598532181785
2702,1.6786366701126099,21056000,55112704,0.01784450700506568,0.7000628287369004
2703,1.5874607563018799,21056000,55112704,0.017889842973090708,0.7405228794156585
2704,1.636357069015503,21056000,55112704,0.017508200951851904,0.7052977344261276
2705,1.5354549884796143,21056000,55112704,0.01776356401387602,0.6670095060979411
2706,1.65748929977417,21056000,55112704,0.01842879003379494,0.6765608513501215
2707,1.5795347690582275,21056000,55112704,0.017790014040656388,0.7640748232993886
2708,1.6382187604904175,21056000,55112704,0.017723658005706966,0.6626639994539301
2709,1.5355497598648071,21056000,55112704,0.01756343594752252,0.7384855767377114
2710,1.6608587503433228,21056000,55112704,0.01775205199373886,0.6710181211664974
2711,1.6045845746994019,21056000,55112704,0.01762810896616429,0.6844460519604569
2712,1.6879427433013916,21056000,55112704,0.01746615202864632,0.7083726531687364
2713,1.6372414827346802,21056000,55112704,0.01760771998669952,0.6950402008753582
2714,1.580183506011963,21056000,55112704,0.017524673021398485,0.654893477887501
2715,1.629854679107666,21056000,55112704,0.017543567984830588,0.6782723635811294
2716,1.590814471244812,21056000,55112704,0.02092596801230684,0.6693276535232006
2717,1.6495033502578735,21056000,55112704,0.018161755986511707,0.7350800872428481
2718,1.5991641283035278,21056000,55112704,0.01763492001919076,0.6489160513354729
2719,1.6172924041748047,21056000,55112704,0.017709281004499644,0.6483580446960736
2720,1.5604413747787476,21056000,55112704,0.017512910009827465,0.7441901126431997
2721,1.6573551893234253,21056000,55112704,0.017625002015847713,0.714056972494145
2722,1.62337327003479,21056000,55112704,0.017488863959442824,0.6874123709203619
2723,1.6446747779846191,21056000,55112704,0.01747489901026711,0.7543643174459612
2724,1.5621020793914795,21056000,55112704,0.017553256009705365,0.6618082561810974
2725,1.5972261428833008,21056000,55112704,0.01755420898552984,0.6547314324208112
2726,1.6129454374313354,21056000,55112704,0.017524511960800737,0.6547996431992239
2727,1.6290324926376343,21056000,55112704,0.01776072900975123,0.7066609712139693
2728,1.6216617822647095,21056000,55112704,0.01752676599426195,0.6800693297161076
2729,1.6668946743011475,21056000,55112704,0.017585226974915713,0.7474855804827888
2730,1.6064412593841553,21056000,55112704,0.018265881983097643,0.645482530477276
2731,1.6032167673110962,21056000,55112704,0.017488693993072957,0.673535110233562
2732,1.6367181539535522,21056000,55112704,0.017539830994792283,0.7071895238725704
2733,1.703131914138794,21056000,55112704,0.017568254959769547,0.6781146896580837
2734,1.6044877767562866,21056000,55112704,0.017545551992952824,0.6711587486985069
2735,1.5510802268981934,21056000,55112704,0.017560951004270464,0.7236338033410755
2736,1.6012604236602783,21056000,55112704,0.01747168303700164,0.678947557535343
2737,1.6693605184555054,21056000,55112704,0.01747951697325334,0.696413835614089
2738,1.6459934711456299,21056000,55112704,0.017688361986074597,0.7577151943885111
2739,1.6015585660934448,21056000,55112704,0.020642783027142286,0.7530308638748121
2740,1.5354986190795898,21056000,55112704,0.01804520597215742,0.6532070999529832
2741,1.601412296295166,21056000,55112704,0.01735309901414439,0.6633421629060056
2742,1.6479830741882324,21056000,55112704,0.017586620000656694,0.7354220052807654
2743,1.606201171875,21056000,55112704,0.017703679972328246,0.683326273396101
2744,1.5946063995361328,21056000,55112704,0.018563465040642768,0.7335659776697893
2745,1.647992730140686,21056000,55112704,0.0185131499893032,0.6927333654354515
2746,1.5824079513549805,21056000,55112704,0.017714831978082657,0.7546244353516056
2747,1.5935471057891846,21056000,55112704,0.020069819991476834,0.7404474445633855
2748,1.6429938077926636,21056000,55112704,0.0181423089816235,0.7614930849807117
2749,1.6108474731445312,21056000,55112704,0.017698209965601563,0.6921949591983421
2750,1.6090542078018188,21056000,55112704,0.017641071986872703,0.7624598475460252
2751,1.5753239393234253,21056000,55112704,0.01770057500107214,0.735252803424109
2752,1.6225451231002808,21056000,55112704,0.017769754980690777,0.7276393280698391
2753,1.6010081768035889,21056000,55112704,0.01760595600353554,0.73472271593503
2754,1.548840045928955,21056000,55112704,0.01776989601785317,0.6985774491623622
2755,1.6211040019989014,21056000,55112704,0.01762600301299244,0.7632689148506396
2756,1.6335238218307495,21056000,55112704,0.017527677991893142,0.7987820226784912
2757,1.6260011196136475,21056000,55112704,0.017794982995837927,0.7394161667884898
2758,1.6157935857772827,21056000,55112704,0.017534710990730673,0.7422643436875269
2759,1.5890556573867798,21056000,55112704,0.01750379300210625,0.7395810244651981
2760,1.6313425302505493,21056000,55112704,0.01819959800923243,0.7015795565854082
2761,1.5735607147216797,21056000,55112704,0.017485347983893007,0.7463194361251703
2762,1.6892081499099731,21056000,55112704,0.01763215597020462,0.7182565994636598
2763,1.5791794061660767,21056000,55112704,0.01756926695816219,0.7342482364830369
2764,1.676134467124939,21056000,55112704,0.017532416968606412,0.7344086883650048
2765,1.6128439903259277,21056000,55112704,0.017461432958953083,0.7568080407286888
2766,1.5952939987182617,21056000,55112704,0.017487782984972,0.7014379459714961
2767,1.6492598056793213,21056000,55112704,0.01760920195374638,0.6882659196789115
2768,1.5963894128799438,21056000,55112704,0.017543558031320572,0.764286548839023
2769,1.642361044883728,21056000,55112704,0.017782619048375636,0.6921983091035677
2770,1.6330496072769165,21056000,55112704,0.017566521011758596,0.709732892104611
2771,1.616456151008606,21056000,55112704,0.018330093007534742,0.6863436799489296
2772,1.6226460933685303,21056000,55112704,0.01831151801161468,0.7374926263701646
2773,1.6347146034240723,21056000,55112704,0.017684974998701364,0.6664126532228987
2774,1.6013779640197754,21056000,55112704,0.018051498045679182,0.7675018280258107
2775,1.5450387001037598,21056000,55112704,0.018384326016530395,0.7402163271049264
2776,1.6561203002929688,21056000,55112704,0.017681348021142185,0.725780450830155
2777,1.6227437257766724,21056000,55112704,0.017731241998262703,0.6895919227274255
2778,1.5795495510101318,21056000,55112704,0.017542977002449334,0.6889594984102775
2779,1.590066909790039,21056000,55112704,0.017556613020133227,0.6946178698618696
2780,1.5481102466583252,21056000,55112704,0.017777840024791658,0.6832603171834379
2781,1.5996218919754028,21056000,55112704,0.01767255103914067,0.6666053403586876
2782,1.6596736907958984,21056000,55112704,0.017782859969884157,0.6994897082066052
2783,1.6680201292037964,21056000,55112704,0.017905812012031674,0.7626366544705926
2784,1.6726443767547607,21056000,55112704,0.017670658009592444,0.7699745295101081
2785,1.6089630126953125,21056000,55112704,0.017671448993496597,0.7303272398067511
2786,1.6234829425811768,21056000,55112704,0.01751082600094378,0.6901117517734904
2787,1.648062825202942,21056000,55112704,0.017614371958188713,0.8697480736525093
2788,1.6181480884552002,21056000,55112704,0.01751455297926441,0.7532433086025483
2789,1.6325318813323975,21056000,55112704,0.01742536504752934,0.683836990657579
2790,1.5908102989196777,21056000,55112704,0.018183055974077433,0.6758833729636993
2791,1.5479276180267334,21056000,55112704,0.017468155012466013,0.6868343308911337
2792,1.611518383026123,21056000,55112704,0.017419324023649096,0.7153188074558985
2793,1.5543711185455322,21056000,55112704,0.01747758296551183,0.6963894301880968
2794,1.5833024978637695,21056000,55112704,0.017625542997848243,0.7238994723895265
2795,1.5862195491790771,21056000,55112704,0.017422809964045882,0.6796307865013126
2796,1.540098786354065,21056000,55112704,0.017509502999018878,0.7292110444872334
2797,1.6869637966156006,21056000,55112704,0.01745637401472777,0.7170095639923938
2798,1.5876574516296387,21056000,55112704,0.017336967983283103,0.690204509425319
2799,1.6341655254364014,21056000,55112704,0.01854117203038186,0.6823345632664768
2800,1.549565315246582,21056000,55112704,0.01876242901198566,0.6782700763254759
2801,1.6226887702941895,21056000,55112704,0.017736170964781195,0.7285673540326654
2802,1.6380082368850708,21056000,55112704,0.0177018049871549,0.7332819014038056
2803,1.5807560682296753,21056000,55112704,0.017887857975438237,0.6922190052861871
2804,1.5867434740066528,21056000,55112704,0.017687428975477815,0.7330313000248335
2805,1.6849236488342285,21056000,55112704,0.01770828798180446,0.7211134986451352
2806,1.6457555294036865,21056000,55112704,0.017484695999883115,0.7134433554505578
2807,1.6308073997497559,21056000,55112704,0.01766810199478641,0.7693478483190423
2808,1.6116490364074707,21056000,55112704,0.01828075898811221,0.7712304863690314
2809,1.5822861194610596,21056000,55112704,0.018498581019230187,0.6612073821682967
2810,1.6233363151550293,21056000,55112704,0.019160591007675976,0.7696080656987905
2811,1.5646041631698608,21056000,55112704,0.017921830993145704,0.7288373100026849
2812,1.602974534034729,21056000,55112704,0.01750320999417454,0.6505446041488409
2813,1.63008713722229,21056000,55112704,0.017643826024141163,0.6817303359939897
2814,1.6334172487258911,21056000,55112704,0.017658713972195983,0.7399365287886747
2815,1.6142470836639404,21056000,55112704,0.01756507804384455,0.6680554456447338
2816,1.6342370510101318,21056000,55112704,0.01750476297456771,0.7193833931880077
2817,1.5849215984344482,21056000,55112704,0.017626192013267428,0.6820034575129021
2818,1.637988567352295,21056000,55112704,0.017520332999993116,0.7277095672337871
2819,1.6446914672851562,21056000,55112704,0.017899930011481047,0.702586618830194
2820,1.5670106410980225,21056000,55112704,0.017742102034389973,0.6908803639908199
2821,1.5770477056503296,21056000,55112704,0.01740129798417911,0.7744762998075826
2822,1.5819910764694214,21056000,55112704,0.017476901004556566,0.6976576797772579
2823,1.6374098062515259,21056000,55112704,0.017500524991191924,0.6723600279030961
2824,1.65479576587677,21056000,55112704,0.01748968497850001,0.7444396241760544
2825,1.6474074125289917,21056000,55112704,0.018252114998176694,0.7438138605061273
2826,1.5734038352966309,21056000,55112704,0.017536744009703398,0.6770856887485028
2827,1.5831106901168823,21056000,55112704,0.01743925001937896,0.759122726008802
2828,1.6152913570404053,21056000,55112704,0.017643776023760438,0.696602236585382
2829,1.6473621129989624,21056000,55112704,0.017582311003934592,0.6518762757743468
2830,1.6178237199783325,21056000,55112704,0.01760396099416539,0.7038463084051078
2831,1.6190346479415894,21056000,55112704,0.017647603002842516,0.731359765583567
2832,1.673169493675232,21056000,55112704,0.01759836997371167,0.7350374106018706
2833,1.6589329242706299,21056000,55112704,0.017545952054206282,0.7553780669170278
2834,1.6426911354064941,21056000,55112704,0.017481108952779323,0.7136098897369841
2835,1.642592191696167,21056000,55112704,0.017360390978865325,0.7670679346088723
2836,1.640604019165039,21056000,55112704,0.01878539298195392,0.6976860205879074
2837,1.6013637781143188,21056000,55112704,0.017881355015560985,0.7302392858101227
2838,1.6126453876495361,21056000,55112704,0.01780144398799166,0.661259464528208
2839,1.6057355403900146,21056000,55112704,0.017717536014970392,0.6760015039940853
2840,1.5714462995529175,21056000,55112704,0.01824868901167065,0.6904638793700019
2841,1.6071102619171143,21056000,55112704,0.01773199305171147,0.6918775562951339
2842,1.6291855573654175,21056000,55112704,0.018394313985481858,0.710612539818938
2843,1.616887092590332,21056000,55112704,0.01816012099152431,0.7432900604486731
2844,1.5726327896118164,21056000,55112704,0.017938632983714342,0.6731256829829191
2845,1.6108471155166626,21056000,55112704,0.017827743024099618,0.7436392203439565
2846,1.6240978240966797,21056000,55112704,0.01764619001187384,0.7476894769733072
2847,1.6118462085723877,21056000,55112704,0.017650989000685513,0.6608510985886292
2848,1.5279276371002197,21056000,55112704,0.017619029036723077,0.6741661691434715
2849,1.631805419921875,21056000,55112704,0.017526965006254613,0.6912603863363432
2850,1.5488923788070679,21056000,55112704,0.01801911398069933,0.6887656489378887
2851,1.6774622201919556,21056000,55112704,0.01773523900192231,0.7210612440747011
2852,1.590524435043335,21056000,55112704,0.0175665199640207,0.7203686179500978
2853,1.585893154144287,21056000,55112704,0.017632133967708796,0.7524490093090986
2854,1.6149206161499023,21056000,55112704,0.017649235960561782,0.7135867515561394
2855,1.65330171585083,21056000,55112704,0.018399474036414176,0.753970868036831
2856,1.6551576852798462,21056000,55112704,0.017727343016304076,0.7417467505872187
2857,1.612619161605835,21056000,55112704,0.01742258801823482,0.7364468647114312
2858,1.601045846939087,21056000,55112704,0.01762672298355028,0.677542289954962
2859,1.622802495956421,21056000,55112704,0.017595415003597736,0.6623358452210558
2860,1.5839993953704834,21056000,55112704,0.017456352012231946,0.6656260842885823
2861,1.5934046506881714,21056000,55112704,0.017754485015757382,0.7003001607960263
2862,1.6257259845733643,21056000,55112704,0.01741855003638193,0.7030293282794586
2863,1.580572247505188,21056000,55112704,0.017613017989788204,0.6551454828155151
2864,1.5587841272354126,21056000,55112704,0.021016616956330836,0.6186322174462252
2865,1.6961160898208618,21056000,55112704,0.018287481041625142,0.7365515138876827
2866,1.6120092868804932,21056000,55112704,0.017776516964659095,0.7030258698099998
2867,1.6180784702301025,21056000,55112704,0.017706303973682225,0.731609317312298
2868,1.594846248626709,21056000,55112704,0.017409292981028557,0.7175919486552282
2869,1.584793210029602,21056000,55112704,0.017580946965608746,0.6759268083219344
2870,1.5903578996658325,21056000,55112704,0.018208332010544837,0.7221697294676498
2871,1.5974452495574951,21056000,55112704,0.017473824962507933,0.7496331970583742
2872,1.622505784034729,21056000,55112704,0.017706503975205123,0.7194955409156935
2873,1.5808360576629639,21056000,55112704,0.017338187957648188,0.7631153898465717
2874,1.636936902999878,21056000,55112704,0.017873289994895458,0.7291087650965642
2875,1.5750788450241089,21056000,55112704,0.01779095397796482,0.7410645346080441
2876,1.6973469257354736,21056000,55112704,0.018984618014656007,0.8024604754517795
2877,1.6442391872406006,21056000,55112704,0.01772973802872002,0.7023714396940101
2878,1.5293359756469727,21056000,55112704,0.01771749503677711,0.7115199370523735
2879,1.5940847396850586,21056000,55112704,0.01753428904339671,0.7124716519910814
2880,1.6541823148727417,21056000,55112704,0.017471750965341926,0.7398695244676898
2881,1.5488977432250977,21056000,55112704,0.017613618983887136,0.7044277684005159
2882,1.6123104095458984,21056000,55112704,0.01738663000287488,0.7163687740561988
2883,1.5830696821212769,21056000,55112704,0.017456222034525126,0.7142425806441286
2884,1.6523059606552124,21056000,55112704,0.017402208992280066,0.6991198108298219
2885,1.6594141721725464,21056000,55112704,0.018419981992337853,0.7561192937018955
2886,1.6008238792419434,21056000,55112704,0.01766855304595083,0.7065708526181153
2887,1.5570728778839111,21056000,55112704,0.017471301020123065,0.6819998675460301
2888,1.5713989734649658,21056000,55112704,0.01756191096501425,0.7044424518815109
2889,1.57292640209198,21056000,55112704,0.017724147997796535,0.693108015131582
2890,1.627955436706543,21056000,55112704,0.017466471006628126,0.688854850961748
2891,1.6164538860321045,21056000,55112704,0.0174631149857305,0.6721640472057279
2892,1.600940465927124,21056000,55112704,0.01980985701084137,0.6826726620398216
2893,1.6004245281219482,21056000,55112704,0.017884180007968098,0.7351840834463197
2894,1.574364423751831,21056000,55112704,0.017712194996420294,0.690992732487008
2895,1.6459330320358276,21056000,55112704,0.01766855304595083,0.7039739205471243
2896,1.5774105787277222,21056000,55112704,0.017555829952470958,0.6810919972276185
2897,1.6726064682006836,21056000,55112704,0.01792315300554037,0.7163299115423751
2898,1.6468498706817627,21056000,55112704,0.01754597102990374,0.7380444045541105
2899,1.6331639289855957,21056000,55112704,0.017291811003815383,0.734900835731519
2900,1.5996193885803223,21056000,55112704,0.018592817010357976,0.6771237611587451
2901,1.6621650457382202,21056000,55112704,0.020924430980812758,0.6852602590266372
2902,1.574082851409912,21056000,55112704,0.018295235000550747,0.7731937392392413
2903,1.6102795600891113,21056000,55112704,0.01795621501514688,0.7796504332441656
2904,1.5598769187927246,21056000,55112704,0.017545518989209086,0.6919764746342575
2905,1.6093664169311523,21056000,55112704,0.018169116985518485,0.7237597834457696
2906,1.5996179580688477,21056000,55112704,0.0176920160301961,0.6860467671683642
2907,1.6073172092437744,21056000,55112704,0.017542151967063546,0.7354733328996735
2908,1.5792332887649536,21056000,55112704,0.017403650970663875,0.7702612091743363
2909,1.547260046005249,21056000,55112704,0.01734862697776407,0.7122939287894589
2910,1.5618696212768555,21056000,55112704,0.01734003098681569,0.6245545058288281
2911,1.5678212642669678,21056000,55112704,0.017703357036225498,0.7004115890016407
2912,1.611046552658081,21056000,55112704,0.017944271967280656,0.7138092683016289
2913,1.6114885807037354,21056000,55112704,0.018203130981419235,0.7126129483771689
2914,1.6146706342697144,21056000,55112704,0.017742071009706706,0.7282356906114735
2915,1.6248676776885986,21056000,55112704,0.017460919974837452,0.6946838650979136
2916,1.6554244756698608,21056000,55112704,0.01744940795470029,0.8155808483928476
2917,1.5800890922546387,21056000,55112704,0.017448265047278255,0.7530488157392647
2918,1.6162500381469727,21056000,55112704,0.01745503902202472,0.7565259728562889
2919,1.593184471130371,21056000,55112704,0.01739929197356105,0.7013995232688361
2920,1.5871073007583618,21056000,55112704,0.01830660697305575,0.7246715442852134
2921,1.6104706525802612,21056000,55112704,0.017406956991180778,0.7255773503441898
2922,1.5488479137420654,21056000,55112704,0.01768463203916326,0.713816270510879
2923,1.6112250089645386,21056000,55112704,0.01758457301184535,0.6806845601175333
2924,1.5787296295166016,21056000,55112704,0.017486828030087054,0.6910174263265026
2925,1.602410912513733,21056000,55112704,0.018095597974024713,0.7787721581992638
2926,1.560238003730774,21056000,55112704,0.017837409977801144,0.6876456384189571
2927,1.6415081024169922,21056000,55112704,0.017620160011574626,0.6821360086163106
2928,1.581653118133545,21056000,55112704,0.01767296000616625,0.7007749283665905
2929,1.624866247177124,21056000,55112704,0.019647798966616392,0.7457351013500463
2930,1.591801643371582,21056000,55112704,0.017904987966176122,0.7490709221464277
2931,1.5690333843231201,21056000,55112704,0.017961804987862706,0.6732784291685542
2932,1.5136455297470093,21056000,55112704,0.017521683999802917,0.7029992853182154
2933,1.5643310546875,21056000,55112704,0.01757350197294727,0.6762648821954554
2934,1.5946990251541138,21056000,55112704,0.017594902019482106,0.6896227601727964
2935,1.587789535522461,21056000,55112704,0.018333698040805757,0.7246436056204417
2936,1.6214485168457031,21056000,55112704,0.017562420980539173,0.7082013165398994
2937,1.5998549461364746,21056000,55112704,0.017577378952410072,0.7505162207004411
2938,1.6778993606567383,21056000,55112704,0.017498721019364893,0.7071357767440541
2939,1.5521384477615356,21056000,55112704,0.017558113031554967,0.7529413564586573
2940,1.6590070724487305,21056000,55112704,0.017946405976545066,0.7652126951381868
2941,1.603479027748108,21056000,55112704,0.018362973001785576,0.6902796279705848
2942,1.6159178018569946,21056000,55112704,0.01838593604043126,0.6729767071045065
2943,1.582252025604248,21056000,55112704,0.017860534018836915,0.740747542421369
2944,1.6197258234024048,21056000,55112704,0.017687276005744934,0.6968824529832718
2945,1.5937657356262207,21056000,55112704,0.017807714000809938,0.670690199461781
2946,1.5242877006530762,21056000,55112704,0.018743250984698534,0.6718372657131833
2947,1.5952610969543457,21056000,55112704,0.01783149898983538,0.7633523070037869
2948,1.5877538919448853,21056000,55112704,0.0175716380472295,0.6998536272692357
2949,1.6646167039871216,21056000,55112704,0.01763243298046291,0.7296588404404835
2950,1.5871102809906006,21056000,55112704,0.0182936720084399,0.7073214616220449
2951,1.5899845361709595,21056000,55112704,0.01752306701382622,0.6896792208686764
2952,1.5728801488876343,21056000,55112704,0.017536551982630044,0.711874317479458
2953,1.6313085556030273,21056000,55112704,0.01737697096541524,0.7481973355096505
2954,1.6467379331588745,21056000,55112704,0.017384915030561388,0.749741739506282
2955,1.583569049835205,21056000,55112704,0.017556628969032317,0.7355277804716654
2956,1.5787936449050903,21056000,55112704,0.018645917007233948,0.7666385904550631
2957,1.657698392868042,21056000,55112704,0.018271118984557688,0.7373130889562529
2958,1.5178935527801514,21056000,55112704,0.01783967501251027,0.6434641593229989
2959,1.6369160413742065,21056000,55112704,0.01764013699721545,0.7162127566507096
2960,1.6372851133346558,21056000,55112704,0.017496105981990695,0.6912077592354325
2961,1.607224464416504,21056000,55112704,0.017581577005330473,0.7175284135687061
2962,1.615634560585022,21056000,55112704,0.01751012197928503,0.7145639266125353
2963,1.6780023574829102,21056000,55112704,0.017682367004454136,0.714889428472617
2964,1.63374662399292,21056000,55112704,0.017544948030263186,0.7327291404262569
2965,1.5790672302246094,21056000,55112704,0.018239789991639555,0.6867549794775928
2966,1.5640313625335693,21056000,55112704,0.017574253026396036,0.682198972556709
2967,1.5967365503311157,21056000,55112704,0.017673099995590746,0.7284930456880657
2968,1.5808607339859009,21056000,55112704,0.01771712297340855,0.6890894646772664
2969,1.5503066778182983,21056000,55112704,0.0176735800341703,0.6985906090600047
2970,1.5928593873977661,21056000,55112704,0.017759612994268537,0.6953230153738016
2971,1.5697219371795654,21056000,55112704,0.017402488039806485,0.7113067487118588
2972,1.544216275215149,21056000,55112704,0.017596645979210734,0.743076608489787
2973,1.5836174488067627,21056000,55112704,0.017692585999611765,0.7332818935551426
2974,1.639021396636963,21056000,55112704,0.01783512602560222,0.694719195036316
2975,1.5656771659851074,21056000,55112704,0.017425181984435767,0.7545932198337625
2976,1.610696792602539,21056000,55112704,0.017485234944615513,0.7499815651840978
2977,1.5602728128433228,21056000,55112704,0.017450138984713703,0.6695938112470476
2978,1.7071826457977295,21056000,55112704,0.01744934800080955,0.7750821098072384
2979,1.5464340448379517,21056000,55112704,0.018578640010673553,0.626195199009744
2980,1.573948860168457,21056000,55112704,0.019810546946246177,0.7315873785996364
2981,1.551490068435669,21056000,55112704,0.018142305954825133,0.7068781727608104
2982,1.6330493688583374,21056000,55112704,0.017653563001658767,0.7284552135173203
2983,1.595969557762146,21056000,55112704,0.0176383139914833,0.7487122549924828
2984,1.6485068798065186,21056000,55112704,0.019031365984119475,0.7023998215281232
2985,1.6364333629608154,21056000,55112704,0.019051994022447616,0.6837210236792204
2986,1.6014204025268555,21056000,55112704,0.017734796972945333,0.7464868846887662
2987,1.5600237846374512,21056000,55112704,0.018544496037065983,0.7589167805401028
2988,1.6139777898788452,21056000,55112704,0.019586694019380957,0.7295713061886429
2989,1.6363418102264404,21056000,55112704,0.018143326975405216,0.7311171822434979
2990,1.5793930292129517,21056000,55112704,0.01777398999547586,0.6948748525430337
2991,1.625041127204895,21056000,55112704,0.017718254995997995,0.7117906877124343
2992,1.619720458984375,21056000,55112704,0.017938641016371548,0.6784588296615242
2993,1.571062684059143,21056000,55112704,0.017535049002617598,0.6681841387004526
2994,1.6009780168533325,21056000,55112704,0.017549335956573486,0.682165142618234
2995,1.586530327796936,21056000,55112704,0.018364785995800048,0.6643970779732249
2996,1.5825377702713013,21056000,55112704,0.01765988499391824,0.674021107373956
2997,1.6108484268188477,21056000,55112704,0.01740928099025041,0.7059898691881109
2998,1.6187373399734497,21056000,55112704,0.01818603801075369,0.6937741492222977
2999,1.5660700798034668,21056000,55112704,0.01755757100181654,0.663171698138491
3000,1.5861458778381348,21056000,55112704,0.018586403981316835,0.6936603180046685
3001,1.5721169710159302,21056000,55112704,0.017832970013841987,0.7216987149179528
3002,1.5595779418945312,21056000,55112704,0.017552289995364845,0.7113101604361624
3003,1.6193029880523682,21056000,55112704,0.017695430025923997,0.6775197722787588
3004,1.6565780639648438,21056000,55112704,0.01784351095557213,0.7214083239342637
3005,1.6073360443115234,21056000,55112704,0.017778778972569853,0.7384395451888173
3006,1.6204636096954346,21056000,55112704,0.01765277999220416,0.7043770907455007
3007,1.5825361013412476,21056000,55112704,0.01774346100864932,0.6258233354293815
3008,1.574508547782898,21056000,55112704,0.01749859901610762,0.7184759026367924
3009,1.5531326532363892,21056000,55112704,0.017622153041884303,0.6797780201028544
3010,1.6362141370773315,21056000,55112704,0.017762748000677675,0.7094770548530147
3011,1.5588182210922241,21056000,55112704,0.01751210499787703,0.646186550005473
3012,1.604986548423767,21056000,55112704,0.017648471985012293,0.6885468023461983
3013,1.5724923610687256,21056000,55112704,0.017414641042705625,0.7155106008432749
3014,1.5777990818023682,21056000,55112704,0.01741655496880412,0.7630568490164017
3015,1.614485502243042,21056000,55112704,0.017383812984917313,0.726626758551267
3016,1.5655317306518555,21056000,55112704,0.018311284016817808,0.7050067065669595
3017,1.5384494066238403,21056000,55112704,0.01828145800391212,0.6908421309989379
3018,1.5465714931488037,21056000,55112704,0.017742349999025464,0.7038709700943471
3019,1.6056076288223267,21056000,55112704,0.01767147600185126,0.8239609079104819
3020,1.532217264175415,21056000,55112704,0.017583450011443347,0.7317470839999577
3021,1.5926048755645752,21056000,55112704,0.01889799296623096,0.7310932034833715
3022,1.5965205430984497,21056000,55112704,0.018229038978461176,0.6753019788553254
3023,1.5784337520599365,21056000,55112704,0.017756015993654728,0.7352822278238649
3024,1.610913872718811,21056000,55112704,0.01868759497301653,0.7468350165069575
3025,1.5341953039169312,21056000,55112704,0.022125687974039465,0.7044181688523444
3026,1.6167402267456055,21056000,55112704,0.018210583017207682,0.7473093628885255
3027,1.5837719440460205,21056000,55112704,0.017934472009073943,0.7993621207039938
3028,1.57963228225708,21056000,55112704,0.016813033958896995,0.7308084392864482
3029,1.6044241189956665,21056000,55112704,0.016977684979792684,0.7004517158371096
3030,1.518797755241394,21056000,55112704,0.017425401019863784,0.6988939262351671
3031,1.5462909936904907,21056000,55112704,0.017408218991477042,0.7281877701250602
3032,1.5514147281646729,21056000,55112704,0.017540378030389547,0.719323571178159
3033,1.5704913139343262,21056000,55112704,0.016855785041116178,0.7622694566073185
3034,1.5870639085769653,21056000,55112704,0.01703557401197031,0.7943303613825553
3035,1.5980926752090454,21056000,55112704,0.017210203979630023,0.7610087782265487
3036,1.6024744510650635,21056000,55112704,0.016660746943671256,0.8284042874323011
3037,1.5974987745285034,21056000,55112704,0.017612644005566835,0.7993456523660359
3038,1.5890802145004272,21056000,55112704,0.017852366960141808,0.7091931146093835
3039,1.555541753768921,21056000,55112704,0.018512082984670997,0.7404489861130239
3040,1.5658529996871948,21056000,55112704,0.017945031984709203,0.799862075412204
3041,1.6127409934997559,21056000,55112704,0.017655575997196138,0.719267119957368
3042,1.5971472263336182,21056000,55112704,0.017511732992716134,0.6836385171570886
3043,1.692974328994751,21056000,55112704,0.017584751010872424,0.7946800940790975
3044,1.6730015277862549,21056000,55112704,0.017519217974040657,0.8132615488737172
3045,1.5821778774261475,21056000,55112704,0.018181519000791013,0.717789670930334
3046,1.6461485624313354,21056000,55112704,0.017570964992046356,0.7246407007207679
3047,1.5717753171920776,21056000,55112704,0.017486726981587708,0.6970293847014614
3048,1.5941500663757324,21056000,55112704,0.01751300599426031,0.7326655843626259
3049,1.6227556467056274,21056000,55112704,0.02109499101061374,0.7418615066109626
3050,1.7130805253982544,21056000,55112704,0.02048045996343717,0.6624864743354552
3051,1.6084917783737183,21056000,55112704,0.018150751013308764,0.7077855183003987
3052,1.6013902425765991,21056000,55112704,0.017593769007362425,0.7025228386091044
3053,1.6062846183776855,21056000,55112704,0.01749035296961665,0.7338064163562801
3054,1.6181341409683228,21056000,55112704,0.01763094903435558,0.7311264481742092
3055,1.5293728113174438,21056000,55112704,0.017422816017642617,0.6975018526097577
3056,1.618039608001709,21056000,55112704,0.01757677597925067,0.7212229809201265
3057,1.5835403203964233,21056000,55112704,0.017565684975124896,0.6927123335698998
3058,1.6039308309555054,21056000,55112704,0.017582096974365413,0.7204716828347194
3059,1.6203203201293945,21056000,55112704,0.01769477897323668,0.7307177157922614
3060,1.6298478841781616,21056000,55112704,0.018455775978509337,0.6935704969053741
3061,1.6128753423690796,21056000,55112704,0.01771011803066358,0.7660386297805476
3062,1.6079949140548706,21056000,55112704,0.017551800003275275,0.7934497151771123
3063,1.6244676113128662,21056000,55112704,0.017817992018535733,0.7339311716670966
3064,1.6044166088104248,21056000,55112704,0.017437614034861326,0.7519158799556633
3065,1.5768167972564697,21056000,55112704,0.017700169992167503,0.8180640103788448
3066,1.6062219142913818,21056000,55112704,0.017487607954535633,0.7148045300195129
3067,1.5684680938720703,21056000,55112704,0.017452812986448407,0.6505745958455267
3068,1.594710111618042,21056000,55112704,0.01759360800497234,0.6816712719701181
3069,1.6046583652496338,21056000,55112704,0.01749054400715977,0.7579357035918801
3070,1.5451879501342773,21056000,55112704,0.017522703972645104,0.7132558782382326
3071,1.6007540225982666,21056000,55112704,0.017613836040254682,0.7770853973948054
3072,1.660711646080017,21056000,55112704,0.01761276402976364,0.7329663613046928
3073,1.5320751667022705,21056000,55112704,0.017592986987438053,0.7181813683721388
3074,1.5411173105239868,21056000,55112704,0.01763423503143713,0.836269810454518
3075,1.5848066806793213,21056000,55112704,0.018075127969495952,0.7274302786106452
3076,1.5749566555023193,21056000,55112704,0.01802436204161495,0.7054813438945066
3077,1.6218559741973877,21056000,55112704,0.018498777993954718,0.7014858679087432
3078,1.589428424835205,21056000,55112704,0.01778111298335716,0.8081609658725742
3079,1.5920932292938232,21056000,55112704,0.018041504023130983,0.7439919568495319
3080,1.6072038412094116,21056000,55112704,0.01747269998304546,0.751948708708601
3081,1.5480269193649292,21056000,55112704,0.017698615964036435,0.7713070726798001
3082,1.5436666011810303,21056000,55112704,0.01772250101203099,0.6906899949161263
3083,1.5624498128890991,21056000,55112704,0.0182651259819977,0.7185492324195534
3084,1.576594591140747,21056000,55112704,0.017809837008826435,0.689591485523737
3085,1.6157194375991821,21056000,55112704,0.01769792498089373,0.7204220056163281
3086,1.5700247287750244,21056000,55112704,0.01754734996939078,0.6923873145801303
3087,1.5862725973129272,21056000,55112704,0.0177566260099411,0.8133853060601193
3088,1.5767099857330322,21056000,55112704,0.017807933036237955,0.6662652873969412
3089,1.590346336364746,21056000,55112704,0.018575162044726312,0.689786653259382
3090,1.6067075729370117,21056000,55112704,0.019731356005650014,0.7053334315559305
3091,1.5860285758972168,21056000,55112704,0.01814132195431739,0.7555960539635136
3092,1.6273061037063599,21056000,55112704,0.017909204005263746,0.7362101793697441
3093,1.594200849533081,21056000,55112704,0.017759180977009237,0.6949255178473424
3094,1.6342626810073853,21056000,55112704,0.017582477012183517,0.7572988431365127
3095,1.5723493099212646,21056000,55112704,0.017670021974481642,0.7347644280206718
3096,1.5963877439498901,21056000,55112704,0.01765834999969229,0.7503443429187471
3097,1.5699946880340576,21056000,55112704,0.017540747998282313,0.7467301883896956
3098,1.544619083404541,21056000,55112704,0.017613004019949585,0.6947789645807247
3099,1.6201870441436768,21056000,55112704,0.017530909972265363,0.7239028183849613
3100,1.6352300643920898,21056000,55112704,0.018640454043634236,0.7188252410392271
3101,1.6396406888961792,21056000,55112704,0.01720315997954458,0.6853191470510456
3102,1.6405925750732422,21056000,55112704,0.017203690949827433,0.7087701253559722
3103,1.5479265451431274,21056000,55112704,0.01771190098952502,0.6975506657767191
3104,1.5617016553878784,21056000,55112704,0.017408518004231155,0.7236724785352079
3105,1.5651496648788452,21056000,55112704,0.017650194000452757,0.6624286526628218
3106,1.5991390943527222,21056000,55112704,0.01742574997479096,0.7255059726805224
3107,1.655322551727295,21056000,55112704,0.01743539801100269,0.7622812133002091
3108,1.573367953300476,21056000,55112704,0.01786635199096054,0.7018877397999709
3109,1.641249179840088,21056000,55112704,0.01742424798430875,0.7188173059049644
3110,1.6056712865829468,21056000,55112704,0.017421561991795897,0.6994824443627528
3111,1.6024879217147827,21056000,55112704,0.017665572988335043,0.7194628306264053
3112,1.5921539068222046,21056000,55112704,0.017373492009937763,0.7036870460265039
3113,1.612432837486267,21056000,55112704,0.017515199026092887,0.7191897069177611
3114,1.620074987411499,21056000,55112704,0.019224176998250186,0.6697907566912799
3115,1.6130763292312622,21056000,55112704,0.01786458899732679,0.7486946247488884
3116,1.631859302520752,21056000,55112704,0.017469231970608234,0.6895389582684202
3117,1.5573660135269165,21056000,55112704,0.017504008021205664,0.6570103717390365
3118,1.608828067779541,21056000,55112704,0.01736145798349753,0.6870590946171605
3119,1.5868909358978271,21056000,55112704,0.017697161994874477,0.6924339144302342
3120,1.6428680419921875,21056000,55112704,0.02075253298971802,0.7394366461139049
3121,1.5889488458633423,21056000,55112704,0.01819361001253128,0.7006938447808836
3122,1.5394452810287476,21056000,55112704,0.01758658397011459,0.6943862755964458
3123,1.6296155452728271,21056000,55112704,0.017457689973525703,0.6981909093068547
3124,1.5488018989562988,21056000,55112704,0.017907269007992,0.7142008985176411
3125,1.5235157012939453,21056000,55112704,0.01882354001281783,0.6800767121879641
3126,1.5647642612457275,21056000,55112704,0.017725586018059403,0.7061278094102914
3127,1.5645883083343506,21056000,55112704,0.017809786018915474,0.6963562419359945
3128,1.5377836227416992,21056000,55112704,0.017697342962492257,0.678041337340801
3129,1.6097363233566284,21056000,55112704,0.017453802982345223,0.7010789930545814
3130,1.6004647016525269,21056000,55112704,0.017845713009592146,0.75288438553688
3131,1.589806079864502,21056000,55112704,0.017559903964865953,0.6935704000432085
3132,1.6044297218322754,21056000,55112704,0.017578458006028086,0.7222304423044756
3133,1.603153944015503,21056000,55112704,0.01753367396304384,0.7083096059368565
3134,1.5504701137542725,21056000,55112704,0.01744229200994596,0.7104302831005397
3135,1.532848596572876,21056000,55112704,0.017457069014199078,0.7420617541926382
3136,1.5944267511367798,21056000,55112704,0.017439535993617028,0.7087604342639715
3137,1.529822826385498,21056000,55112704,0.017482396971900016,0.7391363490250433
3138,1.5265274047851562,21056000,55112704,0.017416702990885824,0.71714069726167
3139,1.605210781097412,21056000,55112704,0.017397025017999113,0.7368272713728067
3140,1.5772846937179565,21056000,55112704,0.01808884198544547,0.7095730358387663
3141,1.5631049871444702,21056000,55112704,0.01792017405387014,0.6739652556164063
3142,1.5552222728729248,21056000,55112704,0.018266537983436137,0.7002809517907018
3143,1.5651357173919678,21056000,55112704,0.01779825403355062,0.7179186283464252
3144,1.6259129047393799,21056000,55112704,0.017706611019093543,0.7387954807725262
3145,1.6086915731430054,21056000,55112704,0.017470123013481498,0.6678786646358607
3146,1.6125752925872803,21056000,55112704,0.017516261024866253,0.7311895064539276
3147,1.5974615812301636,21056000,55112704,0.01743123005144298,0.7459806722951008
3148,1.5167959928512573,21056000,55112704,0.017459443013649434,0.6487750796099486
3149,1.590552568435669,21056000,55112704,0.01755744800902903,0.7059765707609553
3150,1.5509912967681885,21056000,55112704,0.017360176017973572,0.6792944004306031
3151,1.5409090518951416,21056000,55112704,0.017527771997265518,0.6912163904551658
3152,1.601824402809143,21056000,55112704,0.017761964991223067,0.7259243396369794
3153,1.6252020597457886,21056000,55112704,0.01821672299411148,0.6588902025167694
3154,1.5326734781265259,21056000,55112704,0.018048326019197702,0.655101455308641
3155,1.5613977909088135,21056000,55112704,0.01843540702247992,0.7501985521703272
3156,1.5755254030227661,21056000,55112704,0.01752703101374209,0.7136479388790733
3157,1.6318480968475342,21056000,55112704,0.017407285049557686,0.6744009490274333
3158,1.5681771039962769,21056000,55112704,0.018052703991997987,0.6901511336591333
3159,1.6599881649017334,21056000,55112704,0.01825065800221637,0.7957903800301642
3160,1.5512731075286865,21056000,55112704,0.018486844026483595,0.6753121582369116
3161,1.5954452753067017,21056000,55112704,0.01776565203908831,0.7406918075812728
3162,1.6271133422851562,21056000,55112704,0.017751315026544034,0.7663617453832184
3163,1.5894138813018799,21056000,55112704,0.017665772989857942,0.6929086210246592
3164,1.5800105333328247,21056000,55112704,0.017881971958559006,0.6980516285861943
3165,1.5526642799377441,21056000,55112704,0.01758636301383376,0.6700677412679683
3166,1.5465960502624512,21056000,55112704,0.017521000001579523,0.6861696720712445
3167,1.6504961252212524,21056000,55112704,0.017458943009842187,0.7640586955843773
3168,1.6268209218978882,21056000,55112704,0.017394680995494127,0.7439010610762817
3169,1.584430456161499,21056000,55112704,0.018726016045548022,0.7359931565842006
3170,1.6457202434539795,21056000,55112704,0.02132139797322452,0.7670645250214827
3171,1.60232675075531,21056000,55112704,0.0178168389829807,0.6755028810064194
3172,1.6018403768539429,21056000,55112704,0.017698524985462427,0.6951034840495267
3173,1.5326907634735107,21056000,55112704,0.017487486999016255,0.659742984391773
3174,1.5378743410110474,21056000,55112704,0.01742302399361506,0.6411174084242693
3175,1.6346017122268677,21056000,55112704,0.01762628898723051,0.7169728262621418
3176,1.5730568170547485,21056000,55112704,0.017328576010186225,0.7252051624461958
3177,1.601298451423645,21056000,55112704,0.01756895997095853,0.7053030421223554
3178,1.586443543434143,21056000,55112704,0.017543592024594545,0.6729992336286809
3179,1.5518759489059448,21056000,55112704,0.017516831983812153,0.6269494640095927
3180,1.6084893941879272,21056000,55112704,0.017627640976570547,0.772774095639426
3181,1.582328200340271,21056000,55112704,0.01757510204333812,0.7005651752147135
3182,1.5833467245101929,21056000,55112704,0.01740195497404784,0.6938209612394797
3183,1.553989291191101,21056000,55112704,0.017913680989295244,0.6916905076953186
3184,1.5261591672897339,21056000,55112704,0.01749987999210134,0.7137334394135749
3185,1.5984418392181396,21056000,55112704,0.018282206961885095,0.6797679525918335
3186,1.5844078063964844,21056000,55112704,0.01800981303676963,0.6824434428922372
3187,1.573115348815918,21056000,55112704,0.018280193966347724,0.6571591011101009
3188,1.5873181819915771,21056000,55112704,0.01776705402880907,0.7280624802374704
3189,1.5388720035552979,21056000,55112704,0.017692073015496135,0.6864015329791298
3190,1.6262555122375488,21056000,55112704,0.017492867016699165,0.79215080849574
3191,1.5756375789642334,21056000,55112704,0.017672215006314218,0.703179397564925
3192,1.611323356628418,21056000,55112704,0.01740887702908367,0.712396154935879
3193,1.6049376726150513,21056000,55112704,0.017439365037716925,0.7182156213035401
3194,1.6346040964126587,21056000,55112704,0.017864087014459074,0.748399882838076
3195,1.5655421018600464,21056000,55112704,0.017589680035598576,0.7265737667377036
3196,1.5579321384429932,21056000,55112704,0.017898623016662896,0.7093562804404481
3197,1.6336225271224976,21056000,55112704,0.02103261201409623,0.7533782935423269
3198,1.5140737295150757,21056000,55112704,0.01815194101072848,0.7019955083731542
3199,1.593339204788208,21056000,55112704,0.01797233201796189,0.6928739231612737
3200,1.5504636764526367,21056000,55112704,0.018574679037556052,0.7354741374979622
3201,1.5882072448730469,21056000,55112704,0.017867493035737425,0.681267977574173
3202,1.6031068563461304,21056000,55112704,0.01757485995767638,0.7009196132002923
3203,1.5810000896453857,21056000,55112704,0.017644923005718738,0.7070832903233911
3204,1.598567008972168,21056000,55112704,0.01837559201521799,0.7565100240240664
3205,1.6110292673110962,21056000,55112704,0.01916551502654329,0.7744827280700957
3206,1.6104886531829834,21056000,55112704,0.01771723001729697,0.7226387898367237
3207,1.61668062210083,21056000,55112704,0.017752446001395583,0.6977156054553565
3208,1.5995360612869263,21056000,55112704,0.017551967001054436,0.7771541369715915
3209,1.545870304107666,21056000,55112704,0.017622961022425443,0.712316602364345
3210,1.588260531425476,21056000,55112704,0.017721868003718555,0.7701304993167059
3211,1.6153286695480347,21056000,55112704,0.017594868026208133,0.7110818463783899
3212,1.60511314868927,21056000,55112704,0.017552678007632494,0.7314098659117634
3213,1.6480458974838257,21056000,55112704,0.017413585039321333,0.6964042654772913
3214,1.6123316287994385,21056000,55112704,0.017609967035241425,0.7429845418284788
3215,1.5666842460632324,21056000,55112704,0.017661644029431045,0.6768954379868399
3216,1.5630733966827393,21056000,55112704,0.017393598041962832,0.7143863806164716
3217,1.623085379600525,21056000,55112704,0.017403547011781484,0.6903822545840991
3218,1.5826292037963867,21056000,55112704,0.017771471000742167,0.7184765675835904
3219,1.5347219705581665,21056000,55112704,0.01739083300344646,0.6763019253726386
3220,1.4715218544006348,21056000,55112704,0.01800549402832985,0.6923057491970376
3221,1.5681276321411133,21056000,55112704,0.01762426400091499,0.7171536103292209
3222,1.5544308423995972,21056000,55112704,0.018495419004466385,0.6943468776902225
3223,1.577567219734192,21056000,55112704,0.01798797002993524,0.7104860971170659
3224,1.6406692266464233,21056000,55112704,0.01747809798689559,0.7290645722565529
3225,1.5577541589736938,21056000,55112704,0.01757446996634826,0.735628907691924
3226,1.536321997642517,21056000,55112704,0.017547539027873427,0.7328000458648555
3227,1.5716098546981812,21056000,55112704,0.017610156966838986,0.6785742842810775
3228,1.5740039348602295,21056000,55112704,0.017724323028232902,0.7335975706631541
3229,1.5742285251617432,21056000,55112704,0.017519295040983707,0.7795794791419409
3230,1.6239866018295288,21056000,55112704,0.017595369019545615,0.736125057963565
3231,1.5895280838012695,21056000,55112704,0.017548309988342226,0.781260487790604
3232,1.5678132772445679,21056000,55112704,0.018702429020777345,0.7421322550356755
3233,1.5938045978546143,21056000,55112704,0.017903259955346584,0.711421344356612
3234,1.685328722000122,21056000,55112704,0.01773407100699842,0.7336894215562416
3235,1.5083919763565063,21056000,55112704,0.018381514004431665,0.7060709597283099
3236,1.5996744632720947,21056000,55112704,0.017573657969478518,0.7177354332718212
3237,1.572388768196106,21056000,55112704,0.017614495009183884,0.7012394348812252
3238,1.5788596868515015,21056000,55112704,0.017589669034350663,0.6849214491231085
3239,1.5323325395584106,21056000,55112704,0.017470874008722603,0.7331529485990304
3240,1.5360499620437622,21056000,55112704,0.017376985982991755,0.7416930926012963
3241,1.5791256427764893,21056000,55112704,0.017387125990353525,0.689953223523646
3242,1.642428994178772,21056000,55112704,0.0174827259615995,0.7738775921866402
3243,1.5533370971679688,21056000,55112704,0.017694284964818507,0.7444465346774322
3244,1.56015145778656,21056000,55112704,0.017353823001030833,0.7037627887257276
3245,1.6441723108291626,21056000,55112704,0.017439474002458155,0.7364440218439726
3246,1.552304744720459,21056000,55112704,0.017656424024607986,0.7237845277551794
3247,1.673105001449585,21056000,55112704,0.017390972992870957,0.748438675404383
3248,1.4956538677215576,21056000,55112704,0.017311222036369145,0.7401807096434412
3249,1.596868634223938,21056000,55112704,0.017578417027834803,0.7258973004405331
3250,1.6080868244171143,21056000,55112704,0.01805354398675263,0.6908899252222651
3251,1.6751121282577515,21056000,55112704,0.01734160998603329,0.720008031850024
3252,1.5796564817428589,21056000,55112704,0.017425737984012812,0.7421407550018616
3253,1.6236196756362915,21056000,55112704,0.017273000034037977,0.6673412804824629
3254,1.6198856830596924,21056000,55112704,0.017421389988157898,0.7215246855352897
3255,1.5670154094696045,21056000,55112704,0.018058292975183576,0.6763037700024828
3256,1.5832772254943848,21056000,55112704,0.017992839973885566,0.6745425766469006
3257,1.622035264968872,21056000,55112704,0.017780688998755068,0.7218446728335588
3258,1.5791767835617065,21056000,55112704,0.017477565968874842,0.6592321344655357
3259,1.5968760251998901,21056000,55112704,0.017457659007050097,0.7136966326568002
3260,1.5825724601745605,21056000,55112704,0.018479389022104442,0.6767973617650602
3261,1.6104393005371094,21056000,55112704,0.018148814036976546,0.660952004701273
3262,1.5943034887313843,21056000,55112704,0.017745974007993937,0.721202955349423
3263,1.6136058568954468,21056000,55112704,0.0182313600089401,0.719990510328433
3264,1.507825255393982,21056000,55112704,0.018175595032516867,0.6936957968671988
3265,1.5886305570602417,21056000,55112704,0.018831002002116293,0.7051049586273934
3266,1.6053416728973389,21056000,55112704,0.01771774998633191,0.6966272900744324
3267,1.5028703212738037,21056000,55112704,0.01772621599957347,0.7183564762821628
3268,1.6262681484222412,21056000,55112704,0.017620887025259435,0.7260580874324913
3269,1.563723087310791,21056000,55112704,0.017392386042047292,0.6812797827660546
3270,1.579726219177246,21056000,55112704,0.017426260048523545,0.6961870604518781
3271,1.5388673543930054,21056000,55112704,0.017519946035463363,0.7602838285996832
3272,1.5845799446105957,21056000,55112704,0.01740744395647198,0.6843789197639982
3273,1.5907081365585327,21056000,55112704,0.017422001983504742,0.6920548239383888
3274,1.534560203552246,21056000,55112704,0.017443451972212642,0.7040544761677069
3275,1.5993198156356812,21056000,55112704,0.017421810945961624,0.7288220546864927
3276,1.5860790014266968,21056000,55112704,0.017438973009120673,0.7534433383078981
3277,1.5879690647125244,21056000,55112704,0.017399449017830193,0.6476688878438224
3278,1.5468103885650635,21056000,55112704,0.017471704981289804,0.6819448496562587
3279,1.6169646978378296,21056000,55112704,0.017427181010134518,0.8121024691787162
3280,1.6269237995147705,21056000,55112704,0.017840782995335758,0.7199442058412739
3281,1.5742453336715698,21056000,55112704,0.01753473497228697,0.6732077861755794
3282,1.5250779390335083,21056000,55112704,0.017499958048574626,0.7138783332063708
3283,1.5608550310134888,21056000,55112704,0.01762364199385047,0.7402877054749997
3284,1.5449402332305908,21056000,55112704,0.017378229007590562,0.7072796329785267
3285,1.5481805801391602,21056000,55112704,0.017439032963011414,0.7697407813400723
3286,1.5592902898788452,21056000,55112704,0.017592452990356833,0.6928186114897932
3287,1.5997645854949951,21056000,55112704,0.017436368972994387,0.7305168794091079
3288,1.6184227466583252,21056000,55112704,0.018365803989581764,0.7261289734022489
3289,1.5652450323104858,21056000,55112704,0.01808294001966715,0.7663637766788406
3290,1.5908575057983398,21056000,55112704,0.01817208802094683,0.6717634722372429
3291,1.6097270250320435,21056000,55112704,0.017679557029623538,0.6966354054962878
3292,1.577104091644287,21056000,55112704,0.017669518012553453,0.7581599452610388
3293,1.5982264280319214,21056000,55112704,0.017744500015396625,0.7935634346098205
3294,1.5766105651855469,21056000,55112704,0.017344755004160106,0.7674267069613351
3295,1.5312542915344238,21056000,55112704,0.018278918985743076,0.7238973127952782
3296,1.591881513595581,21056000,55112704,0.017579308012500405,0.7251638486470657
3297,1.5585548877716064,21056000,55112704,0.017480982991401106,0.6565027387298867
3298,1.5657355785369873,21056000,55112704,0.017391142959240824,0.7313731347716512
3299,1.5935391187667847,21056000,55112704,0.017609875998459756,0.7720245847792411
3300,1.5949897766113281,21056000,55112704,0.01804286299739033,0.709143067167968
3301,1.546242117881775,21056000,55112704,0.017790987971238792,0.6884987484708649
3302,1.582134485244751,21056000,55112704,0.018291542015504092,0.7378950537883188
3303,1.5905089378356934,21056000,55112704,0.018333823012653738,0.821928688035345
3304,1.6203231811523438,21056000,55112704,0.01776831498136744,0.776329489826329
3305,1.5844435691833496,21056000,55112704,0.017779095040168613,0.6847254952718065
3306,1.5832923650741577,21056000,55112704,0.017644439998548478,0.8151833230778299
3307,1.5699598789215088,21056000,55112704,0.01771477301372215,0.7862044489054867
3308,1.5999399423599243,21056000,55112704,0.017483335977885872,0.7143719218105772
3309,1.5578612089157104,21056000,55112704,0.01746374904178083,0.726861406295532
3310,1.6587599515914917,21056000,55112704,0.017695906979497522,0.7765985898137099
3311,1.5283235311508179,21056000,55112704,0.01759797299746424,0.6847831357540237
3312,1.582626223564148,21056000,55112704,0.01753584499238059,0.7145323616867311
3313,1.5379081964492798,21056000,55112704,0.017913318006321788,0.7863679567553823
3314,1.5989608764648438,21056000,55112704,0.017728478997014463,0.7795150252098642
3315,1.537467360496521,21056000,55112704,0.017432429012842476,0.666834839663273
3316,1.6351438760757446,21056000,55112704,0.017428291961550713,0.7531009929487898
3317,1.5739134550094604,21056000,55112704,0.017594114993698895,0.7060991463605109
3318,1.640648603439331,21056000,55112704,0.017439484014175832,0.74808464534352
3319,1.562477469444275,21056000,55112704,0.01761139801237732,0.6648400180996417
3320,1.5849275588989258,21056000,55112704,0.017581582011189312,0.6838814409913385
3321,1.5881444215774536,21056000,55112704,0.017570942000020295,0.6856406153728338
3322,1.5379785299301147,21056000,55112704,0.017536867002490908,0.6614320687825717
3323,1.5101689100265503,21056000,55112704,0.01804253301816061,0.6426508400979507
3324,1.6342015266418457,21056000,55112704,0.01782442000694573,0.6715009827752562
3325,1.5328272581100464,21056000,55112704,0.017446255951654166,0.6803790434175513
3326,1.5440891981124878,21056000,55112704,0.01747207500739023,0.6778643876358723
3327,1.547637939453125,21056000,55112704,0.018757912970613688,0.6548440821239724
3328,1.577288031578064,21056000,55112704,0.018249422952067107,0.7077097568805606
3329,1.6095352172851562,21056000,55112704,0.017731965985149145,0.7084474971810374
3330,1.5867805480957031,21056000,55112704,0.018601577961817384,0.6583495283181157
3331,1.5807288885116577,21056000,55112704,0.017708109982777387,0.6710596113889781
3332,1.6047449111938477,21056000,55112704,0.017716686998028308,0.6644752015444337
3333,1.6001338958740234,21056000,55112704,0.01759881403995678,0.7118691783429929
3334,1.5885783433914185,21056000,55112704,0.017471905041020364,0.7334696272641668
3335,1.5486304759979248,21056000,55112704,0.017552617006003857,0.6798102459483121
3336,1.5503406524658203,21056000,55112704,0.017386102001182735,0.7560842129860041
3337,1.615821123123169,21056000,55112704,0.01745006296550855,0.6818956672631301
3338,1.5792372226715088,21056000,55112704,0.017995763977523893,0.7277596968734263
3339,1.565315842628479,21056000,55112704,0.01756817603018135,0.6582629523196566
3340,1.594752550125122,21056000,55112704,0.01771904097404331,0.6920601021179705
3341,1.607433795928955,21056000,55112704,0.017562736000400037,0.6957662516264133
3342,1.5500986576080322,21056000,55112704,0.017417470982763916,0.641925448556619
3343,1.5854532718658447,21056000,55112704,0.017719372001010925,0.7558813574836305
3344,1.5976181030273438,21056000,55112704,0.017377105017658323,0.725380220211742
3345,1.56205153465271,21056000,55112704,0.018268949002958834,0.6662224133595345
3346,1.5339651107788086,21056000,55112704,0.017470991995651275,0.6544976528294556
3347,1.570204257965088,21056000,55112704,0.01753533398732543,0.6902451036141674
3348,1.5764517784118652,21056000,55112704,0.017282637010794133,0.7097132798795606
3349,1.565354585647583,21056000,55112704,0.017491310951299965,0.7409648755482072
3350,1.5639259815216064,21056000,55112704,0.017805154027882963,0.6997173045217631
3351,1.5955348014831543,21056000,55112704,0.01743301097303629,0.7783718539988018
3352,1.5982658863067627,21056000,55112704,0.017674377013463527,0.7311488853932766
3353,1.555184245109558,21056000,55112704,0.0174927240004763,0.6912527963560383
3354,1.6332265138626099,21056000,55112704,0.017766940989531577,0.7590593627339041
3355,1.5978524684906006,21056000,55112704,0.018945466959849,0.7404759149182641
3356,1.6269601583480835,21056000,55112704,0.01830536895431578,0.7249306575819808
3357,1.5390021800994873,21056000,55112704,0.0178740739938803,0.727387972721252
3358,1.5090041160583496,21056000,55112704,0.01769967400468886,0.7077656814625864
3359,1.5735584497451782,21056000,55112704,0.01738699496490881,0.7322555443253546
3360,1.539756178855896,21056000,55112704,0.018353820021729916,0.6971169569772174
3361,1.5341204404830933,21056000,55112704,0.020330913015641272,0.7202477681233428
3362,1.638811707496643,21056000,55112704,0.018096173007506877,0.7544688037579451
3363,1.583391785621643,21056000,55112704,0.01748798502376303,0.7226886796838408
3364,1.6659139394760132,21056000,55112704,0.017671790963504463,0.827469218950829
3365,1.5243303775787354,21056000,55112704,0.01781198603566736,0.6514095068416725
3366,1.5425645112991333,21056000,55112704,0.017463819007389247,0.6470696924507139
3367,1.5731686353683472,21056000,55112704,0.01774220500374213,0.7324591551621055
3368,1.6190783977508545,21056000,55112704,0.017598703037947416,0.7171985115118131
3369,1.5318126678466797,21056000,55112704,0.017709914012812078,0.6827738030574494
3370,1.622024416923523,21056000,55112704,0.01744755799882114,0.7111664819694828
3371,1.5550498962402344,21056000,55112704,0.01748515898361802,0.7479166247540582
3372,1.5555838346481323,21056000,55112704,0.017544361006002873,0.7067181705183537
3373,1.5638082027435303,21056000,55112704,0.017705305013805628,0.7143170664934317
3374,1.6323299407958984,21056000,55112704,0.01818674395326525,0.7412461088785485
3375,1.5893511772155762,21056000,55112704,0.018265242979396135,0.7332626650833111
3376,1.5771979093551636,21056000,55112704,0.017765969969332218,0.6916497350025259
3377,1.5608969926834106,21056000,55112704,0.017602620995603502,0.7612554134108328
3378,1.5947312116622925,21056000,55112704,0.017533259990159422,0.6880254942729366
3379,1.615748405456543,21056000,55112704,0.017499495996162295,0.7129672180923193
3380,1.592499852180481,21056000,55112704,0.017506739997770637,0.6926147004488542
3381,1.570629596710205,21056000,55112704,0.017566833004821092,0.6932270576297733
3382,1.5661062002182007,21056000,55112704,0.017679005046375096,0.7645242066088642
3383,1.5415937900543213,21056000,55112704,0.01883401704253629,0.6855625009235409
3384,1.5737653970718384,21056000,55112704,0.01757991802878678,0.7355640793028281
3385,1.5398551225662231,21056000,55112704,0.017696147959213704,0.7334669116943394
3386,1.6502578258514404,21056000,55112704,0.017522981041111052,0.7956621240886405
3387,1.5738407373428345,21056000,55112704,0.01754517201334238,0.7616919449709585
3388,1.6448876857757568,21056000,55112704,0.017571702948771417,0.7489989785104904
3389,1.558284878730774,21056000,55112704,0.017408645013347268,0.6626462691290037
3390,1.5784989595413208,21056000,55112704,0.018208394991233945,0.7802143551919279
3391,1.599306583404541,21056000,55112704,0.017420967982616276,0.7532011697476626
3392,1.5515154600143433,21056000,55112704,0.017487083037849516,0.7126895527283168
3393,1.6130387783050537,21056000,55112704,0.017620403959881514,0.7218488298396406
3394,1.561200499534607,21056000,55112704,0.01805056701414287,0.7516594137108513
3395,1.6077638864517212,21056000,55112704,0.018173629010561854,0.7263807319608847
3396,1.6361205577850342,21056000,55112704,0.01764244702644646,0.6694992167718143
3397,1.5584015846252441,21056000,55112704,0.017582473054062575,0.703103065697043
3398,1.6359771490097046,21056000,55112704,0.01739794499007985,0.742526279938248
3399,1.5709213018417358,21056000,55112704,0.017777781991753727,0.7644235860253578
3400,1.608764410018921,21056000,55112704,0.01851551397703588,0.7062280751040163
3401,1.55455482006073,21056000,55112704,0.017922723956871778,0.6733954966333987
3402,1.6158134937286377,21056000,55112704,0.017577742983121425,0.7258955210195712
3403,1.575769305229187,21056000,55112704,0.017795343999750912,0.7320318660913911
3404,1.6728179454803467,21056000,55112704,0.01790988101856783,0.7256331546399345
3405,1.561097502708435,21056000,55112704,0.018244613020215183,0.7028570138984279
3406,1.5566436052322388,21056000,55112704,0.018324191973078996,0.7319143250672646
3407,1.5648062229156494,21056000,55112704,0.018067376979161054,0.7710541716458293
3408,1.6124287843704224,21056000,55112704,0.017590907984413207,0.7106644143497995
3409,1.6288849115371704,21056000,55112704,0.017501057998742908,0.7524659040709356
3410,1.5584983825683594,21056000,55112704,0.017759816953912377,0.7928828767229906
3411,1.512414813041687,21056000,55112704,0.017683752987068146,0.7373320185972101
3412,1.6074204444885254,21056000,55112704,0.01778140803799033,0.7271676738220523
3413,1.566254734992981,21056000,55112704,0.017619512043893337,0.6990112436276127
3414,1.6554805040359497,21056000,55112704,0.017539079999551177,0.7061528887832011
3415,1.6460344791412354,21056000,55112704,0.017817636020481586,0.8114672392944523
3416,1.63377046585083,21056000,55112704,0.01741431502159685,0.7466054003758434
3417,1.577805995941162,21056000,55112704,0.017557886021677405,0.7236037654665891
3418,1.606810212135315,21056000,55112704,0.017664647020865232,0.7584485316709383
3419,1.5705127716064453,21056000,55112704,0.017482664028648287,0.7057499588642718
3420,1.5696848630905151,21056000,55112704,0.017530332959722728,0.7262149240367484
3421,1.5256942510604858,21056000,55112704,0.019910879025701433,0.7049905640884092
3422,1.5573962926864624,21056000,55112704,0.018242980004288256,0.7584760987350174
3423,1.5791467428207397,21056000,55112704,0.01779862999683246,0.7651636930849296
3424,1.616710901260376,21056000,55112704,0.017752001993358135,0.7320940982718813
3425,1.5797696113586426,21056000,55112704,0.01817625400144607,0.696239995866089
3426,1.585819125175476,21056000,55112704,0.01767040800768882,0.7066438024110533
3427,1.5799578428268433,21056000,55112704,0.017497843015007675,0.6729626504454576
3428,1.5891739130020142,21056000,55112704,0.017347137036267668,0.6545804000933141
3429,1.6027783155441284,21056000,55112704,0.01757584896404296,0.7350174910979048
3430,1.576106309890747,21056000,55112704,0.017405037011485547,0.7484381553080245
3431,1.5451505184173584,21056000,55112704,0.017544621019624174,0.6857991118518039
3432,1.571443796157837,21056000,55112704,0.018128793977666646,0.7082193054333699
3433,1.581361174583435,21056000,55112704,0.018743955006357282,0.7269218020807472
3434,1.6305285692214966,21056000,55112704,0.017968169995583594,0.7273324565938494
3435,1.5624712705612183,21056000,55112704,0.017676289018709213,0.6873804301168537
3436,1.63797926902771,21056000,55112704,0.017491870967205614,0.7972372788237158
3437,1.5625486373901367,21056000,55112704,0.01770369097357616,0.674522698686647
3438,1.5793033838272095,21056000,55112704,0.01767966599436477,0.7243638227811504
3439,1.5435514450073242,21056000,55112704,0.01749787200242281,0.6842551577114278
3440,1.5372129678726196,21056000,55112704,0.01836359698791057,0.7425182532224774
3441,1.6038578748703003,21056000,55112704,0.017388845968525857,0.709573644066974
3442,1.5703011751174927,21056000,55112704,0.017691328015644103,0.7682665378641752
3443,1.5977213382720947,21056000,55112704,0.017526937008369714,0.7014724791269203
3444,1.582812786102295,21056000,55112704,0.017607999965548515,0.6809826400670358
3445,1.5656228065490723,21056000,55112704,0.0176464130054228,0.7653959971557276
3446,1.573420524597168,21056000,55112704,0.017507180047687143,0.695539768187016
3447,1.625443935394287,21056000,55112704,0.017552155011799186,0.7018356472397964
3448,1.5660066604614258,21056000,55112704,0.01776278205215931,0.6743770062474278
3449,1.5414917469024658,21056000,55112704,0.01881103200139478,0.7484203071764811
3450,1.539260983467102,21056000,55112704,0.017853683966677636,0.71855475731461
3451,1.5534701347351074,21056000,55112704,0.017733057029545307,0.6841057075489695
3452,1.5714387893676758,21056000,55112704,0.01743074500700459,0.7188205091298776
3453,1.5229699611663818,21056000,55112704,0.01742520503466949,0.6783882868221843
3454,1.592905879020691,21056000,55112704,0.017663103993982077,0.7382411556025629
3455,1.6778130531311035,21056000,55112704,0.01818043104140088,0.7093524911321246
3456,1.6008105278015137,21056000,55112704,0.017351885966490954,0.7092523773352827
3457,1.5574461221694946,21056000,55112704,0.01746939797885716,0.7453445174781528
3458,1.5630223751068115,21056000,55112704,0.017540992994327098,0.7164522154383451
3459,1.5738884210586548,21056000,55112704,0.01758193102432415,0.7346650810210023
3460,1.55271577835083,21056000,55112704,0.017610844981390983,0.735953195716879
3461,1.5658135414123535,21056000,55112704,0.017398654017597437,0.737603186144888
3462,1.5844383239746094,21056000,55112704,0.017676158982794732,0.7366170000788008
3463,1.5919665098190308,21056000,55112704,0.018099627981428057,0.7280143854409874
3464,1.5760605335235596,21056000,55112704,0.017590678005944937,0.7518988794009707
3465,1.5504355430603027,21056000,55112704,0.017627577006351203,0.7182834339822096
3466,1.5440033674240112,21056000,55112704,0.02065444301115349,0.6839089775320223
3467,1.6409265995025635,21056000,55112704,0.018266724015120417,0.721227329499963
3468,1.5728788375854492,21056000,55112704,0.017734839988406748,0.7266013794215396
3469,1.5270295143127441,21056000,55112704,0.017487782984972,0.6509836517049318
3470,1.4884684085845947,21056000,55112704,0.01823747798334807,0.700686300865204
3471,1.5929218530654907,21056000,55112704,0.01743226795224473,0.7408374994665253
3472,1.6404309272766113,21056000,55112704,0.017467454017605633,0.7821630270958357
3473,1.5927292108535767,21056000,55112704,0.017658505006693304,0.7396588684275655
3474,1.611339807510376,21056000,55112704,0.017550821998156607,0.7656157557646108
3475,1.5662872791290283,21056000,55112704,0.017462785996031016,0.7710145972973163
3476,1.5464224815368652,21056000,55112704,0.018527125008404255,0.692915214759648
3477,1.5449564456939697,21056000,55112704,0.018089630000758916,0.7735671035570376
3478,1.559856653213501,21056000,55112704,0.017830240016337484,0.8367051342215286
3479,1.6040687561035156,21056000,55112704,0.017751951003447175,0.7800355849834377
3480,1.5451220273971558,21056000,55112704,0.017458999005611986,0.735597598453328
3481,1.6175613403320312,21056000,55112704,0.017565048998221755,0.7499510959814292
3482,1.569620132446289,21056000,55112704,0.017518070992082357,0.7715155917965694
3483,1.6105760335922241,21056000,55112704,0.017545823007822037,0.7206093677713526
3484,1.5314404964447021,21056000,55112704,0.017482964030932635,0.7468886857042688
3485,1.5706573724746704,21056000,55112704,0.018112833029590547,0.7387027126599574
3486,1.5490514039993286,21056000,55112704,0.017336145974695683,0.799619110818677
3487,1.5520037412643433,21056000,55112704,0.0176439979695715,0.7022940549330291
3488,1.5508906841278076,21056000,55112704,0.017612048017326742,0.693612975804728
3489,1.577776312828064,21056000,55112704,0.017663414997514337,0.74890994367113
3490,1.560880184173584,21056000,55112704,0.017630382033530623,0.7286438274228363
3491,1.5286526679992676,21056000,55112704,0.017416248039808124,0.7173381700078831
3492,1.5905283689498901,21056000,55112704,0.01770639599999413,0.6897703432537248
3493,1.6146119832992554,21056000,55112704,0.017710443993564695,0.7012298556255565
3494,1.6621456146240234,21056000,55112704,0.01750531600555405,0.742670234103032
3495,1.5316218137741089,21056000,55112704,0.017583212989848107,0.6614109223731631
3496,1.6360225677490234,21056000,55112704,0.017395298986230046,0.7326650087656074
3497,1.5380915403366089,21056000,55112704,0.017423061013687402,0.7242607488693302
3498,1.583284854888916,21056000,55112704,0.017503713024780154,0.6822070417362468
3499,1.5991836786270142,21056000,55112704,0.018254952039569616,0.7338902892052765
3500,1.589210033416748,21056000,55112704,0.018428267969284207,0.6923741787102214
3501,1.5654937028884888,21056000,55112704,0.017614622018299997,0.7305176793620539
3502,1.560473918914795,21056000,55112704,0.0175442390027456,0.7211398402345851
3503,1.552405595779419,21056000,55112704,0.017813287035096437,0.7334149798395212
3504,1.6169507503509521,21056000,55112704,0.019118300988338888,0.7227058267583063
3505,1.475881576538086,21056000,55112704,0.01865447498857975,0.6892359854997168
3506,1.5058120489120483,21056000,55112704,0.01759180804947391,0.6527562931732521
3507,1.6077942848205566,21056000,55112704,0.017445881967432797,0.6890841165558462
3508,1.5781655311584473,21056000,55112704,0.01776122796582058,0.6861953906436328
3509,1.6400843858718872,21056000,55112704,0.017867880000267178,0.7403009242312336
3510,1.5904353857040405,21056000,55112704,0.01748204097384587,0.6947998394257036
3511,1.5797367095947266,21056000,55112704,0.01755349599989131,0.7006153613231864
3512,1.5842996835708618,21056000,55112704,0.01752947102067992,0.7343248924474431
3513,1.5296779870986938,21056000,55112704,0.01761995197739452,0.7376012116619444
3514,1.566436529159546,21056000,55112704,0.01872844499303028,0.7208163436024966
3515,1.6420915126800537,21056000,55112704,0.018044273019768298,0.7362176058628885
3516,1.535736322402954,21056000,55112704,0.01799325697356835,0.6298191678777254
3517,1.56562077999115,21056000,55112704,0.017775675980374217,0.723015485615705
3518,1.558122158050537,21056000,55112704,0.017407279985491186,0.7096313277153058
3519,1.5234923362731934,21056000,55112704,0.017446353973355144,0.7025332728814218
3520,1.5739314556121826,21056000,55112704,0.01830503501696512,0.6996312665743895
3521,1.57477867603302,21056000,55112704,0.01749775098869577,0.716297999080628
3522,1.5771089792251587,21056000,55112704,0.017392080975696445,0.7337289039921223
3523,1.5830694437026978,21056000,55112704,0.017577151011209935,0.6898254408721903
3524,1.545278787612915,21056000,55112704,0.017363176972139627,0.7147140960785782
3525,1.516645908355713,21056000,55112704,0.01765156100736931,0.6603294309425974
3526,1.5728368759155273,21056000,55112704,0.017613489006180316,0.6671860043707157
3527,1.5174195766448975,21056000,55112704,0.018156425037886947,0.7135645808624433
3528,1.5865213871002197,21056000,55112704,0.017784302006475627,0.7227340428825981
3529,1.5827407836914062,21056000,55112704,0.01735986996209249,0.7615364844847723
3530,1.5256297588348389,21056000,55112704,0.017497048946097493,0.759112811857219
3531,1.5907689332962036,21056000,55112704,0.017591196985449642,0.7312562460599084
3532,1.6048766374588013,21056000,55112704,0.01732066599652171,0.7768155312065349
3533,1.540177583694458,21056000,55112704,0.017543387017212808,0.7035098938211709
3534,1.5530685186386108,21056000,55112704,0.017495897016488016,0.7329400352438793
3535,1.5993458032608032,21056000,55112704,0.018061876005958766,0.7174504158965852
3536,1.5999232530593872,21056000,55112704,0.01747284398879856,0.743572789687302
3537,1.5684484243392944,21056000,55112704,0.018430832016747445,0.6558333645067
3538,1.6011277437210083,21056000,55112704,0.019332976022269577,0.7096680297219319
3539,1.585782527923584,21056000,55112704,0.017871365998871624,0.7079549869533824
3540,1.5958099365234375,21056000,55112704,0.017507959972135723,0.7909796091496679
3541,1.6256263256072998,21056000,55112704,0.017229473975021392,0.7533704780492431
3542,1.5771571397781372,21056000,55112704,0.018726231006439775,0.7329545237945679
3543,1.5993657112121582,21056000,55112704,0.01967623399104923,0.7034444728378964
3544,1.5696454048156738,21056000,55112704,0.017817693995311856,0.7350922022771503
3545,1.620368480682373,21056000,55112704,0.020772705029230565,0.7270732577605781
3546,1.634616732597351,21056000,55112704,0.020526759966742247,0.7244805936353891
3547,1.5771968364715576,21056000,55112704,0.018320313945878297,0.6789327470737073
3548,1.5649833679199219,21056000,55112704,0.017810310004279017,0.6862791561541656
3549,1.6147143840789795,21056000,55112704,0.01776553603122011,0.7605690800336302
3550,1.5747225284576416,21056000,55112704,0.018207249988336116,0.7348109015937193
3551,1.6422466039657593,21056000,55112704,0.017658884986303747,0.75380167169343
3552,1.5452380180358887,21056000,55112704,0.01766055799089372,0.7709784588167612
3553,1.5434716939926147,21056000,55112704,0.01775639900006354,0.7421447769770038
3554,1.5518487691879272,21056000,55112704,0.01862807502038777,0.7730187911973314
3555,1.574638843536377,21056000,55112704,0.018726651032920927,0.6926287937074721
3556,1.6009093523025513,21056000,55112704,0.01798591302940622,0.7627361363915949
3557,1.4928935766220093,21056000,55112704,0.017717645969241858,0.6294255080481501
3558,1.6018764972686768,21056000,55112704,0.01771627296693623,0.7459714239658759
3559,1.5734302997589111,21056000,55112704,0.01757445599650964,0.6852360470086051
3560,1.641729474067688,21056000,55112704,0.017727564030792564,0.7638291305851804
3561,1.5904756784439087,21056000,55112704,0.017603439977392554,0.782320814400539
3562,1.6010836362838745,21056000,55112704,0.017521224974188954,0.6695133963086364
3563,1.5277104377746582,21056000,55112704,0.017425243044272065,0.6566658388046805
3564,1.5444403886795044,21056000,55112704,0.017353828996419907,0.6670922330800585
3565,1.573543906211853,21056000,55112704,0.018308661004994065,0.6533254295253506
3566,1.6247398853302002,21056000,55112704,0.017437336035072803,0.6889779647575338
3567,1.611737847328186,21056000,55112704,0.01731272100005299,0.7314234275543597
3568,1.533868432044983,21056000,55112704,0.01758024701848626,0.6792827530793002
3569,1.6082755327224731,21056000,55112704,0.01845874497666955,0.715092654279905
3570,1.548514485359192,21056000,55112704,0.018373143975622952,0.7445273496649811
3571,1.584659457206726,21056000,55112704,0.018793636991176754,0.7152756240063757
3572,1.619526743888855,21056000,55112704,0.01803361199563369,0.6968284723580138
3573,1.6317386627197266,21056000,55112704,0.017724819015711546,0.7098847825249858
3574,1.5406330823898315,21056000,55112704,0.017605152970645577,0.673731790785491
3575,1.5969593524932861,21056000,55112704,0.01764366601128131,0.7359001942459599
3576,1.5962512493133545,21056000,55112704,0.017650447960477322,0.7316433511840409
3577,1.5669331550598145,21056000,55112704,0.01792577898595482,0.7089475783471137
3578,1.5572055578231812,21056000,55112704,0.017662742000538856,0.6849920453570144
3579,1.5964709520339966,21056000,55112704,0.017594632983673364,0.7046712000489015
3580,1.5367333889007568,21056000,55112704,0.018443926994223148,0.7768119425031897
3581,1.5913808345794678,21056000,55112704,0.017489885969553143,0.7263503177207491
3582,1.593430757522583,21056000,55112704,0.01785963401198387,0.7079642402666741
3583,1.4801068305969238,21056000,55112704,0.017713678011205047,0.7160394165442592
3584,1.5503456592559814,21056000,55112704,0.017428378982003778,0.6881150685291311
3585,1.553876519203186,21056000,55112704,0.01759283000137657,0.7007242227116103
3586,1.5715934038162231,21056000,55112704,0.017564045963808894,0.6948956463603747
3587,1.5763707160949707,21056000,55112704,0.017377753974869847,0.7160659465063356
3588,1.5113105773925781,21056000,55112704,0.017433638975489885,0.6358676591901153
3589,1.5384767055511475,21056000,55112704,0.017496237996965647,0.6924055905731081
3590,1.5663596391677856,21056000,55112704,0.017510614008642733,0.7311483499677639
3591,1.5816757678985596,21056000,55112704,0.01739059796091169,0.6805861532258716
3592,1.5681228637695312,21056000,55112704,0.017462002986576408,0.6797299097313766
3593,1.5671640634536743,21056000,55112704,0.017475177999585867,0.7231566560627346
3594,1.64523184299469,21056000,55112704,0.017596527002751827,0.7537533637023867
3595,1.6031354665756226,21056000,55112704,0.018224883009679615,0.7232578055283506
3596,1.5565605163574219,21056000,55112704,0.01756340399151668,0.7381256025687956
3597,1.54977285861969,21056000,55112704,0.01885253901127726,0.7501398707059456
3598,1.5729389190673828,21056000,55112704,0.020670060999691486,0.734225269098454
3599,1.5705032348632812,21056000,55112704,0.01774379500420764,0.6458627358880993
3600,1.582831859588623,21056000,55112704,0.018572387984022498,0.6943122479067536
3601,1.58091139793396,21056000,55112704,0.01794799999333918,0.7308479875200602
3602,1.5528846979141235,21056000,55112704,0.017555028025526553,0.7370683804118175
3603,1.5553017854690552,21056000,55112704,0.017749443999491632,0.7374553443998648
3604,1.6107213497161865,21056000,55112704,0.017395446018781513,0.7307469396994738
3605,1.601822018623352,21056000,55112704,0.017495594976935536,0.7105645852900283
3606,1.5654081106185913,21056000,55112704,0.018984425987582654,0.6862326934297484
3607,1.5985170602798462,21056000,55112704,0.018214231997262686,0.7421318224971496
3608,1.532776117324829,21056000,55112704,0.018053248000796884,0.6592298792234313
3609,1.588646650314331,21056000,55112704,0.017857558967079967,0.7571760248051369
3610,1.5166040658950806,21056000,55112704,0.0174295210163109,0.6971068547419785
3611,1.5536460876464844,21056000,55112704,0.017512075952254236,0.7057063517237124
3612,1.5771136283874512,21056000,55112704,0.01761813700431958,0.7664911777318959
3613,1.5699865818023682,21056000,55112704,0.0174724209937267,0.6863109057878859
3614,1.5122710466384888,21056000,55112704,0.01742377004120499,0.6889721159508744
3615,1.6160839796066284,21056000,55112704,0.017405204009264708,0.6985361279002366
3616,1.5586955547332764,21056000,55112704,0.01745177200064063,0.7626817341777539
3617,1.5722622871398926,21056000,55112704,0.01774561800993979,0.7570507892324261
3618,1.5501861572265625,21056000,55112704,0.01758119702572003,0.6918247593648602
3619,1.6088554859161377,21056000,55112704,0.01739380304934457,0.7485951279959413
3620,1.6043452024459839,21056000,55112704,0.017558874969836324,0.7376666565975833
3621,1.5197347402572632,21056000,55112704,0.01744132296880707,0.6897551942124471
3622,1.6312050819396973,21056000,55112704,0.017354367999359965,0.7713346088953973
3623,1.5694595575332642,21056000,55112704,0.017605923989322037,0.759260621631299
3624,1.5743907690048218,21056000,55112704,0.017456871981266886,0.7590692565460978
3625,1.578199028968811,21056000,55112704,0.01750310999341309,0.79340044788427
3626,1.5259310007095337,21056000,55112704,0.017406205995939672,0.80838564858264
3627,1.6072516441345215,21056000,55112704,0.017476768989581615,0.7472208385125539
3628,1.5724358558654785,21056000,55112704,0.017440491006709635,0.7851943403315331
3629,1.6083321571350098,21056000,55112704,0.0175924280192703,0.724450962788935
3630,1.5720338821411133,21056000,55112704,0.018002903030719608,0.7327756291360459
3631,1.5533138513565063,21056000,55112704,0.01748851203592494,0.7386156373065043
3632,1.604461431503296,21056000,55112704,0.017385347979143262,0.7693810408490275
3633,1.5402923822402954,21056000,55112704,0.01718561997404322,0.692665570726617
3634,1.4939653873443604,21056000,55112704,0.018724516034126282,0.7069171155649995
3635,1.5312919616699219,21056000,55112704,0.018113982980139554,0.7189596807956392
3636,1.5408738851547241,21056000,55112704,0.017871496034786105,0.6793609094654646
3637,1.5015530586242676,21056000,55112704,0.017720099014695734,0.700855387112663
3638,1.53728449344635,21056000,55112704,0.017413690977264196,0.7016436078668641
3639,1.4829962253570557,21056000,55112704,0.017479884962085634,0.6679572965131214
3640,1.612694501876831,21056000,55112704,0.018467079964466393,0.7555633222566676
3641,1.5355896949768066,21056000,55112704,0.018110356002580374,0.7206339196801889
3642,1.6049340963363647,21056000,55112704,0.018007150036282837,0.7532790589157105
3643,1.5511623620986938,21056000,55112704,0.017674803966656327,0.6796209785660082
3644,1.5918331146240234,21056000,55112704,0.017642912978772074,0.696957092180923
3645,1.571276068687439,21056000,55112704,0.018562449957244098,0.7266538852125365
3646,1.5263184309005737,21056000,55112704,0.01758686697576195,0.6946263154129733
3647,1.587628722190857,21056000,55112704,0.01748889300506562,0.696951241224234
3648,1.5695865154266357,21056000,55112704,0.01757480500964448,0.6842047612064136
3649,1.5850679874420166,21056000,55112704,0.017370318004395813,0.7162173502414788
3650,1.5349103212356567,21056000,55112704,0.017546149960253388,0.7319487093482366
3651,1.5973719358444214,21056000,55112704,0.017625309992581606,0.7221468278689785
3652,1.5486959218978882,21056000,55112704,0.017494231986347586,0.7582448005392654
3653,1.552958607673645,21056000,55112704,0.01764133997494355,0.6996590851835447
3654,1.6065218448638916,21056000,55112704,0.017675776034593582,0.7536074853138014
3655,1.5456645488739014,21056000,55112704,0.017391739005688578,0.7061578321388493
3656,1.5546618700027466,21056000,55112704,0.017465337994508445,0.7246605276809311
3657,1.6354796886444092,21056000,55112704,0.01757601700956002,0.8119109886586693
3658,1.566965937614441,21056000,55112704,0.017389904998708516,0.6901165040858426
3659,1.6350195407867432,21056000,55112704,0.01758813002379611,0.7077108596753374
3660,1.5327811241149902,21056000,55112704,0.017947398009710014,0.6978929594128382
3661,1.565091848373413,21056000,55112704,0.017379084951244295,0.7111538094788756
3662,1.6240819692611694,21056000,55112704,0.01904467004351318,0.7456558230599107
3663,1.509008765220642,21056000,55112704,0.02028887899359688,0.7042510258729329
3664,1.6165562868118286,21056000,55112704,0.017944623017683625,0.7645691978041284
3665,1.5703098773956299,21056000,55112704,0.017433367029298097,0.722188169092149
3666,1.568026065826416,21056000,55112704,0.01753843598999083,0.6721110606179853
3667,1.5326069593429565,21056000,55112704,0.017721751995850354,0.7224459991536307
3668,1.588291883468628,21056000,55112704,0.017427916987799108,0.7320554278404188
3669,1.558280110359192,21056000,55112704,0.01752710499567911,0.6651741516100373
3670,1.5407252311706543,21056000,55112704,0.017511585960164666,0.6461892932740486
3671,1.5362459421157837,21056000,55112704,0.01736644102493301,0.7058824068938981
3672,1.5883450508117676,21056000,55112704,0.017477060027886182,0.7190375619224627
3673,1.559396743774414,21056000,55112704,0.017743372998666018,0.7100050752172872
3674,1.552738070487976,21056000,55112704,0.01870572002371773,0.676747934909387
3675,1.5519318580627441,21056000,55112704,0.018746367015410215,0.6977987040451146
3676,1.5565751791000366,21056000,55112704,0.017763349984306842,0.7004973913516745
3677,1.5400151014328003,21056000,55112704,0.017637663055211306,0.7433618809279888
3678,1.5721298456192017,21056000,55112704,0.01755949598737061,0.6892076224455264
3679,1.5976170301437378,21056000,55112704,0.017528758035041392,0.7467673165502329
3680,1.5831778049468994,21056000,55112704,0.01758691802388057,0.7091876419341833
3681,1.5359116792678833,21056000,55112704,0.01759338000556454,0.6995855275610102
3682,1.5711755752563477,21056000,55112704,0.01740879099816084,0.7244782867197789
3683,1.5843511819839478,21056000,55112704,0.01757773000281304,0.7134883901098382
3684,1.4886474609375,21056000,55112704,0.017739765986334532,0.687562851452619
3685,1.6398409605026245,21056000,55112704,0.017403631005436182,0.7402273393184333
3686,1.5483144521713257,21056000,55112704,0.017468354024458677,0.6985428591111578
3687,1.5611799955368042,21056000,55112704,0.017441734031308442,0.6965348689506118
3688,1.5251952409744263,21056000,55112704,0.017430072010029107,0.7378974395804478
3689,1.5745940208435059,21056000,55112704,0.017440090014133602,0.6973204780420396
3690,1.5380573272705078,21056000,55112704,0.02155581198167056,0.7651462334055819
3691,1.5907721519470215,21056000,55112704,0.01833916804753244,0.7329226744760803
3692,1.6927430629730225,21056000,55112704,0.01783006696496159,0.7694800707091016
3693,1.573097825050354,21056000,55112704,0.0174235490267165,0.7036928052150011
3694,1.5649583339691162,21056000,55112704,0.017438276030588895,0.747417017859886
3695,1.5809385776519775,21056000,55112704,0.017384093953296542,0.7483110838751642
3696,1.5328638553619385,21056000,55112704,0.0172983129741624,0.6626735308394679
3697,1.5270750522613525,21056000,55112704,0.01749231800204143,0.6684828124611042
3698,1.5856151580810547,21056000,55112704,0.017476468987297267,0.7352946660773639
3699,1.6022536754608154,21056000,55112704,0.01742751704296097,0.6907504778205084
3700,1.5692870616912842,21056000,55112704,0.018879977986216545,0.6970154180571735
3701,1.6124478578567505,21056000,55112704,0.0178460159804672,0.7527209716985286
3702,1.6656792163848877,21056000,55112704,0.01781121001113206,0.7626226590816377
3703,1.54434072971344,21056000,55112704,0.01752504997421056,0.6799305608009294
3704,1.5716081857681274,21056000,55112704,0.01742779603227973,0.7078519215561214
3705,1.6097866296768188,21056000,55112704,0.017613908043131232,0.7763764869497366
3706,1.5171242952346802,21056000,55112704,0.0173787729581818,0.7519586424056204
3707,1.5356999635696411,21056000,55112704,0.017534136946778744,0.6724795318129416
3708,1.6491419076919556,21056000,55112704,0.017383682017680258,0.704523432250285
3709,1.5609716176986694,21056000,55112704,0.017465478042140603,0.7336020539896708
3710,1.6178966760635376,21056000,55112704,0.017453223990742117,0.7233083701673024
3711,1.5239018201828003,21056000,55112704,0.01861381600610912,0.6781913358794707
3712,1.48441743850708,21056000,55112704,0.01784000499173999,0.73254178682112
3713,1.5724619626998901,21056000,55112704,0.017687656974885613,0.7081028265236123
3714,1.581664800643921,21056000,55112704,0.01757322100456804,0.685113655820437
3715,1.6140369176864624,21056000,55112704,0.017594409990124404,0.705620731997955
3716,1.616716742515564,21056000,55112704,0.0175522820209153,0.7117521989386697
3717,1.6341224908828735,21056000,55112704,0.017504711053334177,0.8300410766805547
3718,1.5785340070724487,21056000,55112704,0.01746711996383965,0.7269273847429532
3719,1.567360281944275,21056000,55112704,0.017358154989778996,0.7067130693889586
3720,1.6052902936935425,21056000,55112704,0.01750179601367563,0.7331286907746096
3721,1.5682854652404785,21056000,55112704,0.017631270980928093,0.7016947307740233
3722,1.578662633895874,21056000,55112704,0.017428888007998466,0.7453411856511284
3723,1.5808016061782837,21056000,55112704,0.017366590967867523,0.7087934119859386
3724,1.5501490831375122,21056000,55112704,0.017408590007107705,0.6934131240469278
3725,1.5385639667510986,21056000,55112704,0.018033900996670127,0.7035022918273877
3726,1.5769240856170654,21056000,55112704,0.017536081024445593,0.721262913064832
3727,1.517715334892273,21056000,55112704,0.020216041011735797,0.6871254806076392
3728,1.5751594305038452,21056000,55112704,0.01778843702049926,0.6908232982804396
3729,1.5800011157989502,21056000,55112704,0.017522234993521124,0.7166455776885005
3730,1.517532229423523,21056000,55112704,0.01757751900004223,0.6948403718162782
3731,1.5443744659423828,21056000,55112704,0.01744273502845317,0.7287472562673752
3732,1.529120922088623,21056000,55112704,0.017611393006518483,0.7376309772623324
3733,1.5522558689117432,21056000,55112704,0.017464595031924546,0.6824011968110392
3734,1.6057450771331787,21056000,55112704,0.01738302200101316,0.81695504171599
3735,1.5619562864303589,21056000,55112704,0.017648081993684173,0.6965498992451162
3736,1.4935848712921143,21056000,55112704,0.017453445005230606,0.8011550305917243
3737,1.5274580717086792,21056000,55112704,0.017840815999079496,0.7301875595200837
3738,1.612504482269287,21056000,55112704,0.017578921979293227,0.7010015577533187
3739,1.5238988399505615,21056000,55112704,0.018106637988239527,0.6625895290305243
3740,1.612419843673706,21056000,55112704,0.018692643963731825,0.6818486613136858
3741,1.586045265197754,21056000,55112704,0.017573830962646753,0.7448131147140227
3742,1.6374424695968628,21056000,55112704,0.01758502295706421,0.7320059237750447
3743,1.6036938428878784,21056000,55112704,0.017686664999928325,0.7032964930659471
3744,1.6032333374023438,21056000,55112704,0.01830077398335561,0.7185798172619844
3745,1.5141997337341309,21056000,55112704,0.019953985000029206,0.6743217246002028
3746,1.5293596982955933,21056000,55112704,0.01825365499826148,0.7251263546913822
3747,1.552778720855713,21056000,55112704,0.017571757023688406,0.7724647049414131
3748,1.5868182182312012,21056000,55112704,0.01752839598339051,0.7243055715155738
3749,1.5824133157730103,21056000,55112704,0.01744313503149897,0.7146666449411301
3750,1.5168405771255493,21056000,55112704,0.01745934598147869,0.7101443466885454
3751,1.565757393836975,21056000,55112704,0.017470245948061347,0.7043167568747976
3752,1.503748893737793,21056000,55112704,0.017670443980023265,0.6815764930159331
3753,1.5184638500213623,21056000,55112704,0.017439518007449806,0.7281105376263071
3754,1.5913817882537842,21056000,55112704,0.017812100995797664,0.6993077674891974
3755,1.6111522912979126,21056000,55112704,0.019104000995866954,0.737346795942926
3756,1.5989620685577393,21056000,55112704,0.01770816498901695,0.7407677038973446
3757,1.549192190170288,21056000,55112704,0.017816199047956616,0.740115088938303
3758,1.6166764497756958,21056000,55112704,0.01748351100832224,0.690774788649191
3759,1.6018425226211548,21056000,55112704,0.017444618046283722,0.7044526539234613
3760,1.6217031478881836,21056000,55112704,0.017709467036183923,0.7737240580673886
3761,1.6590654850006104,21056000,55112704,0.01737536705331877,0.7406823447272972
3762,1.591802716255188,21056000,55112704,0.01741402002517134,0.7158432762644164
3763,1.5721648931503296,21056000,55112704,0.017503387993201613,0.6871708820203513
3764,1.5459567308425903,21056000,55112704,0.0173939120140858,0.7548204803234914
3765,1.5796843767166138,21056000,55112704,0.017526352021377534,0.7398056431160116
3766,1.5134978294372559,21056000,55112704,0.01758109498769045,0.6678408461556562
3767,1.495502233505249,21056000,55112704,0.01759838795987889,0.684959471218433
3768,1.5074076652526855,21056000,55112704,0.017695331014692783,0.7747062561113244
3769,1.6450293064117432,21056000,55112704,0.0175436949939467,0.7470967145536638
3770,1.5616074800491333,21056000,55112704,0.017795438994653523,0.7104172422942711
3771,1.570310354232788,21056000,55112704,0.017556669015903026,0.7170342085575769
3772,1.5473941564559937,21056000,55112704,0.017529718985315412,0.68813794536389
3773,1.5479072332382202,21056000,55112704,0.01748132600914687,0.6818353075949504
3774,1.547279715538025,21056000,55112704,0.017678028030786663,0.6758649683424118
3775,1.564786434173584,21056000,55112704,0.0172432970139198,0.6665514918626039
3776,1.5069350004196167,21056000,55112704,0.017519419023301452,0.6983108390734585
3777,1.546368956565857,21056000,55112704,0.01760113303316757,0.7358645326836749
3778,1.5757818222045898,21056000,55112704,0.018868174985982478,0.7552373801723944
3779,1.5650968551635742,21056000,55112704,0.017807954049203545,0.7190740123553527
3780,1.6151187419891357,21056000,55112704,0.017791371967177838,0.7906963643248054
3781,1.5790705680847168,21056000,55112704,0.017475366010330617,0.7446580464688158
3782,1.5432674884796143,21056000,55112704,0.01789705199189484,0.7034063672403617
3783,1.5918208360671997,21056000,55112704,0.018095006002113223,0.7083055954074424
3784,1.5630587339401245,21056000,55112704,0.01781326299533248,0.7813384567857476
3785,1.5926406383514404,21056000,55112704,0.018928890000097454,0.7479721601876111
3786,1.5715839862823486,21056000,55112704,0.01923789404099807,0.7122892494446142
3787,1.577097773551941,21056000,55112704,0.017884607950691134,0.682422640860828
3788,1.4797002077102661,21056000,55112704,0.017860752996057272,0.677857797994716
3789,1.5685300827026367,21056000,55112704,0.017678298987448215,0.7172619836418839
3790,1.5168211460113525,21056000,55112704,0.01778907800326124,0.7349604826059776
3791,1.5505009889602661,21056000,55112704,0.01784666598541662,0.7472708427061385
3792,1.533947229385376,21056000,55112704,0.017498639004770666,0.7335103782758879
3793,1.5351896286010742,21056000,55112704,0.01751716498984024,0.6807719421634847
3794,1.4998948574066162,21056000,55112704,0.017508278018794954,0.7073244682473006
3795,1.5252364873886108,21056000,55112704,0.017434226989280432,0.7373429793592018
3796,1.5236421823501587,21056000,55112704,0.01764263102086261,0.6693967465009484
3797,1.5083917379379272,21056000,55112704,0.017439507006201893,0.6721020592983445
3798,1.58875572681427,21056000,55112704,0.017519137996714562,0.6775645262724381
3799,1.5277053117752075,21056000,55112704,0.017584871966391802,0.6843442196385052
3800,1.5790592432022095,21056000,55112704,0.018316973990295082,0.7294661477871769
3801,1.6480964422225952,21056000,55112704,0.017611232004128397,0.7559011038858566
3802,1.5316836833953857,21056000,55112704,0.017532322031911463,0.7039526003050757
3803,1.6238584518432617,21056000,55112704,0.01781669002957642,0.7157176623280883
3804,1.5979586839675903,21056000,55112704,0.0175815150141716,0.6815806894703637
3805,1.6100513935089111,21056000,55112704,0.018033278989605606,0.779903400219928
3806,1.5379160642623901,21056000,55112704,0.017677006020676345,0.7355479513505236
3807,1.5772172212600708,21056000,55112704,0.017351231013890356,0.7345422754931531
3808,1.51918363571167,21056000,55112704,0.017406935978215188,0.704460687717681
3809,1.5455466508865356,21056000,55112704,0.017594820994418114,0.7117868813187459
3810,1.5502393245697021,21056000,55112704,0.017362550948746502,0.70088661414115
3811,1.6169413328170776,21056000,55112704,0.01747386099305004,0.7074482874480955
3812,1.539955496788025,21056000,55112704,0.017367741966154426,0.710567338953616
3813,1.5936596393585205,21056000,55112704,0.01733620197046548,0.7235988654433303
3814,1.5766266584396362,21056000,55112704,0.017406694998499006,0.7283179916270596
3815,1.571271538734436,21056000,55112704,0.017953468021005392,0.7232506764470484
3816,1.5336532592773438,21056000,55112704,0.01846637501148507,0.7028446826455016
3817,1.5462663173675537,21056000,55112704,0.01796064100926742,0.7426844528081598
3818,1.5518062114715576,21056000,55112704,0.017576456011738628,0.7155859954400301
3819,1.5547256469726562,21056000,55112704,0.01759103301446885,0.7315376401316447
3820,1.4768978357315063,21056000,55112704,0.01960963400779292,0.6878467860648179
3821,1.5662705898284912,21056000,55112704,0.018248884996864945,0.7441811817902685
3822,1.6047569513320923,21056000,55112704,0.017808875010814518,0.7734019960867297
3823,1.5866756439208984,21056000,55112704,0.018486302986275405,0.7649450862763745
3824,1.536940097808838,21056000,55112704,0.020328891987446696,0.7297200794766441
3825,1.5599709749221802,21056000,55112704,0.01838354900246486,0.6739485968405605
3826,1.5581551790237427,21056000,55112704,0.01775173598434776,0.7130640505536368
3827,1.49273681640625,21056000,55112704,0.017610670009162277,0.7041941907570707
3828,1.5645842552185059,21056000,55112704,0.017763869022019207,0.7058494543374956
3829,1.5728297233581543,21056000,55112704,0.01739277900196612,0.7202731708951168
3830,1.5728332996368408,21056000,55112704,0.01762196101481095,0.7316433844266128
3831,1.5729416608810425,21056000,55112704,0.017679759999737144,0.7300508098880839
3832,1.5663079023361206,21056000,55112704,0.017627071007154882,0.7291727922776902
3833,1.578655481338501,21056000,55112704,0.017546279006637633,0.6891997220217493
3834,1.6276947259902954,21056000,55112704,0.017632670991588384,0.7302238552966405
3835,1.5789172649383545,21056000,55112704,0.01802615402266383,0.8344414516279498
3836,1.588752269744873,21056000,55112704,0.017436129972338676,0.7799300528925777
3837,1.5990570783615112,21056000,55112704,0.017574442026671022,0.7280433179893285
3838,1.54689621925354,21056000,55112704,0.01734008896164596,0.7459478333543436
3839,1.584682822227478,21056000,55112704,0.017534665996208787,0.7161621633201072
3840,1.5238368511199951,21056000,55112704,0.01750884798821062,0.7431892329473286
3841,1.5008182525634766,21056000,55112704,0.0172713790088892,0.7209226901384334
3842,1.5147548913955688,21056000,55112704,0.01768676401115954,0.7064333743406361
3843,1.5777924060821533,21056000,55112704,0.017523464979603887,0.7118402469465365
3844,1.6285990476608276,21056000,55112704,0.017534726997837424,0.6928483650109294
3845,1.5637261867523193,21056000,55112704,0.017542701971251518,0.7290128101534433
3846,1.5735769271850586,21056000,55112704,0.017479583038948476,0.7439627000218914
3847,1.5728000402450562,21056000,55112704,0.017483629984781146,0.7515662629548125
3848,1.5317658185958862,21056000,55112704,0.020120247965678573,0.7020547389174053
3849,1.5616052150726318,21056000,55112704,0.018565171980299056,0.6986564671668996
3850,1.5420366525650024,21056000,55112704,0.01980723801534623,0.7638807104675517
3851,1.5568739175796509,21056000,55112704,0.017718282993882895,0.7715662434924548
3852,1.5295130014419556,21056000,55112704,0.017509278957732022,0.7082560181742498
3853,1.5847418308258057,21056000,55112704,0.017671334964688867,0.7283743206704645
3854,1.5585452318191528,21056000,55112704,0.01739358005579561,0.7331689079605488
3855,1.5522085428237915,21056000,55112704,0.017688297026325017,0.8650626932560477
3856,1.5224651098251343,21056000,55112704,0.017569191986694932,0.6978178901694726
3857,1.6285150051116943,21056000,55112704,0.01752020901767537,0.705630824615211
3858,1.533024787902832,21056000,55112704,0.01759299699915573,0.7510643238985866
3859,1.521592617034912,21056000,55112704,0.01778088096762076,0.7008350009589546
3860,1.5476406812667847,21056000,55112704,0.017556166974827647,0.7546766309487158
3861,1.507051706314087,21056000,55112704,0.017612603027373552,0.7213861204179013
3862,1.6270995140075684,21056000,55112704,0.017701611039228737,0.7590434511437044
3863,1.5681869983673096,21056000,55112704,0.017412575019989163,0.7211927995652363
3864,1.6219996213912964,21056000,55112704,0.01755890197819099,0.7252491426665194
3865,1.6043928861618042,21056000,55112704,0.01814381597796455,0.688362836065791
3866,1.5366629362106323,21056000,55112704,0.017381637007929385,0.695775937420603
3867,1.5543948411941528,21056000,55112704,0.017674550006631762,0.702536620683339
3868,1.569559097290039,21056000,55112704,0.017331934010144323,0.7489573565004309
3869,1.5663024187088013,21056000,55112704,0.01737901201704517,0.6658639512023454
3870,1.573979139328003,21056000,55112704,0.01755475497338921,0.7618094189624255
3871,1.5372360944747925,21056000,55112704,0.017459524038713425,0.7065764128784578
3872,1.515114426612854,21056000,55112704,0.0175642819958739,0.6888504390005478
3873,1.5316271781921387,21056000,55112704,0.017714115034323186,0.7008598438984247
3874,1.5889829397201538,21056000,55112704,0.017351421003695577,0.7412068677981404
3875,1.5479776859283447,21056000,55112704,0.017422895005438477,0.682055499238793
3876,1.569642186164856,21056000,55112704,0.018887481011915952,0.6787542235024951
3877,1.5241475105285645,21056000,55112704,0.017641366983298212,0.722573056302354
3878,1.5512040853500366,21056000,55112704,0.01764964300673455,0.6969692698360752
3879,1.5992203950881958,21056000,55112704,0.017669541004579514,0.7705214456080492
3880,1.525655746459961,21056000,55112704,0.01824209198821336,0.6704247103101196
3881,1.5818922519683838,21056000,55112704,0.017583729000762105,0.6768780107081007
3882,1.5219025611877441,21056000,55112704,0.020199215970933437,0.6605672139010521
3883,1.556496500968933,21056000,55112704,0.01785243599442765,0.7754290466945598
3884,1.5200324058532715,21056000,55112704,0.01756856997963041,0.7091598268145232
3885,1.5506973266601562,21056000,55112704,0.017345067986752838,0.759521722283425
3886,1.5620546340942383,21056000,55112704,0.01792441197903827,0.796075545543527
3887,1.546223759651184,21056000,55112704,0.017678056959994137,0.6916619134765156
3888,1.5828427076339722,21056000,55112704,0.017424528021365404,0.7084059997115361
3889,1.5209282636642456,21056000,55112704,0.01767104398459196,0.6779641668139692
3890,1.5945980548858643,21056000,55112704,0.017527252028230578,0.7885464474697279
3891,1.5743550062179565,21056000,55112704,0.017266720009502023,0.6663612166614711
3892,1.4842222929000854,21056000,55112704,0.017636367992963642,0.7004028618043808
3893,1.544893503189087,21056000,55112704,0.017415551003068686,0.6930495009762778
3894,1.5015500783920288,21056000,55112704,0.017413547029718757,0.7423584180197828
3895,1.5051777362823486,21056000,55112704,0.01863121602218598,0.7381230941342952
3896,1.590712308883667,21056000,55112704,0.017254746984690428,0.7901355650495433
3897,1.6205449104309082,21056000,55112704,0.01753790199290961,0.7641659769522663
3898,1.6198949813842773,21056000,55112704,0.017426681995857507,0.7493593938431291
3899,1.4920717477798462,21056000,55112704,0.017514247971121222,0.6715940161479834
3900,1.590601921081543,21056000,55112704,0.018570640997495502,0.7295492066494869
3901,1.6272028684616089,21056000,55112704,0.017590541043318808,0.7384969718495706
3902,1.5113674402236938,21056000,55112704,0.017521389992907643,0.6806959829623832
3903,1.5406773090362549,21056000,55112704,0.017645044019445777,0.6871802685881082
3904,1.5604021549224854,21056000,55112704,0.017504397954326123,0.7521465758011366
3905,1.5289021730422974,21056000,55112704,0.01745594700332731,0.7231060030902613
3906,1.587404727935791,21056000,55112704,0.017462418996728957,0.7464217100875906
3907,1.5429620742797852,21056000,55112704,0.017390583001542836,0.6777483300997523
3908,1.5221972465515137,21056000,55112704,0.017425899975933135,0.7215894422601965
3909,1.575232744216919,21056000,55112704,0.017594267963431776,0.7598760419645257
3910,1.5739173889160156,21056000,55112704,0.01784390996908769,0.6889249590409062
3911,1.558048963546753,21056000,55112704,0.01795444800518453,0.7330435363647838
3912,1.5324586629867554,21056000,55112704,0.01747409102972597,0.7364096858226584
3913,1.5448395013809204,21056000,55112704,0.017457749985624105,0.7287671527346377
3914,1.5578560829162598,21056000,55112704,0.01883961900603026,0.6834686264463247
3915,1.5825700759887695,21056000,55112704,0.018190573959145695,0.6993747100587733
3916,1.568457007408142,21056000,55112704,0.017619375023059547,0.6925554783889375
3917,1.491437554359436,21056000,55112704,0.01756043400382623,0.6930885251639213
3918,1.5033708810806274,21056000,55112704,0.017243815993424505,0.6930673584792133
3919,1.4857336282730103,21056000,55112704,0.017531919991597533,0.70346623361657
3920,1.616435170173645,21056000,55112704,0.02047480596229434,0.7225054355688192
3921,1.4957671165466309,21056000,55112704,0.01830481900833547,0.6646986266452953
3922,1.4902539253234863,21056000,55112704,0.017777453002054244,0.7080462646036707
3923,1.5021591186523438,21056000,55112704,0.017434145032893866,0.7029240447448398
3924,1.5273914337158203,21056000,55112704,0.01743596902815625,0.7290783558508013
3925,1.5543203353881836,21056000,55112704,0.01755623600911349,0.7226965315891212
3926,1.5475517511367798,21056000,55112704,0.017351009009871632,0.6828533705735328
3927,1.6082781553268433,21056000,55112704,0.017514487029984593,0.7323074878935634
3928,1.588737964630127,21056000,55112704,0.018026423000264913,0.6771976090560116
3929,1.5738178491592407,21056000,55112704,0.01764258899493143,0.7277672146432508
3930,1.5594629049301147,21056000,55112704,0.0182661060243845,0.6834145530026953
3931,1.4715403318405151,21056000,55112704,0.01748546294402331,0.666873760973794
3932,1.617684245109558,21056000,55112704,0.017528975033201277,0.7701764953141069
3933,1.503245234489441,21056000,55112704,0.017917356977704912,0.631080529557107
3934,1.521989345550537,21056000,55112704,0.01742060005199164,0.626923887041738
3935,1.5163053274154663,21056000,55112704,0.01743272301973775,0.689639123701363
3936,1.5606220960617065,21056000,55112704,0.017617110977880657,0.7561862890462537
3937,1.5269495248794556,21056000,55112704,0.01736031600739807,0.683761367763549
3938,1.5736535787582397,21056000,55112704,0.017453441978432238,0.7000865933343291
3939,1.465393304824829,21056000,55112704,0.017549031996168196,0.6521630848529661
3940,1.5373936891555786,21056000,55112704,0.017426350968889892,0.7030808621538822
3941,1.5952430963516235,21056000,55112704,0.017552328994497657,0.6938029272453125
3942,1.5730741024017334,21056000,55112704,0.01987471303436905,0.7400231908456144
3943,1.5056192874908447,21056000,55112704,0.01772490405710414,0.7013780667556931
3944,1.5318206548690796,21056000,55112704,0.017806407995522022,0.7059785330903748
3945,1.5679665803909302,21056000,55112704,0.018161799001973122,0.7193124113035975
3946,1.546515703201294,21056000,55112704,0.017538212006911635,0.6891247609219926
3947,1.551011085510254,21056000,55112704,0.017639813013374805,0.7174535132179789
3948,1.5746713876724243,21056000,55112704,0.017459082999266684,0.6974326784198797
3949,1.4559916257858276,21056000,55112704,0.017404118028935045,0.6845163820370389
3950,1.6027452945709229,21056000,55112704,0.017551366006955504,0.7305216734514137
3951,1.515447735786438,21056000,55112704,0.017403887992259115,0.73870110583186
3952,1.5548839569091797,21056000,55112704,0.017816526989918202,0.7224731378869711
3953,1.5574924945831299,21056000,55112704,0.018026763980742544,0.7075841645268828
3954,1.5721704959869385,21056000,55112704,0.01815846300451085,0.7083868139313324
3955,1.4983807802200317,21056000,55112704,0.017727077996823937,0.7114420980108132
3956,1.5520401000976562,21056000,55112704,0.017527951975353062,0.794953028010658
3957,1.6184524297714233,21056000,55112704,0.017557567975018173,0.7225399343072443
3958,1.4912569522857666,21056000,55112704,0.01748678501462564,0.7072481989705174
3959,1.5820742845535278,21056000,55112704,0.017517341999337077,0.762584174602349
3960,1.611171007156372,21056000,55112704,0.018135348975192755,0.704667181476014
3961,1.5823227167129517,21056000,55112704,0.017570923024322838,0.6841919962226217
3962,1.6480984687805176,21056000,55112704,0.01747657498344779,0.7518764366804973
3963,1.5071451663970947,21056000,55112704,0.01752874400699511,0.7232440899965128
3964,1.5956095457077026,21056000,55112704,0.017579359002411366,0.7398074539754833
3965,1.572806477546692,21056000,55112704,0.017317905963864177,0.6983234692780615
3966,1.5264883041381836,21056000,55112704,0.017453832959290594,0.668151409405669
3967,1.5425360202789307,21056000,55112704,0.017713241977617145,0.6974119597607737
3968,1.6063358783721924,21056000,55112704,0.017331932031083852,0.7164289431832406
3969,1.530981421470642,21056000,55112704,0.017618052021134645,0.7645036858847271
3970,1.5216755867004395,21056000,55112704,0.01912181102670729,0.6896948545179589
3971,1.5544853210449219,21056000,55112704,0.017973994021303952,0.7273214916757065
3972,1.519240379333496,21056000,55112704,0.0176445419783704,0.6966165819666995
3973,1.6206467151641846,21056000,55112704,0.017399110016413033,0.7986010117813447
3974,1.522708535194397,21056000,55112704,0.01736821001395583,0.6464646132568717
3975,1.5085115432739258,21056000,55112704,0.01833339303266257,0.6741274252352067
3976,1.536973237991333,21056000,55112704,0.01757335796719417,0.7097286622521511
3977,1.497074842453003,21056000,55112704,0.017487555975094438,0.6692079264473383
3978,1.6002757549285889,21056000,55112704,0.017568699026014656,0.7140462946826717
3979,1.6095144748687744,21056000,55112704,0.017504727991763502,0.7520710277066529
3980,1.5754945278167725,21056000,55112704,0.017606529989279807,0.7275034309758973
3981,1.4774888753890991,21056000,55112704,0.017560203035827726,0.6788481511623518
3982,1.5219701528549194,21056000,55112704,0.016969567979685962,0.6770003990497869
3983,1.5244578123092651,21056000,55112704,0.016507846012245864,0.7112730829730066
3984,1.5617854595184326,21056000,55112704,0.017687443003524095,0.6781782303756011
3985,1.517105221748352,21056000,55112704,0.016611172002740204,0.6794831730403494
3986,1.6122636795043945,21056000,55112704,0.017337643017526716,0.7599784268173072
3987,1.5430846214294434,21056000,55112704,0.020056676003150642,0.7508066010123154
3988,1.5575640201568604,21056000,55112704,0.01740829600021243,0.7640869092928143
3989,1.518252968788147,21056000,55112704,0.017010736046358943,0.739664580942524
3990,1.5128744840621948,21056000,55112704,0.017772964027244598,0.752041488241782
3991,1.5444607734680176,21056000,55112704,0.016604108037427068,0.7683325569621834
3992,1.5667210817337036,21056000,55112704,0.016988735005725175,0.7153435598625723
3993,1.6061779260635376,21056000,55112704,0.01657368103042245,0.7297822109049215
3994,1.5748709440231323,21056000,55112704,0.01691329199820757,0.7458887221855357
3995,1.5940381288528442,21056000,55112704,0.01694017299450934,0.7863765474487622
3996,1.5664647817611694,21056000,55112704,0.016590301995165646,0.7465092725901848
3997,1.561545491218567,21056000,55112704,0.0168866710155271,0.6892689868574422
3998,1.5885168313980103,21056000,55112704,0.02069246699102223,0.7032517507927817
3999,1.5114613771438599,21056000,55112704,0.017472907959017903,0.7363282382211485
4000,1.5920186042785645,21056000,55112704,0.018171527015510947,0.7234843216169519
4001,1.5386525392532349,21056000,55112704,0.016900787013582885,0.6916757435682619
4002,1.5555238723754883,21056000,55112704,0.01655466400552541,0.7081882180627506
4003,1.5046964883804321,21056000,55112704,0.017019241000525653,0.7408350346060999
4004,1.509002685546875,21056000,55112704,0.017445224977564067,0.7319083411743883
4005,1.5256776809692383,21056000,55112704,0.016702844004612416,0.7109768063447017
4006,1.5557841062545776,21056000,55112704,0.01686481002252549,0.7331745343053266
4007,1.5644066333770752,21056000,55112704,0.016786761989351362,0.728129810530414
4008,1.5479259490966797,21056000,55112704,0.016558741044718772,0.7438138956478187
4009,1.540505290031433,21056000,55112704,0.01733888400485739,0.7168074831094183
4010,1.565510630607605,21056000,55112704,0.01796054799342528,0.6852572050188446
4011,1.6176174879074097,21056000,55112704,0.017001006985083222,0.6853250273997166
4012,1.5292937755584717,21056000,55112704,0.017017407983075827,0.6962206090236329
4013,1.4973477125167847,21056000,55112704,0.01668389799306169,0.6929031991646405
4014,1.5491364002227783,21056000,55112704,0.016750293027143925,0.7176793730452729
4015,1.5729645490646362,21056000,55112704,0.01703523099422455,0.7033573523732796
4016,1.5857540369033813,21056000,55112704,0.016563309996854514,0.7687736610099054
4017,1.5235252380371094,21056000,55112704,0.016723052016459405,0.705208164311495
4018,1.4763976335525513,21056000,55112704,0.016860861040186137,0.6582961128118288
4019,1.5366511344909668,21056000,55112704,0.016535939008463174,0.6837482853595486
4020,1.5351289510726929,21056000,55112704,0.016972812998574227,0.7074012401293076
4021,1.553948998451233,21056000,55112704,0.01825188798829913,0.6624566210128311
4022,1.5679019689559937,21056000,55112704,0.02161345398053527,0.7349954631769089
4023,1.5174058675765991,21056000,55112704,0.02414773899363354,0.7221368783947647
4024,1.5366252660751343,21056000,55112704,0.021308958996087313,0.690553785737182
4025,1.582167387008667,21056000,55112704,0.019221278023906052,0.7259412810497994
4026,1.5364469289779663,21056000,55112704,0.017315280041657388,0.694659076498969
4027,1.5461812019348145,21056000,55112704,0.017953795031644404,0.6798511027167377
4028,1.5963395833969116,21056000,55112704,0.01721842697588727,0.7140201487596064
4029,1.5218706130981445,21056000,55112704,0.017684847000055015,0.65727472965461
4030,1.5850112438201904,21056000,55112704,0.019202693016268313,0.721062109385519
4031,1.5312612056732178,21056000,55112704,0.017451586958486587,0.7209567366661621
4032,1.594781756401062,21056000,55112704,0.01674964203266427,0.7005798018581131
4033,1.523329257965088,21056000,55112704,0.01670765201561153,0.7260915317438201
4034,1.5109565258026123,21056000,55112704,0.017204189964104444,0.7016687989921069
4035,1.5547492504119873,21056000,55112704,0.016635276027955115,0.7078091760963757
4036,1.5324174165725708,21056000,55112704,0.017042135004885495,0.7993938513517798
4037,1.557168960571289,21056000,55112704,0.02029319095890969,0.793527690714599
4038,1.5131205320358276,21056000,55112704,0.017404037003871053,0.6981612299560254
4039,1.5388517379760742,21056000,55112704,0.018409054959192872,0.6925751895150305
4040,1.545043706893921,21056000,55112704,0.019755897985305637,0.7236153848894414
4041,1.5873686075210571,21056000,55112704,0.01787406497169286,0.8121410476604992
4042,1.5292798280715942,21056000,55112704,0.01787194999633357,0.7076317289975144
4043,1.5954208374023438,21056000,55112704,0.017656913958489895,0.7630327670824578
4044,1.6154268980026245,21056000,55112704,0.017587523034308106,0.7648694716302151
4045,1.5168464183807373,21056000,55112704,0.01781749801011756,0.7003549408224252
4046,1.4938268661499023,21056000,55112704,0.01757253595860675,0.7362279717679288
4047,1.5790468454360962,21056000,55112704,0.017731736006680876,0.802882039829568
4048,1.513020634651184,21056000,55112704,0.017571434029377997,0.7024060258824814
4049,1.5393376350402832,21056000,55112704,0.017455885012168437,0.7249152129711368
4050,1.6172293424606323,21056000,55112704,0.017632779956329614,0.7552843907647666
4051,1.5902681350708008,21056000,55112704,0.01780569599941373,0.8151752601020658
4052,1.5552382469177246,21056000,55112704,0.018302614043932408,0.7580403489144191
4053,1.5516201257705688,21056000,55112704,0.01862914999946952,0.7093376689056317
4054,1.497592568397522,21056000,55112704,0.018458928971085697,0.6669541678053633
4055,1.5366003513336182,21056000,55112704,0.019053801952395588,0.7001589499610026
4056,1.5980960130691528,21056000,55112704,0.017603904008865356,0.7653165610654593
4057,1.5769141912460327,21056000,55112704,0.01763502397807315,0.7397607830065716
4058,1.5628660917282104,21056000,55112704,0.017484979995060712,0.7985564031157727
4059,1.5628066062927246,21056000,55112704,0.01817966200178489,0.699749124568401
4060,1.5387845039367676,21056000,55112704,0.019084550032857805,0.7271156601601891
4061,1.500990867614746,21056000,55112704,0.0182539020315744,0.7256287506623781
4062,1.546629786491394,21056000,55112704,0.017737796995788813,0.6969043105371114
4063,1.5681055784225464,21056000,55112704,0.017759798967745155,0.7374163138326155
4064,1.5666990280151367,21056000,55112704,0.018716735998168588,0.7484264024042078
4065,1.562839388847351,21056000,55112704,0.018164482025895268,0.7460250359553507
4066,1.516633152961731,21056000,55112704,0.017770569014828652,0.6742270607696988
4067,1.500051736831665,21056000,55112704,0.018401230045128614,0.6973389950236231
4068,1.4760324954986572,21056000,55112704,0.018163090047892183,0.6805805134776234
4069,1.4936189651489258,21056000,55112704,0.018075885018333793,0.6273132490982313
4070,1.5699909925460815,21056000,55112704,0.018947681004647166,0.7062067267860778
4071,1.5243526697158813,21056000,55112704,0.01783783599967137,0.7095766694398846
4072,1.5364817380905151,21056000,55112704,0.017839959007687867,0.7001155805911781
4073,1.5469443798065186,21056000,55112704,0.019917612022254616,0.6887932911516883
4074,1.511924147605896,21056000,55112704,0.019531903963070363,0.7015283464973846
4075,1.530034065246582,21056000,55112704,0.019284676993265748,0.6941397860095068
4076,1.5794848203659058,21056000,55112704,0.018699503038078547,0.6933829421212405
4077,1.5896939039230347,21056000,55112704,0.01935514999786392,0.6676699172583577
4078,1.5188740491867065,21056000,55112704,0.019005110021680593,0.7413639885955878
4079,1.4988442659378052,21056000,55112704,0.018991564051248133,0.7120814758015365
4080,1.5781927108764648,21056000,55112704,0.018705734983086586,0.7653489495414795
4081,1.528114914894104,21056000,55112704,0.01927191298455,0.7291643872965601
4082,1.5777369737625122,21056000,55112704,0.019744274963159114,0.6918970089921387
4083,1.531881332397461,21056000,55112704,0.01852578402031213,0.6967444277275929
4084,1.489173412322998,21056000,55112704,0.017889092036057264,0.6896865085168022
4085,1.523828387260437,21056000,55112704,0.018675086030270904,0.7332528064458449
4086,1.552276611328125,21056000,55112704,0.01766544097336009,0.7632699656718678
4087,1.596826434135437,21056000,55112704,0.017535123974084854,0.7377505792956522
4088,1.5241155624389648,21056000,55112704,0.017654630006290972,0.7361308324068019
4089,1.5959763526916504,21056000,55112704,0.01751947501907125,0.7604476189847579
4090,1.4748435020446777,21056000,55112704,0.017625114996917546,0.7200343335189906
4091,1.566745638847351,21056000,55112704,0.01890676497714594,0.7533704166034277
4092,1.5248674154281616,21056000,55112704,0.01909443800104782,0.711916918437744
4093,1.555265188217163,21056000,55112704,0.017692913010250777,0.717361369310082
4094,1.6108168363571167,21056000,55112704,0.017715574998874217,0.8122045464454098
4095,1.5233516693115234,21056000,55112704,0.01774553203722462,0.7227089138641926
4096,1.6162611246109009,21056000,55112704,0.017731685016769916,0.7895667741440171
4097,1.5289173126220703,21056000,55112704,0.017686629958916456,0.8302935609269472
4098,1.547299861907959,21056000,55112704,0.01748463901458308,0.6944408179722308
4099,1.522871732711792,21056000,55112704,0.0174467780161649,0.6694492369673776
4100,1.5591200590133667,21056000,55112704,0.01886574598029256,0.7294972710124314
4101,1.5445276498794556,21056000,55112704,0.017059165984392166,0.7227861290903322
4102,1.5483663082122803,21056000,55112704,0.01827214501099661,0.6973068476560621
4103,1.4894332885742188,21056000,55112704,0.018141338019631803,0.6719423142074253
4104,1.5950655937194824,21056000,55112704,0.017039798956830055,0.7586622114771274
4105,1.5554699897766113,21056000,55112704,0.02038482401985675,0.7133556833200231
4106,1.558889627456665,21056000,55112704,0.018772259005345404,0.7353076439489484
4107,1.566588044166565,21056000,55112704,0.017570791009347886,0.712733386860024
4108,1.586728572845459,21056000,55112704,0.017056250013411045,0.7763077559549417
4109,1.5604621171951294,21056000,55112704,0.01679970498662442,0.7449138422116746
4110,1.5279606580734253,21056000,55112704,0.0170238179853186,0.6986026899571589
4111,1.5294064283370972,21056000,55112704,0.016603605006821454,0.7063160307266442
4112,1.5784865617752075,21056000,55112704,0.0168761900276877,0.7118894485755899
4113,1.491706132888794,21056000,55112704,0.017023256979882717,0.7023416768636692
4114,1.522505283355713,21056000,55112704,0.016668176976963878,0.6840103140171395
4115,1.5507025718688965,21056000,55112704,0.01662226003827527,0.7169576099922167
4116,1.6352853775024414,21056000,55112704,0.017125560028944165,0.7717280398365747
4117,1.4722402095794678,21056000,55112704,0.0166047970415093,0.7021326278195038
4118,1.5661886930465698,21056000,55112704,0.017077258962672204,0.7366387125732172
4119,1.4798787832260132,21056000,55112704,0.016903029987588525,0.6945159392145462
4120,1.5205355882644653,21056000,55112704,0.017113567038904876,0.6802455063736949
4121,1.557843565940857,21056000,55112704,0.016661503992509097,0.7104542670816146
4122,1.555611252784729,21056000,55112704,0.01699471299070865,0.7388998696765073
4123,1.5732156038284302,21056000,55112704,0.016613183019217104,0.7642614597308137
4124,1.5671416521072388,21056000,55112704,0.016757826029788703,0.7345616791609105
4125,1.5040199756622314,21056000,55112704,0.016971879987977445,0.7206140223044137
4126,1.5122020244598389,21056000,55112704,0.016737847996409982,0.6798636747841594
4127,1.5114988088607788,21056000,55112704,0.016616419015917927,0.710718716921214
4128,1.5869872570037842,21056000,55112704,0.016978853032924235,0.7367441074530927
4129,1.6259251832962036,21056000,55112704,0.016883444041013718,0.7619157905448509
4130,1.5303685665130615,21056000,55112704,0.01707617600914091,0.7510912917811974
4131,1.548421025276184,21056000,55112704,0.018053431995213032,0.7041935271352843
4132,1.5668025016784668,21056000,55112704,0.01999351498670876,0.7554870681941289
4133,1.5061006546020508,21056000,55112704,0.017252029036171734,0.7292523251868723
4134,1.5930794477462769,21056000,55112704,0.016870669031050056,0.7252208217355701
4135,1.578343391418457,21056000,55112704,0.017984792997594923,0.7100889898286206
4136,1.52399480342865,21056000,55112704,0.01740383601281792,0.6623331306106758
4137,1.5141700506210327,21056000,55112704,0.016715547011699528,0.7341849187998936
4138,1.4994158744812012,21056000,55112704,0.01736018300289288,0.6599582496954817
4139,1.5029553174972534,21056000,55112704,0.01673979201586917,0.7165951131310397
4140,1.5285909175872803,21056000,55112704,0.017616586992517114,0.7255374090524426
4141,1.4599626064300537,21056000,55112704,0.01706374401692301,0.6927661106653229
4142,1.5100163221359253,21056000,55112704,0.01824275904800743,0.6959544997225952
4143,1.6003215312957764,21056000,55112704,0.01707020599860698,0.737327696566735
4144,1.6095837354660034,21056000,55112704,0.01715481502469629,0.7563831217838493
4145,1.5457724332809448,21056000,55112704,0.017120660981163383,0.7402876178239508
4146,1.5338340997695923,21056000,55112704,0.01688860304420814,0.7812405900532854
4147,1.58871328830719,21056000,55112704,0.016998259990941733,0.716453566951285
4148,1.490455985069275,21056000,55112704,0.016842124983668327,0.6611680870233877
4149,1.5365043878555298,21056000,55112704,0.017066748987417668,0.6864109322459214
4150,1.5187126398086548,21056000,55112704,0.017769797006621957,0.7078824749532582
4151,1.5671268701553345,21056000,55112704,0.016981138032861054,0.7678911565915556
4152,1.4988141059875488,21056000,55112704,0.016557917988393456,0.7223259308774953
4153,1.5236393213272095,21056000,55112704,0.01684430899331346,0.664202201224984
4154,1.5290812253952026,21056000,55112704,0.01740718202199787,0.721385016541065
4155,1.5371140241622925,21056000,55112704,0.017020411032717675,0.7295023584515563
4156,1.4935238361358643,21056000,55112704,0.01700277900090441,0.6962923763233156
4157,1.4913955926895142,21056000,55112704,0.017001205997075886,0.7037592031614073
4158,1.57232666015625,21056000,55112704,0.017240736982785165,0.75743465468682
4159,1.5871086120605469,21056000,55112704,0.020084035000763834,0.7226564784433231
4160,1.4897584915161133,21056000,55112704,0.01771574403392151,0.6949771579867929
4161,1.490097165107727,21056000,55112704,0.01720228500198573,0.685390526879044
4162,1.515289545059204,21056000,55112704,0.01726527401478961,0.7329754242097618
4163,1.5517398118972778,21056000,55112704,0.0164604649762623,0.6896565960106257
4164,1.5304254293441772,21056000,55112704,0.016628060955554247,0.7250729703253237
4165,1.6083885431289673,21056000,55112704,0.018312190019059926,0.7306183370080684
4166,1.6025786399841309,21056000,55112704,0.018052248982712626,0.7046841169893693
4167,1.5821722745895386,21056000,55112704,0.017732075008098036,0.7092626056412523
4168,1.5274163484573364,21056000,55112704,0.016945298993960023,0.7285821091473599
4169,1.609879970550537,21056000,55112704,0.01690027496078983,0.7027084580718594
4170,1.5441639423370361,21056000,55112704,0.01703823503339663,0.7008289776873455
4171,1.5291069746017456,21056000,55112704,0.01722064899513498,0.7638035611615719
4172,1.516025185585022,21056000,55112704,0.0175583369564265,0.7250702514330348
4173,1.5597920417785645,21056000,55112704,0.017780635971575975,0.7273607334147951
4174,1.5878850221633911,21056000,55112704,0.016773254028521478,0.76972047084509
4175,1.5217164754867554,21056000,55112704,0.01665750698884949,0.7615933835334799
4176,1.5442906618118286,21056000,55112704,0.016894383006729186,0.697814809549273
4177,1.619500994682312,21056000,55112704,0.01680920203216374,0.746329057140484
4178,1.57007896900177,21056000,55112704,0.016942434012889862,0.7570462908092547
4179,1.4788974523544312,21056000,55112704,0.017151437990833074,0.6991035187770602
4180,1.5379122495651245,21056000,55112704,0.017380120989400893,0.7202760260667239
4181,1.5414645671844482,21056000,55112704,0.016809151973575354,0.7631981070045595
4182,1.5306495428085327,21056000,55112704,0.017632486997172236,0.7056424170574042
4183,1.560219645500183,21056000,55112704,0.01636165799573064,0.7227694173889126
4184,1.5217649936676025,21056000,55112704,0.016809833992738277,0.7007152206911487
4185,1.5418670177459717,21056000,55112704,0.017019129008986056,0.6696740849875638
4186,1.5084246397018433,21056000,55112704,0.016791640024166554,0.6835981616235477
4187,1.5807405710220337,21056000,55112704,0.01656138600083068,0.7373099602323641
4188,1.5330991744995117,21056000,55112704,0.018599272007122636,0.7128093134347128
4189,1.5155960321426392,21056000,55112704,0.01721853599883616,0.6956343589301556
4190,1.5924062728881836,21056000,55112704,0.016748216992709786,0.7145229040637097
4191,1.629017949104309,21056000,55112704,0.017018557991832495,0.6962785692656508
4192,1.571926474571228,21056000,55112704,0.016751854971516877,0.7176382815700273
4193,1.56981360912323,21056000,55112704,0.016610156977549195,0.7844760404364595
4194,1.5631823539733887,21056000,55112704,0.016842676035594195,0.7688589509279262
4195,1.5957064628601074,21056000,55112704,0.01730011001927778,0.7334175777570688
4196,1.5479514598846436,21056000,55112704,0.016883062024135143,0.6938731654522423
4197,1.5567307472229004,21056000,55112704,0.01676906697684899,0.7263592289472462
4198,1.5649007558822632,21056000,55112704,0.016559151001274586,0.7650896869599177
4199,1.570816993713379,21056000,55112704,0.017017005011439323,0.7403899678396354
4200,1.5550538301467896,21056000,55112704,0.018391099001746625,0.7178177097805446
4201,1.5325286388397217,21056000,55112704,0.01713012799154967,0.6913141942451814
4202,1.533190131187439,21056000,55112704,0.016637568012811244,0.8406568668955424
4203,1.566034197807312,21056000,55112704,0.01661218097433448,0.6976514485779988
4204,1.49631929397583,21056000,55112704,0.016908299003262073,0.7234129570911995
4205,1.5578162670135498,21056000,55112704,0.019797272980213165,0.7567797132486903
4206,1.5660489797592163,21056000,55112704,0.016971288016065955,0.7863667411208299
4207,1.536583423614502,21056000,55112704,0.016841383010614663,0.6818221650860302
4208,1.5426040887832642,21056000,55112704,0.01743561401963234,0.6720302816140344
4209,1.5414562225341797,21056000,55112704,0.017035569006111473,0.7007605403441296
4210,1.6404849290847778,21056000,55112704,0.017662892991211265,0.7772156886510305
4211,1.6561381816864014,21056000,55112704,0.016717018035706133,0.826595594914526
4212,1.5700129270553589,21056000,55112704,0.017045137006789446,0.7353543664261691
4213,1.5987721681594849,21056000,55112704,0.01686828298261389,0.706190590938827
4214,1.5273447036743164,21056000,55112704,0.016540043987333775,0.8475065119453571
4215,1.5895222425460815,21056000,55112704,0.016657394997309893,0.7348951421132699
4216,1.5467842817306519,21056000,55112704,0.01695183099946007,0.7321789660972902
4217,1.5618468523025513,21056000,55112704,0.016614874999504536,0.7391800689212543
4218,1.5629929304122925,21056000,55112704,0.01764656195882708,0.7363333716154411
4219,1.5951120853424072,21056000,55112704,0.018036138033494353,0.8228407144250558
4220,1.5617947578430176,21056000,55112704,0.01730343501549214,0.7798348019773357
4221,1.59144127368927,21056000,55112704,0.017354001000057906,0.747879252121352
4222,1.5514525175094604,21056000,55112704,0.01688295102212578,0.7753738747339074
4223,1.6146130561828613,21056000,55112704,0.016651885001920164,0.7737421727008641
4224,1.4910682439804077,21056000,55112704,0.01692344795446843,0.7422422611588426
4225,1.606064796447754,21056000,55112704,0.0171126649947837,0.7688048897907918
4226,1.548521876335144,21056000,55112704,0.016960006032604724,0.7310070382917943
4227,1.4934390783309937,21056000,55112704,0.01941380900098011,0.6989922861392891
4228,1.6114500761032104,21056000,55112704,0.017586620000656694,0.7292846203915853
4229,1.5899748802185059,21056000,55112704,0.017223703966010362,0.7836145417619258
4230,1.5797196626663208,21056000,55112704,0.017635221011005342,0.7383398631722047
4231,1.5936918258666992,21056000,55112704,0.01708374102599919,0.7354544059527497
4232,1.5730750560760498,21056000,55112704,0.0167510419851169,0.683129609988645
4233,1.510200023651123,21056000,55112704,0.017231067991815507,0.7288896462727865
4234,1.5523681640625,21056000,55112704,0.016679788008332253,0.7418916912587907
4235,1.5154081583023071,21056000,55112704,0.01679840200813487,0.6940862613650588
4236,1.5120261907577515,21056000,55112704,0.016933487029746175,0.6549518742745025
4237,1.5606412887573242,21056000,55112704,0.020143135043326765,0.6542383206356314
4238,1.48428475856781,21056000,55112704,0.02427459496539086,0.6994354318957342
4239,1.546815037727356,21056000,55112704,0.020673978026024997,0.7708861921889211
4240,1.5364917516708374,21056000,55112704,0.021773393033072352,0.6997533736654735
4241,1.5319545269012451,21056000,55112704,0.022810941969510168,0.7698341745696432
4242,1.4995428323745728,21056000,55112704,0.018709058000240475,0.6573648142422428
4243,1.5266430377960205,21056000,55112704,0.02109031396685168,0.7040022153551874
4244,1.5843713283538818,21056000,55112704,0.02065121498890221,0.7662647719434066
4245,1.6058290004730225,21056000,55112704,0.021487353020347655,0.7332732482167583
4246,1.5054528713226318,21056000,55112704,0.024396964989136904,0.7005581836636202
4247,1.6141383647918701,21056000,55112704,0.01826499996241182,0.7807022046407333
4248,1.5843558311462402,21056000,55112704,0.01740589801920578,0.797064021090262
4249,1.517027735710144,21056000,55112704,0.017344121995847672,0.6962189569725369
4250,1.5595623254776,21056000,55112704,0.01719755498925224,0.7321395560680255
4251,1.5387601852416992,21056000,55112704,0.01735889900010079,0.684691054099985
4252,1.5039591789245605,21056000,55112704,0.016856482019647956,0.708014984667456
4253,1.5310169458389282,21056000,55112704,0.01865134999388829,0.7245983308007251
4254,1.594635248184204,21056000,55112704,0.01760743896011263,0.7284450641277144
4255,1.52353036403656,21056000,55112704,0.017148281971458346,0.7330664419715996
4256,1.4776721000671387,21056000,55112704,0.016926623007748276,0.707053724720507
4257,1.5423663854599,21056000,55112704,0.016426048998255283,0.7145277950495841
4258,1.4823075532913208,21056000,55112704,0.016872211010195315,0.7049649579963919
4259,1.582743525505066,21056000,55112704,0.017086574982386082,0.7702839471388011
4260,1.546631097793579,21056000,55112704,0.01749908400233835,0.7650238056063368
4261,1.4990947246551514,21056000,55112704,0.016854196961503476,0.7501672174135371
4262,1.5456207990646362,21056000,55112704,0.016963051981292665,0.6401373222808426
4263,1.5835535526275635,21056000,55112704,0.017152930959127843,0.7314890250284284
4264,1.5244083404541016,21056000,55112704,0.017218885011970997,0.7082294299005734
4265,1.5290051698684692,21056000,55112704,0.01704095903551206,0.7819262801303198
4266,1.4819880723953247,21056000,55112704,0.016759197984356433,0.6917039884406244
4267,1.5164319276809692,21056000,55112704,0.016609273967333138,0.6988038787132163
4268,1.5553295612335205,21056000,55112704,0.01700474094832316,0.7593711289856032
4269,1.5168254375457764,21056000,55112704,0.016580900992266834,0.730302789109159
4270,1.5056383609771729,21056000,55112704,0.016676931991241872,0.7774400088291341
4271,1.5822468996047974,21056000,55112704,0.018166784953791648,0.7150091596864823
4272,1.5470701456069946,21056000,55112704,0.019356318982318044,0.6937362406919891
4273,1.5241742134094238,21056000,55112704,0.01718282699584961,0.7158588400036399
4274,1.5377779006958008,21056000,55112704,0.017050106020178646,0.6946259338585504
4275,1.5329594612121582,21056000,55112704,0.017786045966204256,0.7631630414757067
4276,1.5403913259506226,21056000,55112704,0.016895965032745153,0.7242220119182243
4277,1.571075439453125,21056000,55112704,0.016559229989070445,0.7557680174747224
4278,1.5385818481445312,21056000,55112704,0.016552367014810443,0.7147391878284528
4279,1.6055281162261963,21056000,55112704,0.017052431008778512,0.7816433457812337
4280,1.5481317043304443,21056000,55112704,0.016581331961788237,0.7329038647661034
4281,1.62356436252594,21056000,55112704,0.01691037300042808,0.7508785409683612
4282,1.500636100769043,21056000,55112704,0.01950285700149834,0.7270749118290235
4283,1.5398273468017578,21056000,55112704,0.017717024951707572,0.6987518214857479
4284,1.4987424612045288,21056000,55112704,0.01707250898471102,0.7442641492166688
4285,1.5361610651016235,21056000,55112704,0.01718928903574124,0.7417380202656171
4286,1.5161452293395996,21056000,55112704,0.016936481988523155,0.7180710190773903
4287,1.5807299613952637,21056000,55112704,0.01670639798976481,0.738937919020078
4288,1.5056086778640747,21056000,55112704,0.01678285200614482,0.6810935097610413
4289,1.513167381286621,21056000,55112704,0.016818728996440768,0.7415339466254133
4290,1.5835988521575928,21056000,55112704,0.017303944972809404,0.7646504841184646
4291,1.5425803661346436,21056000,55112704,0.01665136299561709,0.7550768871022676
4292,1.5936552286148071,21056000,55112704,0.01668273296672851,0.6731648901276884
4293,1.5658985376358032,21056000,55112704,0.017165002995170653,0.694544768300141
4294,1.5451138019561768,21056000,55112704,0.01680360099999234,0.7010931044018877
4295,1.5660326480865479,21056000,55112704,0.017000212974380702,0.7421262220671635
4296,1.527672529220581,21056000,55112704,0.016889792983420193,0.7060813673730378
4297,1.5612423419952393,21056000,55112704,0.01688241004012525,0.7882049277639256
4298,1.5862867832183838,21056000,55112704,0.017112453992012888,0.7843254037086786
4299,1.61501145362854,21056000,55112704,0.016865478013642132,0.7538735974708615
4300,1.5986886024475098,21056000,55112704,0.018487418012227863,0.7404885663286023
4301,1.5697435140609741,21056000,55112704,0.017062518978491426,0.7038671750851883
4302,1.4955577850341797,21056000,55112704,0.017108956002630293,0.77024689532742
4303,1.5558828115463257,21056000,55112704,0.016831311979331076,0.7185552260336975
4304,1.6037092208862305,21056000,55112704,0.016816554008983076,0.6981652249923005
4305,1.4950891733169556,21056000,55112704,0.01671153597999364,0.7172477615999016
4306,1.5279209613800049,21056000,55112704,0.01679069601232186,0.7082298750925604
4307,1.597127914428711,21056000,55112704,0.016959714994300157,0.7721918961903329
4308,1.5396174192428589,21056000,55112704,0.016584918019361794,0.8048475024455636
4309,1.5564510822296143,21056000,55112704,0.01689131499733776,0.7559882327284714
4310,1.5233197212219238,21056000,55112704,0.01854414597619325,0.733035715810597
4311,1.4848723411560059,21056000,55112704,0.018178625963628292,0.7566749623780568
4312,1.5399577617645264,21056000,55112704,0.017143081000540406,0.7749592899168405
4313,1.5601638555526733,21056000,55112704,0.01708849798887968,0.7844671859573337
4314,1.5565428733825684,21056000,55112704,0.01685426599578932,0.7201395021952229
4315,1.5508108139038086,21056000,55112704,0.01690527203027159,0.7281002503318743
4316,1.540730357170105,21056000,55112704,0.016531115979887545,0.6955215201334983
4317,1.5273668766021729,21056000,55112704,0.016895963985007256,0.6729323099859422
4318,1.5561954975128174,21056000,55112704,0.016860386996995658,0.711960993133786
4319,1.466324806213379,21056000,55112704,0.016590196988545358,0.6726414378102138
4320,1.539247989654541,21056000,55112704,0.016881046001799405,0.7352343263638674
4321,1.582783579826355,21056000,55112704,0.02042929403251037,0.7400320378783674
4322,1.560645341873169,21056000,55112704,0.01850578299490735,0.7104897894824372
4323,1.5894825458526611,21056000,55112704,0.017087657004594803,0.7158154891527007
4324,1.575590968132019,21056000,55112704,0.01704331301152706,0.7094250762365075
4325,1.556247591972351,21056000,55112704,0.01779282803181559,0.7494027621626089
4326,1.5460261106491089,21056000,55112704,0.016650561010465026,0.721751545750316
4327,1.6397567987442017,21056000,55112704,0.016576961963437498,0.7220069067090423
4328,1.6082031726837158,21056000,55112704,0.016732966993004084,0.7539031981414306
4329,1.5042484998703003,21056000,55112704,0.01681229699170217,0.678293013689917
4330,1.559952735900879,21056000,55112704,0.01682471000822261,0.6801220224430821
4331,1.5216050148010254,21056000,55112704,0.016716896963771433,0.6951300679812433
4332,1.5180271863937378,21056000,55112704,0.017028725007548928,0.7456853747848746
4333,1.6219305992126465,21056000,55112704,0.016690196003764868,0.7432991901431512
4334,1.5602413415908813,21056000,55112704,0.0168218839680776,0.7071723011893041
4335,1.496132254600525,21056000,55112704,0.016938123968429863,0.700452526874882
4336,1.5355613231658936,21056000,55112704,0.016907315992284566,0.6795219711745332
4337,1.5457041263580322,21056000,55112704,0.016848706000018865,0.6829649845274263
4338,1.5730888843536377,21056000,55112704,0.01692358701257035,0.7191525060656129
4339,1.5382359027862549,21056000,55112704,0.016702288994565606,0.7206754071461743
4340,1.5630842447280884,21056000,55112704,0.017181743984110653,0.6702425932897186
4341,1.5468155145645142,21056000,55112704,0.016860788979101926,0.7167906860860828
4342,1.5675331354141235,21056000,55112704,0.016479418030939996,0.6613495845712226
4343,1.573258638381958,21056000,55112704,0.016812596993986517,0.6883417572345092
4344,1.561002254486084,21056000,55112704,0.017050346010364592,0.713496113250505
4345,1.458693027496338,21056000,55112704,0.019497424946166575,0.679147469511542
4346,1.4985511302947998,21056000,55112704,0.01680249802302569,0.6923058218535356
4347,1.5396068096160889,21056000,55112704,0.01712678000330925,0.6925044661472243
4348,1.5750832557678223,21056000,55112704,0.01707647502189502,0.7017887371059705
4349,1.5265722274780273,21056000,55112704,0.017114866990596056,0.6649952423428609
4350,1.5626916885375977,21056000,55112704,0.019313619006425142,0.7022199842698458
4351,1.514176368713379,21056000,55112704,0.0174240919877775,0.694336630359114
4352,1.5057743787765503,21056000,55112704,0.017140835989266634,0.6990878496464578
4353,1.535197138786316,21056000,55112704,0.01822305895620957,0.6900521854124358
4354,1.4879010915756226,21056000,55112704,0.018550727982074022,0.66587409038335
4355,1.5800368785858154,21056000,55112704,0.018341273011174053,0.717454835300819
4356,1.504651665687561,21056000,55112704,0.017060444981325418,0.6700192387561703
4357,1.5317214727401733,21056000,55112704,0.01702140097040683,0.7686647399616306
4358,1.526928186416626,21056000,55112704,0.017272704979404807,0.7225217892216711
4359,1.528092622756958,21056000,55112704,0.01722913299454376,0.719586660650645
4360,1.4995602369308472,21056000,55112704,0.017137992021162063,0.6553001374121294
4361,1.5477323532104492,21056000,55112704,0.017118052986916155,0.7221570695136368
4362,1.5617958307266235,21056000,55112704,0.016935387975536287,0.8117080799662164
4363,1.5319403409957886,21056000,55112704,0.017602888983674347,0.703981396469091
4364,1.5399231910705566,21056000,55112704,0.017083387996535748,0.664437823002161
4365,1.52972412109375,21056000,55112704,0.01682948798406869,0.6945228870124591
4366,1.5166029930114746,21056000,55112704,0.016953402024228126,0.6898137044859224
4367,1.5320030450820923,21056000,55112704,0.01713130797725171,0.6701672257881929
4368,1.5250164270401,21056000,55112704,0.016941821028012782,0.723318509540876
4369,1.5228018760681152,21056000,55112704,0.016931792022660375,0.7558849186649695
4370,1.5303622484207153,21056000,55112704,0.017722124001011252,0.7019754133426384
4371,1.598575234413147,21056000,55112704,0.016962609952315688,0.698855429225884
4372,1.5704506635665894,21056000,55112704,0.01721475599333644,0.7311604378664888
4373,1.526045560836792,21056000,55112704,0.016982897999696434,0.6451818212806175
4374,1.5180784463882446,21056000,55112704,0.016911373008042574,0.7238713789434978
4375,1.5681096315383911,21056000,55112704,0.016985544003546238,0.7189937720374732
4376,1.5917319059371948,21056000,55112704,0.016972799028735608,0.7506115440324904
4377,1.5562044382095337,21056000,55112704,0.016748716006986797,0.7182227725976397
4378,1.5848313570022583,21056000,55112704,0.018322907970286906,0.726365763628444
4379,1.498915672302246,21056000,55112704,0.018113141995854676,0.6890303775612363
4380,1.5306100845336914,21056000,55112704,0.01753006101353094,0.6856079247085278
4381,1.6171221733093262,21056000,55112704,0.01751920097740367,0.7768948828715688
4382,1.573290228843689,21056000,55112704,0.017257386993151158,0.7652935268051704
4383,1.480941653251648,21056000,55112704,0.017023814958520234,0.6905594164058192
4384,1.5147464275360107,21056000,55112704,0.017130145977716893,0.7539313745749702
4385,1.6252342462539673,21056000,55112704,0.017593419994227588,0.706481050610248
4386,1.534688115119934,21056000,55112704,0.016910191043280065,0.6956597098750458
4387,1.5767711400985718,21056000,55112704,0.01716438098810613,0.7615070805965798
4388,1.498673677444458,21056000,55112704,0.01684198301518336,0.675837295615954
4389,1.5757884979248047,21056000,55112704,0.01715139701263979,0.7335915641500298
4390,1.6732732057571411,21056000,55112704,0.017225104966200888,0.7539870274924435
4391,1.5369540452957153,21056000,55112704,0.01695642899721861,0.7058649980606592
4392,1.513972520828247,21056000,55112704,0.016975553997326642,0.700444220610387
4393,1.52638840675354,21056000,55112704,0.017090852023102343,0.7162573835152545
4394,1.5379419326782227,21056000,55112704,0.0172801700537093,0.7525412412022763
4395,1.5383563041687012,21056000,55112704,0.017151998006738722,0.7520409035485419
4396,1.6109243631362915,21056000,55112704,0.01698461198247969,0.679882531705624
4397,1.4570437669754028,21056000,55112704,0.01696743897628039,0.7177452530246778
4398,1.6020219326019287,21056000,55112704,0.017046619032043964,0.7957996926717041
4399,1.51555335521698,21056000,55112704,0.016919739020522684,0.7325706171977888
4400,1.5503290891647339,21056000,55112704,0.018522613041568547,0.657544121094614
4401,1.5160648822784424,21056000,55112704,0.017144883051514626,0.743078131672372
4402,1.6108667850494385,21056000,55112704,0.01676687999861315,0.7622333039404078
4403,1.5955226421356201,21056000,55112704,0.016965403978247195,0.7151995684935963
4404,1.5261540412902832,21056000,55112704,0.01735207496676594,0.6580455586749901
4405,1.6348949670791626,21056000,55112704,0.017415394017007202,0.7171995706433965
4406,1.5883517265319824,21056000,55112704,0.016799311037175357,0.7941780223358761
4407,1.5550878047943115,21056000,55112704,0.01664051099214703,0.6963920332895643
4408,1.5400563478469849,21056000,55112704,0.016763072984758765,0.7249459134701945
4409,1.5067805051803589,21056000,55112704,0.017029646027367562,0.7057768904005917
4410,1.5623294115066528,21056000,55112704,0.01685103797353804,0.7308805411253786
4411,1.5773223638534546,21056000,55112704,0.016725751978810877,0.7453641082357555
4412,1.6048225164413452,21056000,55112704,0.016994267993140966,0.7999971047453434
4413,1.467861533164978,21056000,55112704,0.016649177996441722,0.6872711075243931
4414,1.5337377786636353,21056000,55112704,0.01702531799674034,0.650637059356979
4415,1.5593352317810059,21056000,55112704,0.017152677988633513,0.757647640802023
4416,1.5303115844726562,21056000,55112704,0.016634899948257953,0.6957579996447302
4417,1.5094221830368042,21056000,55112704,0.016702708031516522,0.6801989821120474
4418,1.5126034021377563,21056000,55112704,0.020471803029067814,0.6476567797679692
4419,1.529365062713623,21056000,55112704,0.017472100968007,0.68185381819329
4420,1.5986310243606567,21056000,55112704,0.01787281798897311,0.6979969998578571
4421,1.5858904123306274,21056000,55112704,0.017032872012350708,0.7077612107375746
4422,1.5070774555206299,21056000,55112704,0.016852200031280518,0.6800640290614356
4423,1.5444892644882202,21056000,55112704,0.016765377018600702,0.6920511114496359
4424,1.6058317422866821,21056000,55112704,0.01696987298782915,0.7217700993404409
4425,1.518794059753418,21056000,55112704,0.016498893965035677,0.6837558828035418
4426,1.547308087348938,21056000,55112704,0.016683641995768994,0.7111796898285966
4427,1.6000258922576904,21056000,55112704,0.016897597000934184,0.7841707078822013
4428,1.559491515159607,21056000,55112704,0.01674770301906392,0.6879390041794876
4429,1.618896722793579,21056000,55112704,0.016997445025481284,0.7548896833859646
4430,1.5735148191452026,21056000,55112704,0.016821613011416048,0.7116033412489837
4431,1.5919522047042847,21056000,55112704,0.0167996310046874,0.7112355857982234
4432,1.5471888780593872,21056000,55112704,0.016902406001463532,0.7784155211120913
4433,1.5611985921859741,21056000,55112704,0.01681109401397407,0.6836022672857004
4434,1.5705879926681519,21056000,55112704,0.016964381968136877,0.7719316262920404
4435,1.5222700834274292,21056000,55112704,0.017454146989621222,0.69309396730725
4436,1.5098272562026978,21056000,55112704,0.01669694803422317,0.7506824795535662
4437,1.5580955743789673,21056000,55112704,0.016658664972055703,0.7198019723026771
4438,1.5565731525421143,21056000,55112704,0.01690761500503868,0.72233376520025
4439,1.4628429412841797,21056000,55112704,0.01693856401834637,0.743347448471219
4440,1.5108976364135742,21056000,55112704,0.016572533000726253,0.7777275910707429
4441,1.5029953718185425,21056000,55112704,0.016825450002215803,0.7600604431125242
4442,1.5175492763519287,21056000,55112704,0.016544400015845895,0.7013957999661312
4443,1.5555750131607056,21056000,55112704,0.01675007800804451,0.7087550569794245
4444,1.561901569366455,21056000,55112704,0.01692348497454077,0.7032588530386503
4445,1.5813177824020386,21056000,55112704,0.01689093396998942,0.8301662978638936
4446,1.5403366088867188,21056000,55112704,0.016794282011687756,0.7337860807167536
4447,1.4816032648086548,21056000,55112704,0.02048651099903509,0.7498009783040865
4448,1.530680537223816,21056000,55112704,0.01724290900165215,0.6943156040229114
4449,1.5633538961410522,21056000,55112704,0.017003206012304872,0.7058031794442224
4450,1.4920287132263184,21056000,55112704,0.017581517982762307,0.7606369694655952
4451,1.5389126539230347,21056000,55112704,0.016756500001065433,0.8185640768586594
4452,1.522492527961731,21056000,55112704,0.016712897981051356,0.7548524151456508
4453,1.5490198135375977,21056000,55112704,0.017596404999494553,0.7153618759597437
4454,1.569175124168396,21056000,55112704,0.017404543003067374,0.7803927845080764
4455,1.5341143608093262,21056000,55112704,0.016903978015761822,0.6722559996293798
4456,1.5507398843765259,21056000,55112704,0.01692642003763467,0.7419406081516895
4457,1.5525016784667969,21056000,55112704,0.016685935959685594,0.7691892394493376
4458,1.531540870666504,21056000,55112704,0.01697687600972131,0.7247712000182289
4459,1.5898432731628418,21056000,55112704,0.01665841497015208,0.7031618990333728
4460,1.6183924674987793,21056000,55112704,0.016710633994080126,0.7169046368580562
4461,1.5105546712875366,21056000,55112704,0.016842662007547915,0.7003123106695089
4462,1.5460261106491089,21056000,55112704,0.016681568988133222,0.7309676615884326
4463,1.5623445510864258,21056000,55112704,0.01650636800331995,0.7831672617800054
4464,1.5836634635925293,21056000,55112704,0.0167543159914203,0.7468416085536744
4465,1.529618263244629,21056000,55112704,0.017500052985269576,0.7737784846445956
4466,1.6299036741256714,21056000,55112704,0.01668644795427099,0.7986886666035606
4467,1.5387507677078247,21056000,55112704,0.017060624028090388,0.7168745862304906
4468,1.4928003549575806,21056000,55112704,0.01672087301267311,0.7305882021675627
4469,1.5661077499389648,21056000,55112704,0.01737771200714633,0.7419380035110777
4470,1.559024691581726,21056000,55112704,0.017074760049581528,0.7194658926365449
4471,1.5617730617523193,21056000,55112704,0.016583012009505183,0.7153065084621286
4472,1.5420793294906616,21056000,55112704,0.01664115203311667,0.7729444578284561
4473,1.547277569770813,21056000,55112704,0.0168477920233272,0.7535570151440885
4474,1.4980159997940063,21056000,55112704,0.01654232502914965,0.7360125788346105
4475,1.5104248523712158,21056000,55112704,0.016725561989005655,0.6793701278241027
4476,1.51302170753479,21056000,55112704,0.02047365700127557,0.6424470849950566
4477,1.5007483959197998,21056000,55112704,0.017295697994995862,0.6930772969670019
4478,1.5075993537902832,21056000,55112704,0.01704315998358652,0.6878737681699552
4479,1.4952996969223022,21056000,55112704,0.017243319016415626,0.6890975637595996
4480,1.562046766281128,21056000,55112704,0.01740175799932331,0.6737411050436249
4481,1.59535551071167,21056000,55112704,0.016600364993792027,0.8051817897887417
4482,1.5244699716567993,21056000,55112704,0.01828727900283411,0.7103436194354554
4483,1.555025339126587,21056000,55112704,0.017090560984797776,0.7206707626109567
4484,1.5506718158721924,21056000,55112704,0.016738546022679657,0.7148888857165201
4485,1.5656497478485107,21056000,55112704,0.016904187970794737,0.7197632855406021
4486,1.5302573442459106,21056000,55112704,0.01669656700687483,0.7063766606894152
4487,1.4845443964004517,21056000,55112704,0.017065191990695894,0.7201864749541257
4488,1.4990345239639282,21056000,55112704,0.018234448973089457,0.7185441540223081
4489,1.4453774690628052,21056000,55112704,0.01805425900965929,0.6602994415221721
4490,1.527200698852539,21056000,55112704,0.017005079018417746,0.7484102502929217
4491,1.5291415452957153,21056000,55112704,0.016501327976584435,0.7254350081591884
4492,1.5393798351287842,21056000,55112704,0.016683111956808716,0.7015896041482044
4493,1.6076998710632324,21056000,55112704,0.01697168604005128,0.7444179468439961
4494,1.5980477333068848,21056000,55112704,0.016503362043295056,0.7804502626150379
4495,1.554474115371704,21056000,55112704,0.017364067025482655,0.7172092227375094
4496,1.5577181577682495,21056000,55112704,0.017002214037347585,0.7046762359438111
4497,1.5278499126434326,21056000,55112704,0.01635670498944819,0.727306163798858
4498,1.5443123579025269,21056000,55112704,0.016984260000754148,0.7204239884661029
4499,1.6126829385757446,21056000,55112704,0.016936310043092817,0.7458454894925256
4500,1.5211230516433716,21056000,55112704,0.0188579160021618,0.6624696035267239
4501,1.6035391092300415,21056000,55112704,0.018081901012919843,0.6935925655873162
4502,1.5069717168807983,21056000,55112704,0.017746827972587198,0.7379057203523625
4503,1.5567715167999268,21056000,55112704,0.018015775945968926,0.6946890857279405
4504,1.5287870168685913,21056000,55112704,0.017818352964241058,0.7573511380142878
4505,1.561953067779541,21056000,55112704,0.018323136027902365,0.6803842786951766
4506,1.5855308771133423,21056000,55112704,0.018186198023613542,0.7288948854595683
4507,1.5800848007202148,21056000,55112704,0.017596153018530458,0.707468418251157
4508,1.566092848777771,21056000,55112704,0.017504800984170288,0.7133362722438816
4509,1.5786861181259155,21056000,55112704,0.01752639195183292,0.6695820563866764
4510,1.4962855577468872,21056000,55112704,0.01768973097205162,0.6486338265831273
4511,1.4841701984405518,21056000,55112704,0.017583961016498506,0.6931127169638474
4512,1.517086148262024,21056000,55112704,0.01764373399782926,0.7183247043135393
4513,1.5728859901428223,21056000,55112704,0.0175089500262402,0.7210914224323425
4514,1.4933027029037476,21056000,55112704,0.017657810007221997,0.7141627127421671
4515,1.525875449180603,21056000,55112704,0.019257890002336353,0.7367981327758435
4516,1.490454077720642,21056000,55112704,0.017819977016188204,0.6548181565650742
4517,1.505020260810852,21056000,55112704,0.017839292995631695,0.7221604444858256
4518,1.5631523132324219,21056000,55112704,0.01767087500775233,0.7490387144197342
4519,1.5939775705337524,21056000,55112704,0.017531491990666837,0.7527666181754862
4520,1.596509337425232,21056000,55112704,0.017688788007944822,0.717683839375593
4521,1.5605685710906982,21056000,55112704,0.017392309033311903,0.7155628428807843
4522,1.5585402250289917,21056000,55112704,0.017462581978179514,0.6458069684995297
4523,1.4855883121490479,21056000,55112704,0.01762143097585067,0.6714898509527595
4524,1.5283771753311157,21056000,55112704,0.017518487002234906,0.7332936695459435
4525,1.5046857595443726,21056000,55112704,0.01765455398708582,0.7063888941716556
4526,1.5077766180038452,21056000,55112704,0.01847517298301682,0.6723198862289685
4527,1.5295318365097046,21056000,55112704,0.01791043800767511,0.650453803987546
4528,1.5316630601882935,21056000,55112704,0.017739203991368413,0.6979178735646941
4529,1.5441093444824219,21056000,55112704,0.017686424020212144,0.70498276654484
4530,1.54575777053833,21056000,55112704,0.018141163047403097,0.6876561349900472
4531,1.543184757232666,21056000,55112704,0.01768891903338954,0.6880417921630204
4532,1.538192629814148,21056000,55112704,0.017371359979733825,0.7088681086621752
4533,1.518310308456421,21056000,55112704,0.017510302015580237,0.6918722269175965
4534,1.5642400979995728,21056000,55112704,0.017553863988723606,0.7139669762239484
4535,1.579742670059204,21056000,55112704,0.01743263500975445,0.7190070891443883
4536,1.550510287284851,21056000,55112704,0.017673879978246987,0.6937485479925424
4537,1.5100812911987305,21056000,55112704,0.01758783799596131,0.6689858839447138
4538,1.6120274066925049,21056000,55112704,0.01749819901306182,0.6865944587592723
4539,1.516696572303772,21056000,55112704,0.017291928990744054,0.6865570851560404
4540,1.539089560508728,21056000,55112704,0.017501143971458077,0.7273454725201763
4541,1.5218174457550049,21056000,55112704,0.017419470008462667,0.7250395339607172
4542,1.5262701511383057,21056000,55112704,0.01810518396086991,0.7346620212780279
4543,1.520015835762024,21056000,55112704,0.01877030002651736,0.7179093618060356
4544,1.4398608207702637,21056000,55112704,0.01771312503842637,0.6846503846485684
4545,1.4876903295516968,21056000,55112704,0.018522121012210846,0.6956646943912224
4546,1.5858782529830933,21056000,55112704,0.01763315300922841,0.7862327848156015
4547,1.5200541019439697,21056000,55112704,0.017670203000307083,0.6948427797623086
4548,1.522907018661499,21056000,55112704,0.017701602017041296,0.7209285424689573
4549,1.456993818283081,21056000,55112704,0.017528476018924266,0.702280071477368
4550,1.5062273740768433,21056000,55112704,0.017555366968736053,0.7251265496655843
4551,1.5565423965454102,21056000,55112704,0.017695431015454233,0.7141411238474915
4552,1.5542467832565308,21056000,55112704,0.01754950504982844,0.7039103120014077
4553,1.5568194389343262,21056000,55112704,0.017439947987440974,0.7342281590285417
4554,1.4966317415237427,21056000,55112704,0.01760654296958819,0.7244533168246892
4555,1.4687533378601074,21056000,55112704,0.017386556952260435,0.7534231999061581
4556,1.5362778902053833,21056000,55112704,0.01758445199811831,0.7332693450579436
4557,1.5228461027145386,21056000,55112704,0.01814545999513939,0.6922057387022807
4558,1.6066091060638428,21056000,55112704,0.0174460299895145,0.7560512431765116
4559,1.5230450630187988,21056000,55112704,0.01742851798189804,0.7369570283660006
4560,1.571630597114563,21056000,55112704,0.019208237004932016,0.7155638020554026
4561,1.5104591846466064,21056000,55112704,0.017928752000443637,0.7496524171897734
4562,1.5861949920654297,21056000,55112704,0.01777880801819265,0.740341948832042
4563,1.4907599687576294,21056000,55112704,0.01744668197352439,0.7699352598019892
4564,1.5301520824432373,21056000,55112704,0.017635878990404308,0.6839293666560573
4565,1.5215309858322144,21056000,55112704,0.01772268203785643,0.7056856261741667
4566,1.5107334852218628,21056000,55112704,0.017357643984723836,0.7484244090573321
4567,1.592341661453247,21056000,55112704,0.017416404967661947,0.7904548984813721
4568,1.549347162246704,21056000,55112704,0.0174987799837254,0.7142757582462069
4569,1.502013921737671,21056000,55112704,0.0172913380083628,0.6722467183321649
4570,1.494868278503418,21056000,55112704,0.018630126025527716,0.6769156245089202
4571,1.5645904541015625,21056000,55112704,0.018147383991163224,0.74877618406357
4572,1.5061782598495483,21056000,55112704,0.01768650399753824,0.7178010712855326
4573,1.5192824602127075,21056000,55112704,0.017893264011945575,0.7273012791257644
4574,1.5710774660110474,21056000,55112704,0.017544667003676295,0.6779959898632958
4575,1.5303034782409668,21056000,55112704,0.01840060204267502,0.6733966101023867
4576,1.4926731586456299,21056000,55112704,0.01752929697977379,0.6549271507645383
4577,1.542590856552124,21056000,55112704,0.017469415033701807,0.6769628939670982
4578,1.5413767099380493,21056000,55112704,0.017463323019910604,0.7363274413026877
4579,1.5037455558776855,21056000,55112704,0.017539546999614686,0.7083289025785775
4580,1.517045259475708,21056000,55112704,0.017408668994903564,0.7061790789897393
4581,1.5071532726287842,21056000,55112704,0.018080909037962556,0.657692401680453
4582,1.4328447580337524,21056000,55112704,0.017638573015574366,0.6716824383516319
4583,1.5006872415542603,21056000,55112704,0.017437523987609893,0.6630901304628238
4584,1.581278920173645,21056000,55112704,0.01776104496093467,0.7539206172558219
4585,1.519981861114502,21056000,55112704,0.017435019952245057,0.7483199439759758
4586,1.5708250999450684,21056000,55112704,0.017611432005651295,0.7245858847636177
4587,1.4760550260543823,21056000,55112704,0.017805267998483032,0.6902500282610646
4588,1.5350098609924316,21056000,55112704,0.01739979302510619,0.6876952257736282
4589,1.5210590362548828,21056000,55112704,0.01748315099393949,0.7421746223341865
4590,1.5524451732635498,21056000,55112704,0.018151170981582254,0.7550634631167972
4591,1.523244857788086,21056000,55112704,0.01747832103865221,0.751975644582086
4592,1.536962866783142,21056000,55112704,0.017474132997449487,0.6776458817982854
4593,1.5304112434387207,21056000,55112704,0.018427503004204482,0.7076004753911548
4594,1.536600947380066,21056000,55112704,0.018030503997579217,0.7231928358910115
4595,1.4935851097106934,21056000,55112704,0.01778436900349334,0.7253630714789756
4596,1.5419528484344482,21056000,55112704,0.017971211986150593,0.7098612301571373
4597,1.585067629814148,21056000,55112704,0.01751673297258094,0.7010451215272375
4598,1.560468077659607,21056000,55112704,0.019155086018145084,0.7043301321097482
4599,1.492552399635315,21056000,55112704,0.018099023029208183,0.7411261702122451
4600,1.4907338619232178,21056000,55112704,0.018472055962774903,0.7067325476774339
4601,1.5655848979949951,21056000,55112704,0.01762425503693521,0.7196651955549315
4602,1.5768660306930542,21056000,55112704,0.01754984597209841,0.7066124500609862
4603,1.6026326417922974,21056000,55112704,0.017802412039600313,0.7169139454442325
4604,1.571102499961853,21056000,55112704,0.0174866360030137,0.6899251524456037
4605,1.5462781190872192,21056000,55112704,0.017674439994152635,0.7027299075700465
4606,1.517024040222168,21056000,55112704,0.017489221005234867,0.7152815983611126
4607,1.5148861408233643,21056000,55112704,0.017446589947212487,0.6734956915333491
4608,1.565942645072937,21056000,55112704,0.020829536020755768,0.6790092314655377
4609,1.5368434190750122,21056000,55112704,0.01835580699844286,0.7038760283027985
4610,1.5197904109954834,21056000,55112704,0.01845599600346759,0.6660314276687634
4611,1.5602302551269531,21056000,55112704,0.01762138999765739,0.7014738161236417
4612,1.5484815835952759,21056000,55112704,0.017512515012640506,0.6911813574806214
4613,1.5489505529403687,21056000,55112704,0.01773391297319904,0.7839603816914954
4614,1.5797779560089111,21056000,55112704,0.017557170009240508,0.6827925232377172
4615,1.5892809629440308,21056000,55112704,0.017774839012417942,0.702399666919147
4616,1.5474168062210083,21056000,55112704,0.017761093971785158,0.7517372778712227
4617,1.441490888595581,21056000,55112704,0.017491904960479587,0.6573355764624967
4618,1.4980415105819702,21056000,55112704,0.01743009901838377,0.7358708025650144
4619,1.497220754623413,21056000,55112704,0.017659773002378643,0.7497574174181251
4620,1.513925552368164,21056000,55112704,0.01738341205054894,0.6740466571179526
4621,1.5296965837478638,21056000,55112704,0.017437103029806167,0.7443389196276194
4622,1.5004445314407349,21056000,55112704,0.017400493030436337,0.704664196760653
4623,1.5412945747375488,21056000,55112704,0.01755663799121976,0.7375313181944886
4624,1.5393611192703247,21056000,55112704,0.01748506398871541,0.7055833292906618
4625,1.5442895889282227,21056000,55112704,0.01827840000623837,0.7007256045908073
4626,1.5745142698287964,21056000,55112704,0.01736408396391198,0.7371472350153294
4627,1.5383315086364746,21056000,55112704,0.01744145102566108,0.6990247403507344
4628,1.506001353263855,21056000,55112704,0.0175508470274508,0.7176062005290939
4629,1.547902226448059,21056000,55112704,0.017294682969804853,0.713010034816307
4630,1.507503628730774,21056000,55112704,0.017452161002438515,0.6964443786774803
4631,1.5405912399291992,21056000,55112704,0.0204736539744772,0.6970638818996936
4632,1.5071232318878174,21056000,55112704,0.018245999002829194,0.720366694873307
4633,1.5475225448608398,21056000,55112704,0.017721679992973804,0.7378164286675694
4634,1.5170353651046753,21056000,55112704,0.0176021340303123,0.712875012030224
4635,1.4971532821655273,21056000,55112704,0.017629606008995324,0.6546312917083867
4636,1.5237054824829102,21056000,55112704,0.018920802976936102,0.7005256305410246
4637,1.5292199850082397,21056000,55112704,0.017714075045660138,0.6868648761754401
4638,1.4969438314437866,21056000,55112704,0.01780789199983701,0.6967707162208041
4639,1.4743702411651611,21056000,55112704,0.021467199956532568,0.6725783314992224
4640,1.522487998008728,21056000,55112704,0.01926675601862371,0.7436132966926642
4641,1.5021913051605225,21056000,55112704,0.017968906031455845,0.6989646261893111
4642,1.5421233177185059,21056000,55112704,0.01768831699155271,0.7168444863718374
4643,1.609959363937378,21056000,55112704,0.01762456604046747,0.7174319934166233
4644,1.475441575050354,21056000,55112704,0.017815575993154198,0.6862713457633441
4645,1.473880648612976,21056000,55112704,0.01769338600570336,0.7395318655754101
4646,1.518571376800537,21056000,55112704,0.017614747979678214,0.7190094511495919
4647,1.6020513772964478,21056000,55112704,0.01795228401897475,0.7926425011104873
4648,1.5302635431289673,21056000,55112704,0.01819710701238364,0.6812009872143295
4649,1.528775691986084,21056000,55112704,0.018430185969918966,0.7230690814720985
4650,1.549637794494629,21056000,55112704,0.017719044990371913,0.7338492025711563
4651,1.557801365852356,21056000,55112704,0.017696962982881814,0.7224409602821622
4652,1.5852597951889038,21056000,55112704,0.017723703000228852,0.7066744554731295
4653,1.5598974227905273,21056000,55112704,0.01773013500496745,0.6940592644352381
4654,1.5532546043395996,21056000,55112704,0.017756244051270187,0.6957311317103767
4655,1.6141529083251953,21056000,55112704,0.018487104040104896,0.734291615102724
4656,1.56448495388031,21056000,55112704,0.01739644497865811,0.7420476457045302
4657,1.5188977718353271,21056000,55112704,0.017506863980088383,0.693462369706744
4658,1.5063655376434326,21056000,55112704,0.017589730967301875,0.7082594746631934
4659,1.4621293544769287,21056000,55112704,0.017405683000106364,0.737704550094324
4660,1.590509295463562,21056000,55112704,0.017544115020427853,0.7248055528365361
4661,1.5468980073928833,21056000,55112704,0.0174928680062294,0.7748660253489477
4662,1.593656301498413,21056000,55112704,0.01744171103928238,0.7651693496430347
4663,1.5517613887786865,21056000,55112704,0.018878192990086973,0.749522374579564
4664,1.5828717947006226,21056000,55112704,0.018270183994900435,0.7293978241546952
4665,1.509661316871643,21056000,55112704,0.017851052980404347,0.7485445040846909
4666,1.5638082027435303,21056000,55112704,0.0177913109655492,0.7996293270670526
4667,1.5181275606155396,21056000,55112704,0.017667445994447917,0.7127533409933419
4668,1.4599016904830933,21056000,55112704,0.01763422501971945,0.6383319804582267
4669,1.5559616088867188,21056000,55112704,0.017770712031051517,0.7563332978011452
4670,1.5164135694503784,21056000,55112704,0.018100443994626403,0.7491899735003358
4671,1.4402507543563843,21056000,55112704,0.017531130055431277,0.7411760074201058
4672,1.4994271993637085,21056000,55112704,0.01759981899522245,0.7323782164033816
4673,1.5178487300872803,21056000,55112704,0.017318107013124973,0.7102852021177819
4674,1.500340223312378,21056000,55112704,0.01791749900439754,0.7015641884540604
4675,1.5256500244140625,21056000,55112704,0.017578538972884417,0.8157048768619759
4676,1.5196619033813477,21056000,55112704,0.01737594697624445,0.6941554951845201
4677,1.5396215915679932,21056000,55112704,0.017755413020495325,0.7234781727127346
4678,1.5539518594741821,21056000,55112704,0.01741445902734995,0.689831849727402
4679,1.5363121032714844,21056000,55112704,0.017431872023735195,0.6883627469426478
4680,1.5523790121078491,21056000,55112704,0.01751145301386714,0.7692847983863326
4681,1.4754996299743652,21056000,55112704,0.01745345297968015,0.6588138211638419
4682,1.5704315900802612,21056000,55112704,0.017370596004184335,0.6976445593689505
4683,1.5194954872131348,21056000,55112704,0.01752605999354273,0.6801260548243416
4684,1.5320225954055786,21056000,55112704,0.01733326696557924,0.7206084453183499
4685,1.5448092222213745,21056000,55112704,0.017858939012512565,0.677060573087924
4686,1.4988398551940918,21056000,55112704,0.01744039898039773,0.7195558447406115
4687,1.5217760801315308,21056000,55112704,0.01739947102032602,0.6885743703254995
4688,1.4937316179275513,21056000,55112704,0.01746348198503256,0.668968001550498
4689,1.609682321548462,21056000,55112704,0.017324640008155257,0.7830046065262612
4690,1.5229390859603882,21056000,55112704,0.017433765984605998,0.8082399645256454
4691,1.5175807476043701,21056000,55112704,0.018729141040239483,0.7458396017709223
4692,1.5156596899032593,21056000,55112704,0.017815366038121283,0.7400764083697324
4693,1.5844358205795288,21056000,55112704,0.01760255399858579,0.7978885572038888
4694,1.5770492553710938,21056000,55112704,0.017575784004293382,0.795500812703062
4695,1.5570762157440186,21056000,55112704,0.017402708006557077,0.7260643582279361
4696,1.5443949699401855,21056000,55112704,0.017398619034793228,0.7365047616273254
4697,1.475913643836975,21056000,55112704,0.018135561025701463,0.7268777229182827
4698,1.5108236074447632,21056000,55112704,0.017796360014472157,0.724478733310616
4699,1.5644291639328003,21056000,55112704,0.017683977028355002,0.7711475467290464
4700,1.578040361404419,21056000,55112704,0.01925216696690768,0.8182447993459232
4701,1.5375607013702393,21056000,55112704,0.018348101002629846,0.6513361246800389
4702,1.5531957149505615,21056000,55112704,0.017798062006477267,0.7051099440400216
4703,1.5214707851409912,21056000,55112704,0.018003510020207614,0.7428418351577192
4704,1.5056376457214355,21056000,55112704,0.01768589101266116,0.729023688902415
4705,1.5642212629318237,21056000,55112704,0.018617890018504113,0.7315029401499885
4706,1.5067384243011475,21056000,55112704,0.01733097096439451,0.6980604236894996
4707,1.5668472051620483,21056000,55112704,0.01741308596683666,0.7455892389253416
4708,1.4860835075378418,21056000,55112704,0.01760036899941042,0.7086482035275848
4709,1.51057767868042,21056000,55112704,0.017456437984947115,0.7298263865246629
4710,1.5900309085845947,21056000,55112704,0.017642709019128233,0.7624788776999138
4711,1.5169346332550049,21056000,55112704,0.01745628798380494,0.6777394857784196
4712,1.5718826055526733,21056000,55112704,0.017499138950370252,0.7390673986751379
4713,1.593245029449463,21056000,55112704,0.01740008097840473,0.7527159287314155
4714,1.5132673978805542,21056000,55112704,0.01761808298761025,0.7257505842642635
4715,1.5507159233093262,21056000,55112704,0.01750752399675548,0.7126245007137311
4716,1.5802761316299438,21056000,55112704,0.017672866000793874,0.7369923149867168
4717,1.5186865329742432,21056000,55112704,0.017512823978904635,0.7172326269218379
4718,1.5405473709106445,21056000,55112704,0.017386025050655007,0.730034569928602
4719,1.4877327680587769,21056000,55112704,0.01763740897877142,0.7003243763623944
4720,1.4935706853866577,21056000,55112704,0.017972811998333782,0.6931657173216248
4721,1.5754235982894897,21056000,55112704,0.01750180299859494,0.7525159936878751
4722,1.5444858074188232,21056000,55112704,0.017513776023406535,0.6941275182689522
4723,1.5277903079986572,21056000,55112704,0.017404610000085086,0.7154112962858592
4724,1.551513910293579,21056000,55112704,0.017483509029261768,0.7016740507815845
4725,1.5735946893692017,21056000,55112704,0.017510340025182813,0.7545339510398313
4726,1.5005372762680054,21056000,55112704,0.01753227098379284,0.7122142178658211
4727,1.4717532396316528,21056000,55112704,0.017425859987270087,0.656475686377477
4728,1.5085716247558594,21056000,55112704,0.01906253001652658,0.7011904913593174
4729,1.5565308332443237,21056000,55112704,0.01765968097606674,0.6928386741160799
4730,1.558017611503601,21056000,55112704,0.017636718053836375,0.7051813152936929
4731,1.600276231765747,21056000,55112704,0.017565864021889865,0.7360535558269675
4732,1.5785701274871826,21056000,55112704,0.017453412001486868,0.7687524485440426
4733,1.5116735696792603,21056000,55112704,0.01764277898473665,0.6739707005772745
4734,1.475469946861267,21056000,55112704,0.020608786959201097,0.6667708303966622
4735,1.557152509689331,21056000,55112704,0.018912255007307976,0.6994664949777576
4736,1.5008409023284912,21056000,55112704,0.01762986497487873,0.6898801957918427
4737,1.5221607685089111,21056000,55112704,0.01759897597366944,0.7459626590805521
4738,1.5411567687988281,21056000,55112704,0.017502764996606857,0.7538255107944237
4739,1.5381728410720825,21056000,55112704,0.01757516199722886,0.7104322682746662
4740,1.6155507564544678,21056000,55112704,0.017447569989599288,0.7358602170830741
4741,1.5379493236541748,21056000,55112704,0.017546847986523062,0.7133300242814079
4742,1.6181447505950928,21056000,55112704,0.017546046990901232,0.7432800820256364
4743,1.5147582292556763,21056000,55112704,0.017445126024540514,0.7234906132922435
4744,1.5564725399017334,21056000,55112704,0.017656304989941418,0.7027121412785672
4745,1.4943499565124512,21056000,55112704,0.017524596012663096,0.708770358784354
4746,1.520987629890442,21056000,55112704,0.017358913959469646,0.7105309172832016
4747,1.5214146375656128,21056000,55112704,0.01786365598673001,0.6999219095381223
4748,1.5028473138809204,21056000,55112704,0.017462088027969003,0.6991078193446705
4749,1.4646520614624023,21056000,55112704,0.01748265599599108,0.6517349696917437
4750,1.5307024717330933,21056000,55112704,0.01825150800868869,0.7427241295210123
4751,1.5840482711791992,21056000,55112704,0.01750829501543194,0.7213184829822388
4752,1.4918699264526367,21056000,55112704,0.017539654043503106,0.690970964134799
4753,1.538926124572754,21056000,55112704,0.017562718014232814,0.7370423699735756
4754,1.5518707036972046,21056000,55112704,0.017373059992678463,0.7362300015561503
4755,1.5147219896316528,21056000,55112704,0.017906285997014493,0.6966357893445396
4756,1.4654316902160645,21056000,55112704,0.01833591697504744,0.684827036540657
4757,1.5432569980621338,21056000,55112704,0.017694637994281948,0.7232047111427257
4758,1.516014814376831,21056000,55112704,0.017759439011570066,0.7197440166154224
4759,1.5005402565002441,21056000,55112704,0.01745092700002715,0.6778103026438701
4760,1.47245192527771,21056000,55112704,0.01746014499804005,0.6757101116328742
4761,1.511370301246643,21056000,55112704,0.017559250991325825,0.7916375946977839
4762,1.5291227102279663,21056000,55112704,0.017538671963848174,0.6803576614216434
4763,1.4910298585891724,21056000,55112704,0.01752556796418503,0.6922027955367056
4764,1.497963547706604,21056000,55112704,0.017448031983803958,0.6668012168614647
4765,1.536285161972046,21056000,55112704,0.018181265040766448,0.7160508631573533
4766,1.503509521484375,21056000,55112704,0.017593916971236467,0.6469895190614497
4767,1.4497219324111938,21056000,55112704,0.018390550976619124,0.6904853402905383
4768,1.550302505493164,21056000,55112704,0.017905604967381805,0.7336903234795186
4769,1.512087106704712,21056000,55112704,0.017929659981746227,0.7098231708713296
4770,1.5256283283233643,21056000,55112704,0.01763645699247718,0.7231995573512715
4771,1.5836631059646606,21056000,55112704,0.017469391983468086,0.7287179015645457
4772,1.526432752609253,21056000,55112704,0.017780429974664003,0.7833624774278255
4773,1.531027913093567,21056000,55112704,0.017222715949174017,0.8037684854261905
4774,1.586525559425354,21056000,55112704,0.017565522983204573,0.7123126708258156
4775,1.5945791006088257,21056000,55112704,0.017684858990833163,0.6987317073285265
4776,1.5022374391555786,21056000,55112704,0.017286487040109932,0.6724577769352929
4777,1.6128255128860474,21056000,55112704,0.01757765602087602,0.7396619123964951
4778,1.5354886054992676,21056000,55112704,0.017562839027959853,0.7497924303020798
4779,1.5451939105987549,21056000,55112704,0.017294462013524026,0.7323817973471832
4780,1.5449680089950562,21056000,55112704,0.017962371988687664,0.742262140118896
4781,1.552098035812378,21056000,55112704,0.01771207997808233,0.7483374648852158
4782,1.5248322486877441,21056000,55112704,0.01739770598942414,0.7084865303312412
4783,1.4849798679351807,21056000,55112704,0.01806473603937775,0.6780471475140474
4784,1.5205981731414795,21056000,55112704,0.018174493045080453,0.6634563980815268
4785,1.563498854637146,21056000,55112704,0.01764011400518939,0.7033634031683513
4786,1.4757148027420044,21056000,55112704,0.017860049032606184,0.6908215018865336
4787,1.4742344617843628,21056000,55112704,0.017411753011401743,0.7525056370186881
4788,1.5459742546081543,21056000,55112704,0.01756228698650375,0.7663923308500701
4789,1.489302396774292,21056000,55112704,0.017598956008441746,0.6557876449847663
4790,1.4928877353668213,21056000,55112704,0.0174480410059914,0.7505479924035258
4791,1.5167592763900757,21056000,55112704,0.017469591984990984,0.7025675856779584
4792,1.5504833459854126,21056000,55112704,0.01761813199846074,0.7583589319365197
4793,1.5194121599197388,21056000,55112704,0.017662886006291956,0.6860822901801314
4794,1.4665840864181519,21056000,55112704,0.017564370995387435,0.7009218076323656
4795,1.5004558563232422,21056000,55112704,0.01900401897728443,0.7043136559096062
4796,1.4872937202453613,21056000,55112704,0.018330366001464427,0.6802118613716163
4797,1.5088609457015991,21056000,55112704,0.018355112988501787,0.7138836440299218
4798,1.5661898851394653,21056000,55112704,0.017862394044641405,0.7783723543743561
4799,1.5214512348175049,21056000,55112704,0.018158191989641637,0.728118823671723
4800,1.5510399341583252,21056000,55112704,0.01840074796928093,0.7267641101000919
4801,1.5401947498321533,21056000,55112704,0.017805384995881468,0.6991959490956294
4802,1.49448823928833,21056000,55112704,0.017457379028201103,0.7221931729442637
4803,1.554489254951477,21056000,55112704,0.01781376003054902,0.7283213424782028
4804,1.4853895902633667,21056000,55112704,0.017864677007310092,0.6433119345702942
4805,1.5939427614212036,21056000,55112704,0.018306130019482225,0.7429864593377875
4806,1.5370242595672607,21056000,55112704,0.017557317041791975,0.7004626970380812
4807,1.547512412071228,21056000,55112704,0.01754491397878155,0.7348006293450687
4808,1.5223233699798584,21056000,55112704,0.017422322009224445,0.7040218239457953
4809,1.526509165763855,21056000,55112704,0.017490752041339874,0.6854825005558454
4810,1.6032025814056396,21056000,55112704,0.01741629099706188,0.7395958824416632
4811,1.541353464126587,21056000,55112704,0.017364642990287393,0.6917183105120992
4812,1.547613263130188,21056000,55112704,0.017520087014418095,0.7184073376107916
4813,1.566468596458435,21056000,55112704,0.017432652006391436,0.7064480967534118
4814,1.5170938968658447,21056000,55112704,0.017753736989106983,0.7043069697841833
4815,1.5713984966278076,21056000,55112704,0.017618843005038798,0.6842078699135562
4816,1.4725279808044434,21056000,55112704,0.01725393399829045,0.6679818565428438
4817,1.5120424032211304,21056000,55112704,0.017405008955392987,0.6996182181659334
4818,1.4853209257125854,21056000,55112704,0.017428644001483917,0.7034447435693092
4819,1.5821011066436768,21056000,55112704,0.017377367010340095,0.7027112982206785
4820,1.5128167867660522,21056000,55112704,0.017557447019498795,0.6970563015325671
4821,1.5597909688949585,21056000,55112704,0.020878735987935215,0.7716114467822889
4822,1.5610703229904175,21056000,55112704,0.018007116043008864,0.71338705378563
4823,1.5410065650939941,21056000,55112704,0.017661993973888457,0.7100916545089438
4824,1.5410804748535156,21056000,55112704,0.01757093204651028,0.692512445521586
4825,1.5135430097579956,21056000,55112704,0.017471234023105353,0.6851695134007229
4826,1.5851949453353882,21056000,55112704,0.01753159798681736,0.6888925932234227
4827,1.5329563617706299,21056000,55112704,0.017383428988978267,0.7372200625806644
4828,1.5592269897460938,21056000,55112704,0.01751368399709463,0.6702647808571003
4829,1.530940294265747,21056000,55112704,0.017651383997872472,0.694515337848452
4830,1.5661288499832153,21056000,55112704,0.018218474986497313,0.6583469685634373
4831,1.5688279867172241,21056000,55112704,0.0175105890375562,0.7371065791422178
4832,1.5555416345596313,21056000,55112704,0.017632218019571155,0.7334910321828394
4833,1.6189831495285034,21056000,55112704,0.017562095948960632,0.7073086713514807
4834,1.54297935962677,21056000,55112704,0.017426860984414816,0.7057987034553905
4835,1.5304386615753174,21056000,55112704,0.0178637650096789,0.7214625827654992
4836,1.5020554065704346,21056000,55112704,0.017392164969351143,0.6744297735863148
4837,1.4826828241348267,21056000,55112704,0.01749166299123317,0.6451281374319876
4838,1.4933006763458252,21056000,55112704,0.020270647015422583,0.679032090408969
4839,1.5414018630981445,21056000,55112704,0.017111966968514025,0.6856360799992501
4840,1.5342038869857788,21056000,55112704,0.017146811995189637,0.6711876198154518
4841,1.5332612991333008,21056000,55112704,0.017003612010739744,0.7252766945041794
4842,1.562267541885376,21056000,55112704,0.016875390021596104,0.7498994317281445
4843,1.5069223642349243,21056000,55112704,0.017000906984321773,0.6828268584677806
4844,1.5435781478881836,21056000,55112704,0.016602304007392377,0.6961659393672777
4845,1.4894949197769165,21056000,55112704,0.017466905992478132,0.6841330672591877
4846,1.4230762720108032,21056000,55112704,0.016908471996430308,0.6557333209212167
4847,1.519960641860962,21056000,55112704,0.016909314028453082,0.7117257780506441
4848,1.5517754554748535,21056000,55112704,0.016774479998275638,0.8709399428020403
4849,1.5426995754241943,21056000,55112704,0.022019869997166097,0.7093082440999795
4850,1.5222445726394653,21056000,55112704,0.017109791981056333,0.7070094947417681
4851,1.5431504249572754,21056000,55112704,0.01691399299306795,0.7315684425794322
4852,1.5575724840164185,21056000,55112704,0.01713595201727003,0.7559030455476393
4853,1.4834460020065308,21056000,55112704,0.01650218601571396,0.6965662065662178
4854,1.5361613035202026,21056000,55112704,0.016860091011039913,0.7127646405074094
4855,1.5257182121276855,21056000,55112704,0.01676108397077769,0.7390449236283021
4856,1.5544859170913696,21056000,55112704,0.016822450037579983,0.7186630063547333
4857,1.4805552959442139,21056000,55112704,0.018794971983879805,0.7524784698869557
4858,1.5082290172576904,21056000,55112704,0.018934024963527918,0.6570653934195474
4859,1.5361659526824951,21056000,55112704,0.01720371999545023,0.7301103478769743
4860,1.422522783279419,21056000,55112704,0.017294199962634593,0.7245164945867003
4861,1.526764988899231,21056000,55112704,0.01666696701431647,0.7152084186542087
4862,1.5164283514022827,21056000,55112704,0.016742759966291487,0.6781954173083192
4863,1.4785219430923462,21056000,55112704,0.01686805603094399,0.6862245258372004
4864,1.4627952575683594,21056000,55112704,0.016579390969127417,0.6660754061526488
4865,1.581313133239746,21056000,55112704,0.016649633995257318,0.7670744379619805
4866,1.516397476196289,21056000,55112704,0.016898523026611656,0.7450576899169005
4867,1.518206000328064,21056000,55112704,0.01655409298837185,0.6959241947750319
4868,1.5345311164855957,21056000,55112704,0.01672429498285055,0.7035867576681208
4869,1.5214027166366577,21056000,55112704,0.016866602993104607,0.698503888667513
4870,1.5192561149597168,21056000,55112704,0.017140830983407795,0.6869730736064366
4871,1.4852542877197266,21056000,55112704,0.016690249962266535,0.7322269068166071
4872,1.5094832181930542,21056000,55112704,0.01727993303211406,0.7454429359507049
4873,1.558040976524353,21056000,55112704,0.0173860130016692,0.7537896747065459
4874,1.5323805809020996,21056000,55112704,0.01697120105382055,0.7008425564224766
4875,1.5240283012390137,21056000,55112704,0.017778353998437524,0.7038253189247363
4876,1.5865843296051025,21056000,55112704,0.016676885017659515,0.8186526075684128
4877,1.5087778568267822,21056000,55112704,0.017037175013683736,0.7320956208519869
4878,1.6051875352859497,21056000,55112704,0.01918610103894025,0.796135834066666
4879,1.529026746749878,21056000,55112704,0.0169615019694902,0.7107331037198853
4880,1.5614678859710693,21056000,55112704,0.01697302400134504,0.695076262401935
4881,1.5564277172088623,21056000,55112704,0.01808243797859177,0.7108579772302134
4882,1.5604745149612427,21056000,55112704,0.018761459039524198,0.7585134018182701
4883,1.525395154953003,21056000,55112704,0.016868005972355604,0.7538167602191077
4884,1.5505568981170654,21056000,55112704,0.016595982015132904,0.7046261857354947
4885,1.516734004020691,21056000,55112704,0.016775621043052524,0.7406323359423701
4886,1.5706907510757446,21056000,55112704,0.01702924002893269,0.7714646136497988
4887,1.48371160030365,21056000,55112704,0.016784848005045205,0.6829081245026287
4888,1.514184594154358,21056000,55112704,0.017035972967278212,0.6774153540873951
4889,1.5926913022994995,21056000,55112704,0.01691435294924304,0.7490662904060951
4890,1.5599032640457153,21056000,55112704,0.01810516102705151,0.7512091620216244
4891,1.4688888788223267,21056000,55112704,0.016886400000657886,0.7652050218111864
4892,1.614251732826233,21056000,55112704,0.01685161399655044,0.7288712094928578
4893,1.511048436164856,21056000,55112704,0.016522413003258407,0.7354057680818954
4894,1.5127089023590088,21056000,55112704,0.0167018820066005,0.6986305275689942
4895,1.5588809251785278,21056000,55112704,0.01685220596846193,0.7281670925355738
4896,1.4877969026565552,21056000,55112704,0.01734341203700751,0.6983577286640814
4897,1.475252389907837,21056000,55112704,0.017073713999707252,0.7208288857945344
4898,1.5352039337158203,21056000,55112704,0.01774377899710089,0.7341884757913393
4899,1.5624793767929077,21056000,55112704,0.01673744904110208,0.7492720059635615
4900,1.5766723155975342,21056000,55112704,0.018262516998220235,0.7504229193621753
4901,1.4539858102798462,21056000,55112704,0.0169405720080249,0.7176962739612344
4902,1.5464471578598022,21056000,55112704,0.01670586905675009,0.7068049292482889
4903,1.52687668800354,21056000,55112704,0.016824393009301275,0.6879844887248119
4904,1.500331163406372,21056000,55112704,0.0166585500119254,0.7194084481012513
4905,1.5543365478515625,21056000,55112704,0.016790498979389668,0.722061564796713
4906,1.4977363348007202,21056000,55112704,0.01698700903216377,0.6876883235533708
4907,1.5298455953598022,21056000,55112704,0.016649612982291728,0.7049689467498076
4908,1.6134073734283447,21056000,55112704,0.016838830022607,0.7548182119056809
4909,1.584992527961731,21056000,55112704,0.016807230014819652,0.763433576470358
4910,1.5352561473846436,21056000,55112704,0.017277718987315893,0.7643097028649897
4911,1.5278310775756836,21056000,55112704,0.01673682703403756,0.7552708703167853
4912,1.5554977655410767,21056000,55112704,0.020806759013794363,0.697110992254527
4913,1.5336534976959229,21056000,55112704,0.017551665019709617,0.7474014635510906
4914,1.588472843170166,21056000,55112704,0.017074754985515028,0.8299572887543331
4915,1.445939064025879,21056000,55112704,0.016789366025477648,0.6892853033797814
4916,1.542593240737915,21056000,55112704,0.016708042996469885,0.6968487514925098
4917,1.526136875152588,21056000,55112704,0.019309171999339014,0.7071421982792138
4918,1.4741088151931763,21056000,55112704,0.01685025100596249,0.6974795864853823
4919,1.564500331878662,21056000,55112704,0.017660290002822876,0.7834785915116204
4920,1.5047621726989746,21056000,55112704,0.021205791039392352,0.6957920891026448
4921,1.527665376663208,21056000,55112704,0.01827024098020047,0.7758263244690554
4922,1.535260558128357,21056000,55112704,0.017768223013263196,0.683328764217161
4923,1.4834561347961426,21056000,55112704,0.017695055983494967,0.7198996658861379
4924,1.5208759307861328,21056000,55112704,0.017643508967012167,0.7142539192369873
4925,1.5237077474594116,21056000,55112704,0.018240123987197876,0.710341879274637
4926,1.5468082427978516,21056000,55112704,0.017569709045346826,0.7386355901500915
4927,1.5058757066726685,21056000,55112704,0.017613841977436095,0.6908968151853054
4928,1.4853516817092896,21056000,55112704,0.01795024803141132,0.7022899887941242
4929,1.5632290840148926,21056000,55112704,0.017566442023962736,0.6992080936322451
4930,1.488818883895874,21056000,55112704,0.017556122969835997,0.6844429535942744
4931,1.5577868223190308,21056000,55112704,0.017621156002860516,0.7022952451071472
4932,1.5301904678344727,21056000,55112704,0.01743446395266801,0.6950587606474908
4933,1.5365967750549316,21056000,55112704,0.01770608697552234,0.7397554123881883
4934,1.4987125396728516,21056000,55112704,0.017570640018675476,0.6787390260927161
4935,1.5885672569274902,21056000,55112704,0.017429705010727048,0.7422233384272887
4936,1.5282704830169678,21056000,55112704,0.017720494011882693,0.740159768171285
4937,1.5386264324188232,21056000,55112704,0.01738216500962153,0.736425335986926
4938,1.4974383115768433,21056000,55112704,0.017426789039745927,0.713805185229065
4939,1.5576733350753784,21056000,55112704,0.01772571395849809,0.7172447575951967
4940,1.4916415214538574,21056000,55112704,0.018224884988740087,0.7231827337595015
4941,1.5157127380371094,21056000,55112704,0.017451035033445805,0.7319661559546937
4942,1.4940268993377686,21056000,55112704,0.01784509903518483,0.6680813291120498
4943,1.527061104774475,21056000,55112704,0.01736704702489078,0.6947883697781405
4944,1.5454432964324951,21056000,55112704,0.01811178302159533,0.6836067288573742
4945,1.452807903289795,21056000,55112704,0.018753813987132162,0.6877576818359683
4946,1.5239921808242798,21056000,55112704,0.018528317974414676,0.7064047959026328
4947,1.4431828260421753,21056000,55112704,0.018116080027539283,0.6600629918358918
4948,1.482052206993103,21056000,55112704,0.0175884950440377,0.6639714395208542
4949,1.5709220170974731,21056000,55112704,0.017570972035173327,0.7357850941721209
4950,1.5173524618148804,21056000,55112704,0.017782990995328873,0.6957799943032653
4951,1.486616849899292,21056000,55112704,0.01779133704258129,0.7097075483477897
4952,1.5676417350769043,21056000,55112704,0.017563126981258392,0.7152919588047307
4953,1.4490677118301392,21056000,55112704,0.017733107029926032,0.6458428277748596
4954,1.5414602756500244,21056000,55112704,0.017429674975574017,0.6857049052752605
4955,1.591568112373352,21056000,55112704,0.018388784024864435,0.7487400758530717
4956,1.5365526676177979,21056000,55112704,0.017638348042964935,0.6683768204884792
4957,1.5953818559646606,21056000,55112704,0.01754812797298655,0.7178486697660118
4958,1.5370627641677856,21056000,55112704,0.017793953011278063,0.6671265857496304
4959,1.4800053834915161,21056000,55112704,0.01743177801836282,0.6685938953407661
4960,1.5447897911071777,21056000,55112704,0.017466104007326066,0.7334323630977763
4961,1.4916213750839233,21056000,55112704,0.017568968003615737,0.6915255398238823
4962,1.4127601385116577,21056000,55112704,0.01752824103459716,0.7237693803209331
4963,1.4925920963287354,21056000,55112704,0.017493253981228918,0.6976195783484223
4964,1.514500379562378,21056000,55112704,0.01757439796347171,0.6906810971302227
4965,1.485231876373291,21056000,55112704,0.017507411015685648,0.7092338728389495
4966,1.468597173690796,21056000,55112704,0.017412973975297064,0.6926943011401243
4967,1.5145494937896729,21056000,55112704,0.017586600966751575,0.7459449878262376
4968,1.5355747938156128,21056000,55112704,0.017334976000711322,0.6824897544887804
4969,1.5367003679275513,21056000,55112704,0.017458849994000047,0.7404236121379155
4970,1.5115129947662354,21056000,55112704,0.01816778804641217,0.6873396801687269
4971,1.5019899606704712,21056000,55112704,0.017472414998337626,0.6868385808502883
4972,1.5177592039108276,21056000,55112704,0.01854846702190116,0.7048370862149476
4973,1.4818744659423828,21056000,55112704,0.01805983402300626,0.6982335259978437
4974,1.5462353229522705,21056000,55112704,0.017630934016779065,0.6913694044186429
4975,1.564492106437683,21056000,55112704,0.017830541008152068,0.7393533784610231
4976,1.535691261291504,21056000,55112704,0.0175053880084306,0.727914379796759
4977,1.5314736366271973,21056000,55112704,0.01757033000467345,0.7448505425850501
4978,1.5064336061477661,21056000,55112704,0.01806845999090001,0.6825951648806399
4979,1.5078963041305542,21056000,55112704,0.017967139021493495,0.7415371848011081
4980,1.489869475364685,21056000,55112704,0.017567074042744935,0.6952931246129265
4981,1.5139639377593994,21056000,55112704,0.01770753803430125,0.706998521095615
4982,1.5240224599838257,21056000,55112704,0.01755480997962877,0.6958141519256295
4983,1.5370372533798218,21056000,55112704,0.017651283007580787,0.7140880942793425
4984,1.5561103820800781,21056000,55112704,0.018136578029952943,0.6973387284872712
4985,1.5066940784454346,21056000,55112704,0.018942298949696124,0.7311030850869057
4986,1.5435817241668701,21056000,55112704,0.017553106998093426,0.7285878207446521
4987,1.53494131565094,21056000,55112704,0.01735919201746583,0.7067231527666412
4988,1.4741162061691284,21056000,55112704,0.017572683980688453,0.688284991578908
4989,1.5232234001159668,21056000,55112704,0.01756028999807313,0.6842670504180696
4990,1.5250723361968994,21056000,55112704,0.017566282011102885,0.694535557135231
4991,1.492450475692749,21056000,55112704,0.01777265197597444,0.7496236490097231
4992,1.5321160554885864,21056000,55112704,0.01772235700627789,0.6894478095231918
4993,1.4856053590774536,21056000,55112704,0.017524864000733942,0.7277870875814253
4994,1.582537055015564,21056000,55112704,0.01772719598375261,0.7741541130947055
4995,1.5872362852096558,21056000,55112704,0.01761379203526303,0.7531891130593947
4996,1.4828259944915771,21056000,55112704,0.017578655970282853,0.6997496898320221
4997,1.5410513877868652,21056000,55112704,0.01759846298955381,0.7645936768856846
4998,1.5387108325958252,21056000,55112704,0.01741592795588076,0.7227338439130775
4999,1.503961205482483,21056000,55112704,0.018622415023855865,0.7647130413767194
